2026-07-10 12:00:26,378 [INFO] MediaDownloaderBot: ffmpeg found at: C:\ffmpeg-2026-07-09-git-8de8405796-essentials_build\bin\ffmpeg.EXE
2026-07-10 12:00:28,460 [INFO] MediaDownloaderBot: Download directory: C:\Users\Asus/downloads
2026-07-10 12:00:28,460 [INFO] MediaDownloaderBot: Cookie file: cookies.txt (found)
2026-07-10 12:00:28,461 [INFO] MediaDownloaderBot: FFmpeg: Available
2026-07-10 12:00:28,462 [INFO] MediaDownloaderBot: Max file size: 50 MB
2026-07-10 12:00:28,462 [INFO] MediaDownloaderBot: Rate limit: 5 req/30s
2026-07-10 12:00:28,463 [INFO] MediaDownloaderBot: Bot is starting...
2026-07-10 12:00:30,516 [ERROR] TeleBot: Exception traceback:
Traceback (most recent call last):
  File "C:\Users\Asus\AppData\Local\Programs\Python\Python314\Mega Downloader\venv\Lib\site-packages\yt_dlp\networking\_requests.py", line 379, in _new_conn
    return create_connection(
           ^^^^^^^^^^^^^^^^^^
  File "C:\Users\Asus\AppData\Local\Programs\Python\Python314\Mega Downloader\venv\Lib\site-packages\yt_dlp\networking\_helper.py", line 269, in create_connection
    raise err
  File "C:\Users\Asus\AppData\Local\Programs\Python\Python314\Mega Downloader\venv\Lib\site-packages\yt_dlp\networking\_helper.py", line 260, in create_connection
    sock = _create_socket_func(ip_addr, timeout, source_address)
           ^^^^^^^^^^^^^^^^^^^^^^^^^^^^^^^^^^^^^^^^^^^^^^^^^^^^^
  File "C:\Users\Asus\AppData\Local\Programs\Python\Python314\Mega Downloader\venv\Lib\site-packages\yt_dlp\networking\_helper.py", line 228, in create_socks_proxy_socket
    sock.connect(dest_addr)
  File "C:\Users\Asus\AppData\Local\Programs\Python\Python314\Mega Downloader\venv\Lib\site-packages\yt_dlp\socks.py", line 271, in connect
    self._make_proxy(socket.socket.connect, address)
  File "C:\Users\Asus\AppData\Local\Programs\Python\Python314\Mega Downloader\venv\Lib\site-packages\yt_dlp\socks.py", line 259, in _make_proxy
    result = connect_func(self, (self._proxy.host, self._proxy.port))
             ^^^^^^^^^^^^^^^^^^^^^^^^^^^^^^^^^^^^^^^^^^^^^^^^^^^^^^^^
ConnectionRefusedError: [WinError 10061] No connection could be made because the target machine actively refused it

The above exception was the direct cause of the following exception:

Traceback (most recent call last):
  File "C:\Users\Asus\AppData\Local\Programs\Python\Python314\Mega Downloader\venv\Lib\site-packages\urllib3\connectionpool.py", line 788, in urlopen
    response = self._make_request(
               ^^^^^^^^^^^^^^^^^^^
  File "C:\Users\Asus\AppData\Local\Programs\Python\Python314\Mega Downloader\venv\Lib\site-packages\urllib3\connectionpool.py", line 488, in _make_request
    raise new_e
  File "C:\Users\Asus\AppData\Local\Programs\Python\Python314\Mega Downloader\venv\Lib\site-packages\urllib3\connectionpool.py", line 464, in _make_request
    self._validate_conn(conn)
  File "C:\Users\Asus\AppData\Local\Programs\Python\Python314\Mega Downloader\venv\Lib\site-packages\urllib3\connectionpool.py", line 1106, in _validate_conn
    conn.connect()
  File "C:\Users\Asus\AppData\Local\Programs\Python\Python314\Mega Downloader\venv\Lib\site-packages\urllib3\connection.py", line 759, in connect
    self.sock = sock = self._new_conn()
                       ^^^^^^^^^^^^^^^^
  File "C:\Users\Asus\AppData\Local\Programs\Python\Python314\Mega Downloader\venv\Lib\site-packages\yt_dlp\networking\_requests.py", line 391, in _new_conn
    raise urllib3.exceptions.NewConnectionError(
urllib3.exceptions.NewConnectionError: SocksHTTPSConnection(host='api.telegram.org', port=443): Failed to establish a new connection: [WinError 10061] No connection could be made because the target machine actively refused it

The above exception was the direct cause of the following exception:

Traceback (most recent call last):
  File "C:\Users\Asus\AppData\Local\Programs\Python\Python314\Mega Downloader\venv\Lib\site-packages\requests\adapters.py", line 696, in send
    resp = conn.urlopen(
           ^^^^^^^^^^^^^
  File "C:\Users\Asus\AppData\Local\Programs\Python\Python314\Mega Downloader\venv\Lib\site-packages\urllib3\connectionpool.py", line 842, in urlopen
    retries = retries.increment(
              ^^^^^^^^^^^^^^^^^^
  File "C:\Users\Asus\AppData\Local\Programs\Python\Python314\Mega Downloader\venv\Lib\site-packages\urllib3\util\retry.py", line 543, in increment
    raise MaxRetryError(_pool, url, reason) from reason  # type: ignore[arg-type]
    ^^^^^^^^^^^^^^^^^^^^^^^^^^^^^^^^^^^^^^^^^^^^^^^^^^^
urllib3.exceptions.MaxRetryError: SocksHTTPSConnectionPool(host='api.telegram.org', port=443): Max retries exceeded with url: /bot8893611617:***********************************/getMe (Caused by NewConnectionError("SocksHTTPSConnection(host='api.telegram.org', port=443): Failed to establish a new connection: [WinError 10061] No connection could be made because the target machine actively refused it"))

During handling of the above exception, another exception occurred:

Traceback (most recent call last):
  File "C:\Users\Asus\AppData\Local\Programs\Python\Python314\Mega Downloader\venv\Lib\site-packages\telebot\__init__.py", line 1136, in infinity_polling
    self.polling(non_stop=True, timeout=timeout, long_polling_timeout=long_polling_timeout,
  File "C:\Users\Asus\AppData\Local\Programs\Python\Python314\Mega Downloader\venv\Lib\site-packages\telebot\__init__.py", line 1221, in polling
    logger.info('Starting your bot with username: [@%s]', self.user.username)
                                                          ^^^^^^^^^
  File "C:\Users\Asus\AppData\Local\Programs\Python\Python314\Mega Downloader\venv\Lib\site-packages\telebot\__init__.py", line 308, in user
    self._user = self.get_me()
                 ^^^^^^^^^^^^^
  File "C:\Users\Asus\AppData\Local\Programs\Python\Python314\Mega Downloader\venv\Lib\site-packages\telebot\__init__.py", line 1408, in get_me
    apihelper.get_me(self.token)
  File "C:\Users\Asus\AppData\Local\Programs\Python\Python314\Mega Downloader\venv\Lib\site-packages\telebot\apihelper.py", line 204, in get_me
    return _make_request(token, method_url)
           ^^^^^^^^^^^^^^^^^^^^^^^^^^^^^^^^
  File "C:\Users\Asus\AppData\Local\Programs\Python\Python314\Mega Downloader\venv\Lib\site-packages\telebot\apihelper.py", line 162, in _make_request
    result = _get_req_session().request(
             ^^^^^^^^^^^^^^^^^^^^^^^^^^^
  File "C:\Users\Asus\AppData\Local\Programs\Python\Python314\Mega Downloader\venv\Lib\site-packages\requests\sessions.py", line 651, in request
    resp = self.send(prep, **send_kwargs)
           ^^^^^^^^^^^^^^^^^^^^^^^^^^^^^^
  File "C:\Users\Asus\AppData\Local\Programs\Python\Python314\Mega Downloader\venv\Lib\site-packages\requests\sessions.py", line 784, in send
    r = adapter.send(request, **kwargs)
        ^^^^^^^^^^^^^^^^^^^^^^^^^^^^^^^
  File "C:\Users\Asus\AppData\Local\Programs\Python\Python314\Mega Downloader\venv\Lib\site-packages\requests\adapters.py", line 729, in send
    raise ConnectionError(e, request=request)
requests.exceptions.ConnectionError: SocksHTTPSConnectionPool(host='api.telegram.org', port=443): Max retries exceeded with url: /bot8893611617:***********************************/getMe (Caused by NewConnectionError("SocksHTTPSConnection(host='api.telegram.org', port=443): Failed to establish a new connection: [WinError 10061] No connection could be made because the target machine actively refused it"))

2026-07-10 12:00:35,595 [ERROR] TeleBot: Exception traceback:
Traceback (most recent call last):
  File "C:\Users\Asus\AppData\Local\Programs\Python\Python314\Mega Downloader\venv\Lib\site-packages\yt_dlp\networking\_requests.py", line 379, in _new_conn
    return create_connection(
           ^^^^^^^^^^^^^^^^^^
  File "C:\Users\Asus\AppData\Local\Programs\Python\Python314\Mega Downloader\venv\Lib\site-packages\yt_dlp\networking\_helper.py", line 269, in create_connection
    raise err
  File "C:\Users\Asus\AppData\Local\Programs\Python\Python314\Mega Downloader\venv\Lib\site-packages\yt_dlp\networking\_helper.py", line 260, in create_connection
    sock = _create_socket_func(ip_addr, timeout, source_address)
           ^^^^^^^^^^^^^^^^^^^^^^^^^^^^^^^^^^^^^^^^^^^^^^^^^^^^^
  File "C:\Users\Asus\AppData\Local\Programs\Python\Python314\Mega Downloader\venv\Lib\site-packages\yt_dlp\networking\_helper.py", line 228, in create_socks_proxy_socket
    sock.connect(dest_addr)
  File "C:\Users\Asus\AppData\Local\Programs\Python\Python314\Mega Downloader\venv\Lib\site-packages\yt_dlp\socks.py", line 271, in connect
    self._make_proxy(socket.socket.connect, address)
  File "C:\Users\Asus\AppData\Local\Programs\Python\Python314\Mega Downloader\venv\Lib\site-packages\yt_dlp\socks.py", line 259, in _make_proxy
    result = connect_func(self, (self._proxy.host, self._proxy.port))
             ^^^^^^^^^^^^^^^^^^^^^^^^^^^^^^^^^^^^^^^^^^^^^^^^^^^^^^^^
ConnectionRefusedError: [WinError 10061] No connection could be made because the target machine actively refused it

The above exception was the direct cause of the following exception:

Traceback (most recent call last):
  File "C:\Users\Asus\AppData\Local\Programs\Python\Python314\Mega Downloader\venv\Lib\site-packages\urllib3\connectionpool.py", line 788, in urlopen
    response = self._make_request(
               ^^^^^^^^^^^^^^^^^^^
  File "C:\Users\Asus\AppData\Local\Programs\Python\Python314\Mega Downloader\venv\Lib\site-packages\urllib3\connectionpool.py", line 488, in _make_request
    raise new_e
  File "C:\Users\Asus\AppData\Local\Programs\Python\Python314\Mega Downloader\venv\Lib\site-packages\urllib3\connectionpool.py", line 464, in _make_request
    self._validate_conn(conn)
  File "C:\Users\Asus\AppData\Local\Programs\Python\Python314\Mega Downloader\venv\Lib\site-packages\urllib3\connectionpool.py", line 1106, in _validate_conn
    conn.connect()
  File "C:\Users\Asus\AppData\Local\Programs\Python\Python314\Mega Downloader\venv\Lib\site-packages\urllib3\connection.py", line 759, in connect
    self.sock = sock = self._new_conn()
                       ^^^^^^^^^^^^^^^^
  File "C:\Users\Asus\AppData\Local\Programs\Python\Python314\Mega Downloader\venv\Lib\site-packages\yt_dlp\networking\_requests.py", line 391, in _new_conn
    raise urllib3.exceptions.NewConnectionError(
urllib3.exceptions.NewConnectionError: SocksHTTPSConnection(host='api.telegram.org', port=443): Failed to establish a new connection: [WinError 10061] No connection could be made because the target machine actively refused it

The above exception was the direct cause of the following exception:

Traceback (most recent call last):
  File "C:\Users\Asus\AppData\Local\Programs\Python\Python314\Mega Downloader\venv\Lib\site-packages\requests\adapters.py", line 696, in send
    resp = conn.urlopen(
           ^^^^^^^^^^^^^
  File "C:\Users\Asus\AppData\Local\Programs\Python\Python314\Mega Downloader\venv\Lib\site-packages\urllib3\connectionpool.py", line 842, in urlopen
    retries = retries.increment(
              ^^^^^^^^^^^^^^^^^^
  File "C:\Users\Asus\AppData\Local\Programs\Python\Python314\Mega Downloader\venv\Lib\site-packages\urllib3\util\retry.py", line 543, in increment
    raise MaxRetryError(_pool, url, reason) from reason  # type: ignore[arg-type]
    ^^^^^^^^^^^^^^^^^^^^^^^^^^^^^^^^^^^^^^^^^^^^^^^^^^^
urllib3.exceptions.MaxRetryError: SocksHTTPSConnectionPool(host='api.telegram.org', port=443): Max retries exceeded with url: /bot8893611617:***********************************/getMe (Caused by NewConnectionError("SocksHTTPSConnection(host='api.telegram.org', port=443): Failed to establish a new connection: [WinError 10061] No connection could be made because the target machine actively refused it"))

During handling of the above exception, another exception occurred:

Traceback (most recent call last):
  File "C:\Users\Asus\AppData\Local\Programs\Python\Python314\Mega Downloader\venv\Lib\site-packages\telebot\__init__.py", line 1136, in infinity_polling
    self.polling(non_stop=True, timeout=timeout, long_polling_timeout=long_polling_timeout,
  File "C:\Users\Asus\AppData\Local\Programs\Python\Python314\Mega Downloader\venv\Lib\site-packages\telebot\__init__.py", line 1221, in polling
    logger.info('Starting your bot with username: [@%s]', self.user.username)
                                                          ^^^^^^^^^
  File "C:\Users\Asus\AppData\Local\Programs\Python\Python314\Mega Downloader\venv\Lib\site-packages\telebot\__init__.py", line 308, in user
    self._user = self.get_me()
                 ^^^^^^^^^^^^^
  File "C:\Users\Asus\AppData\Local\Programs\Python\Python314\Mega Downloader\venv\Lib\site-packages\telebot\__init__.py", line 1408, in get_me
    apihelper.get_me(self.token)
  File "C:\Users\Asus\AppData\Local\Programs\Python\Python314\Mega Downloader\venv\Lib\site-packages\telebot\apihelper.py", line 204, in get_me
    return _make_request(token, method_url)
           ^^^^^^^^^^^^^^^^^^^^^^^^^^^^^^^^
  File "C:\Users\Asus\AppData\Local\Programs\Python\Python314\Mega Downloader\venv\Lib\site-packages\telebot\apihelper.py", line 162, in _make_request
    result = _get_req_session().request(
             ^^^^^^^^^^^^^^^^^^^^^^^^^^^
  File "C:\Users\Asus\AppData\Local\Programs\Python\Python314\Mega Downloader\venv\Lib\site-packages\requests\sessions.py", line 651, in request
    resp = self.send(prep, **send_kwargs)
           ^^^^^^^^^^^^^^^^^^^^^^^^^^^^^^
  File "C:\Users\Asus\AppData\Local\Programs\Python\Python314\Mega Downloader\venv\Lib\site-packages\requests\sessions.py", line 784, in send
    r = adapter.send(request, **kwargs)
        ^^^^^^^^^^^^^^^^^^^^^^^^^^^^^^^
  File "C:\Users\Asus\AppData\Local\Programs\Python\Python314\Mega Downloader\venv\Lib\site-packages\requests\adapters.py", line 729, in send
    raise ConnectionError(e, request=request)
requests.exceptions.ConnectionError: SocksHTTPSConnectionPool(host='api.telegram.org', port=443): Max retries exceeded with url: /bot8893611617:***********************************/getMe (Caused by NewConnectionError("SocksHTTPSConnection(host='api.telegram.org', port=443): Failed to establish a new connection: [WinError 10061] No connection could be made because the target machine actively refused it"))

2026-07-10 12:00:40,655 [ERROR] TeleBot: Exception traceback:
Traceback (most recent call last):
  File "C:\Users\Asus\AppData\Local\Programs\Python\Python314\Mega Downloader\venv\Lib\site-packages\yt_dlp\networking\_requests.py", line 379, in _new_conn
    return create_connection(
           ^^^^^^^^^^^^^^^^^^
  File "C:\Users\Asus\AppData\Local\Programs\Python\Python314\Mega Downloader\venv\Lib\site-packages\yt_dlp\networking\_helper.py", line 269, in create_connection
    raise err
  File "C:\Users\Asus\AppData\Local\Programs\Python\Python314\Mega Downloader\venv\Lib\site-packages\yt_dlp\networking\_helper.py", line 260, in create_connection
    sock = _create_socket_func(ip_addr, timeout, source_address)
           ^^^^^^^^^^^^^^^^^^^^^^^^^^^^^^^^^^^^^^^^^^^^^^^^^^^^^
  File "C:\Users\Asus\AppData\Local\Programs\Python\Python314\Mega Downloader\venv\Lib\site-packages\yt_dlp\networking\_helper.py", line 228, in create_socks_proxy_socket
    sock.connect(dest_addr)
  File "C:\Users\Asus\AppData\Local\Programs\Python\Python314\Mega Downloader\venv\Lib\site-packages\yt_dlp\socks.py", line 271, in connect
    self._make_proxy(socket.socket.connect, address)
  File "C:\Users\Asus\AppData\Local\Programs\Python\Python314\Mega Downloader\venv\Lib\site-packages\yt_dlp\socks.py", line 259, in _make_proxy
    result = connect_func(self, (self._proxy.host, self._proxy.port))
             ^^^^^^^^^^^^^^^^^^^^^^^^^^^^^^^^^^^^^^^^^^^^^^^^^^^^^^^^
ConnectionRefusedError: [WinError 10061] No connection could be made because the target machine actively refused it

The above exception was the direct cause of the following exception:

Traceback (most recent call last):
  File "C:\Users\Asus\AppData\Local\Programs\Python\Python314\Mega Downloader\venv\Lib\site-packages\urllib3\connectionpool.py", line 788, in urlopen
    response = self._make_request(
               ^^^^^^^^^^^^^^^^^^^
  File "C:\Users\Asus\AppData\Local\Programs\Python\Python314\Mega Downloader\venv\Lib\site-packages\urllib3\connectionpool.py", line 488, in _make_request
    raise new_e
  File "C:\Users\Asus\AppData\Local\Programs\Python\Python314\Mega Downloader\venv\Lib\site-packages\urllib3\connectionpool.py", line 464, in _make_request
    self._validate_conn(conn)
  File "C:\Users\Asus\AppData\Local\Programs\Python\Python314\Mega Downloader\venv\Lib\site-packages\urllib3\connectionpool.py", line 1106, in _validate_conn
    conn.connect()
  File "C:\Users\Asus\AppData\Local\Programs\Python\Python314\Mega Downloader\venv\Lib\site-packages\urllib3\connection.py", line 759, in connect
    self.sock = sock = self._new_conn()
                       ^^^^^^^^^^^^^^^^
  File "C:\Users\Asus\AppData\Local\Programs\Python\Python314\Mega Downloader\venv\Lib\site-packages\yt_dlp\networking\_requests.py", line 391, in _new_conn
    raise urllib3.exceptions.NewConnectionError(
urllib3.exceptions.NewConnectionError: SocksHTTPSConnection(host='api.telegram.org', port=443): Failed to establish a new connection: [WinError 10061] No connection could be made because the target machine actively refused it

The above exception was the direct cause of the following exception:

Traceback (most recent call last):
  File "C:\Users\Asus\AppData\Local\Programs\Python\Python314\Mega Downloader\venv\Lib\site-packages\requests\adapters.py", line 696, in send
    resp = conn.urlopen(
           ^^^^^^^^^^^^^
  File "C:\Users\Asus\AppData\Local\Programs\Python\Python314\Mega Downloader\venv\Lib\site-packages\urllib3\connectionpool.py", line 842, in urlopen
    retries = retries.increment(
              ^^^^^^^^^^^^^^^^^^
  File "C:\Users\Asus\AppData\Local\Programs\Python\Python314\Mega Downloader\venv\Lib\site-packages\urllib3\util\retry.py", line 543, in increment
    raise MaxRetryError(_pool, url, reason) from reason  # type: ignore[arg-type]
    ^^^^^^^^^^^^^^^^^^^^^^^^^^^^^^^^^^^^^^^^^^^^^^^^^^^
urllib3.exceptions.MaxRetryError: SocksHTTPSConnectionPool(host='api.telegram.org', port=443): Max retries exceeded with url: /bot8893611617:***********************************/getMe (Caused by NewConnectionError("SocksHTTPSConnection(host='api.telegram.org', port=443): Failed to establish a new connection: [WinError 10061] No connection could be made because the target machine actively refused it"))

During handling of the above exception, another exception occurred:

Traceback (most recent call last):
  File "C:\Users\Asus\AppData\Local\Programs\Python\Python314\Mega Downloader\venv\Lib\site-packages\telebot\__init__.py", line 1136, in infinity_polling
    self.polling(non_stop=True, timeout=timeout, long_polling_timeout=long_polling_timeout,
  File "C:\Users\Asus\AppData\Local\Programs\Python\Python314\Mega Downloader\venv\Lib\site-packages\telebot\__init__.py", line 1221, in polling
    logger.info('Starting your bot with username: [@%s]', self.user.username)
                                                          ^^^^^^^^^
  File "C:\Users\Asus\AppData\Local\Programs\Python\Python314\Mega Downloader\venv\Lib\site-packages\telebot\__init__.py", line 308, in user
    self._user = self.get_me()
                 ^^^^^^^^^^^^^
  File "C:\Users\Asus\AppData\Local\Programs\Python\Python314\Mega Downloader\venv\Lib\site-packages\telebot\__init__.py", line 1408, in get_me
    apihelper.get_me(self.token)
  File "C:\Users\Asus\AppData\Local\Programs\Python\Python314\Mega Downloader\venv\Lib\site-packages\telebot\apihelper.py", line 204, in get_me
    return _make_request(token, method_url)
           ^^^^^^^^^^^^^^^^^^^^^^^^^^^^^^^^
  File "C:\Users\Asus\AppData\Local\Programs\Python\Python314\Mega Downloader\venv\Lib\site-packages\telebot\apihelper.py", line 162, in _make_request
    result = _get_req_session().request(
             ^^^^^^^^^^^^^^^^^^^^^^^^^^^
  File "C:\Users\Asus\AppData\Local\Programs\Python\Python314\Mega Downloader\venv\Lib\site-packages\requests\sessions.py", line 651, in request
    resp = self.send(prep, **send_kwargs)
           ^^^^^^^^^^^^^^^^^^^^^^^^^^^^^^
  File "C:\Users\Asus\AppData\Local\Programs\Python\Python314\Mega Downloader\venv\Lib\site-packages\requests\sessions.py", line 784, in send
    r = adapter.send(request, **kwargs)
        ^^^^^^^^^^^^^^^^^^^^^^^^^^^^^^^
  File "C:\Users\Asus\AppData\Local\Programs\Python\Python314\Mega Downloader\venv\Lib\site-packages\requests\adapters.py", line 729, in send
    raise ConnectionError(e, request=request)
requests.exceptions.ConnectionError: SocksHTTPSConnectionPool(host='api.telegram.org', port=443): Max retries exceeded with url: /bot8893611617:***********************************/getMe (Caused by NewConnectionError("SocksHTTPSConnection(host='api.telegram.org', port=443): Failed to establish a new connection: [WinError 10061] No connection could be made because the target machine actively refused it"))

2026-07-10 12:00:45,720 [ERROR] TeleBot: Exception traceback:
Traceback (most recent call last):
  File "C:\Users\Asus\AppData\Local\Programs\Python\Python314\Mega Downloader\venv\Lib\site-packages\yt_dlp\networking\_requests.py", line 379, in _new_conn
    return create_connection(
           ^^^^^^^^^^^^^^^^^^
  File "C:\Users\Asus\AppData\Local\Programs\Python\Python314\Mega Downloader\venv\Lib\site-packages\yt_dlp\networking\_helper.py", line 269, in create_connection
    raise err
  File "C:\Users\Asus\AppData\Local\Programs\Python\Python314\Mega Downloader\venv\Lib\site-packages\yt_dlp\networking\_helper.py", line 260, in create_connection
    sock = _create_socket_func(ip_addr, timeout, source_address)
           ^^^^^^^^^^^^^^^^^^^^^^^^^^^^^^^^^^^^^^^^^^^^^^^^^^^^^
  File "C:\Users\Asus\AppData\Local\Programs\Python\Python314\Mega Downloader\venv\Lib\site-packages\yt_dlp\networking\_helper.py", line 228, in create_socks_proxy_socket
    sock.connect(dest_addr)
  File "C:\Users\Asus\AppData\Local\Programs\Python\Python314\Mega Downloader\venv\Lib\site-packages\yt_dlp\socks.py", line 271, in connect
    self._make_proxy(socket.socket.connect, address)
  File "C:\Users\Asus\AppData\Local\Programs\Python\Python314\Mega Downloader\venv\Lib\site-packages\yt_dlp\socks.py", line 259, in _make_proxy
    result = connect_func(self, (self._proxy.host, self._proxy.port))
             ^^^^^^^^^^^^^^^^^^^^^^^^^^^^^^^^^^^^^^^^^^^^^^^^^^^^^^^^
ConnectionRefusedError: [WinError 10061] No connection could be made because the target machine actively refused it

The above exception was the direct cause of the following exception:

Traceback (most recent call last):
  File "C:\Users\Asus\AppData\Local\Programs\Python\Python314\Mega Downloader\venv\Lib\site-packages\urllib3\connectionpool.py", line 788, in urlopen
    response = self._make_request(
               ^^^^^^^^^^^^^^^^^^^
  File "C:\Users\Asus\AppData\Local\Programs\Python\Python314\Mega Downloader\venv\Lib\site-packages\urllib3\connectionpool.py", line 488, in _make_request
    raise new_e
  File "C:\Users\Asus\AppData\Local\Programs\Python\Python314\Mega Downloader\venv\Lib\site-packages\urllib3\connectionpool.py", line 464, in _make_request
    self._validate_conn(conn)
  File "C:\Users\Asus\AppData\Local\Programs\Python\Python314\Mega Downloader\venv\Lib\site-packages\urllib3\connectionpool.py", line 1106, in _validate_conn
    conn.connect()
  File "C:\Users\Asus\AppData\Local\Programs\Python\Python314\Mega Downloader\venv\Lib\site-packages\urllib3\connection.py", line 759, in connect
    self.sock = sock = self._new_conn()
                       ^^^^^^^^^^^^^^^^
  File "C:\Users\Asus\AppData\Local\Programs\Python\Python314\Mega Downloader\venv\Lib\site-packages\yt_dlp\networking\_requests.py", line 391, in _new_conn
    raise urllib3.exceptions.NewConnectionError(
urllib3.exceptions.NewConnectionError: SocksHTTPSConnection(host='api.telegram.org', port=443): Failed to establish a new connection: [WinError 10061] No connection could be made because the target machine actively refused it

The above exception was the direct cause of the following exception:

Traceback (most recent call last):
  File "C:\Users\Asus\AppData\Local\Programs\Python\Python314\Mega Downloader\venv\Lib\site-packages\requests\adapters.py", line 696, in send
    resp = conn.urlopen(
           ^^^^^^^^^^^^^
  File "C:\Users\Asus\AppData\Local\Programs\Python\Python314\Mega Downloader\venv\Lib\site-packages\urllib3\connectionpool.py", line 842, in urlopen
    retries = retries.increment(
              ^^^^^^^^^^^^^^^^^^
  File "C:\Users\Asus\AppData\Local\Programs\Python\Python314\Mega Downloader\venv\Lib\site-packages\urllib3\util\retry.py", line 543, in increment
    raise MaxRetryError(_pool, url, reason) from reason  # type: ignore[arg-type]
    ^^^^^^^^^^^^^^^^^^^^^^^^^^^^^^^^^^^^^^^^^^^^^^^^^^^
urllib3.exceptions.MaxRetryError: SocksHTTPSConnectionPool(host='api.telegram.org', port=443): Max retries exceeded with url: /bot8893611617:***********************************/getMe (Caused by NewConnectionError("SocksHTTPSConnection(host='api.telegram.org', port=443): Failed to establish a new connection: [WinError 10061] No connection could be made because the target machine actively refused it"))

During handling of the above exception, another exception occurred:

Traceback (most recent call last):
  File "C:\Users\Asus\AppData\Local\Programs\Python\Python314\Mega Downloader\venv\Lib\site-packages\telebot\__init__.py", line 1136, in infinity_polling
    self.polling(non_stop=True, timeout=timeout, long_polling_timeout=long_polling_timeout,
  File "C:\Users\Asus\AppData\Local\Programs\Python\Python314\Mega Downloader\venv\Lib\site-packages\telebot\__init__.py", line 1221, in polling
    logger.info('Starting your bot with username: [@%s]', self.user.username)
                                                          ^^^^^^^^^
  File "C:\Users\Asus\AppData\Local\Programs\Python\Python314\Mega Downloader\venv\Lib\site-packages\telebot\__init__.py", line 308, in user
    self._user = self.get_me()
                 ^^^^^^^^^^^^^
  File "C:\Users\Asus\AppData\Local\Programs\Python\Python314\Mega Downloader\venv\Lib\site-packages\telebot\__init__.py", line 1408, in get_me
    apihelper.get_me(self.token)
  File "C:\Users\Asus\AppData\Local\Programs\Python\Python314\Mega Downloader\venv\Lib\site-packages\telebot\apihelper.py", line 204, in get_me
    return _make_request(token, method_url)
           ^^^^^^^^^^^^^^^^^^^^^^^^^^^^^^^^
  File "C:\Users\Asus\AppData\Local\Programs\Python\Python314\Mega Downloader\venv\Lib\site-packages\telebot\apihelper.py", line 162, in _make_request
    result = _get_req_session().request(
             ^^^^^^^^^^^^^^^^^^^^^^^^^^^
  File "C:\Users\Asus\AppData\Local\Programs\Python\Python314\Mega Downloader\venv\Lib\site-packages\requests\sessions.py", line 651, in request
    resp = self.send(prep, **send_kwargs)
           ^^^^^^^^^^^^^^^^^^^^^^^^^^^^^^
  File "C:\Users\Asus\AppData\Local\Programs\Python\Python314\Mega Downloader\venv\Lib\site-packages\requests\sessions.py", line 784, in send
    r = adapter.send(request, **kwargs)
        ^^^^^^^^^^^^^^^^^^^^^^^^^^^^^^^
  File "C:\Users\Asus\AppData\Local\Programs\Python\Python314\Mega Downloader\venv\Lib\site-packages\requests\adapters.py", line 729, in send
    raise ConnectionError(e, request=request)
requests.exceptions.ConnectionError: SocksHTTPSConnectionPool(host='api.telegram.org', port=443): Max retries exceeded with url: /bot8893611617:***********************************/getMe (Caused by NewConnectionError("SocksHTTPSConnection(host='api.telegram.org', port=443): Failed to establish a new connection: [WinError 10061] No connection could be made because the target machine actively refused it"))

2026-07-10 12:00:50,781 [ERROR] TeleBot: Exception traceback:
Traceback (most recent call last):
  File "C:\Users\Asus\AppData\Local\Programs\Python\Python314\Mega Downloader\venv\Lib\site-packages\yt_dlp\networking\_requests.py", line 379, in _new_conn
    return create_connection(
           ^^^^^^^^^^^^^^^^^^
  File "C:\Users\Asus\AppData\Local\Programs\Python\Python314\Mega Downloader\venv\Lib\site-packages\yt_dlp\networking\_helper.py", line 269, in create_connection
    raise err
  File "C:\Users\Asus\AppData\Local\Programs\Python\Python314\Mega Downloader\venv\Lib\site-packages\yt_dlp\networking\_helper.py", line 260, in create_connection
    sock = _create_socket_func(ip_addr, timeout, source_address)
           ^^^^^^^^^^^^^^^^^^^^^^^^^^^^^^^^^^^^^^^^^^^^^^^^^^^^^
  File "C:\Users\Asus\AppData\Local\Programs\Python\Python314\Mega Downloader\venv\Lib\site-packages\yt_dlp\networking\_helper.py", line 228, in create_socks_proxy_socket
    sock.connect(dest_addr)
  File "C:\Users\Asus\AppData\Local\Programs\Python\Python314\Mega Downloader\venv\Lib\site-packages\yt_dlp\socks.py", line 271, in connect
    self._make_proxy(socket.socket.connect, address)
  File "C:\Users\Asus\AppData\Local\Programs\Python\Python314\Mega Downloader\venv\Lib\site-packages\yt_dlp\socks.py", line 259, in _make_proxy
    result = connect_func(self, (self._proxy.host, self._proxy.port))
             ^^^^^^^^^^^^^^^^^^^^^^^^^^^^^^^^^^^^^^^^^^^^^^^^^^^^^^^^
ConnectionRefusedError: [WinError 10061] No connection could be made because the target machine actively refused it

The above exception was the direct cause of the following exception:

Traceback (most recent call last):
  File "C:\Users\Asus\AppData\Local\Programs\Python\Python314\Mega Downloader\venv\Lib\site-packages\urllib3\connectionpool.py", line 788, in urlopen
    response = self._make_request(
               ^^^^^^^^^^^^^^^^^^^
  File "C:\Users\Asus\AppData\Local\Programs\Python\Python314\Mega Downloader\venv\Lib\site-packages\urllib3\connectionpool.py", line 488, in _make_request
    raise new_e
  File "C:\Users\Asus\AppData\Local\Programs\Python\Python314\Mega Downloader\venv\Lib\site-packages\urllib3\connectionpool.py", line 464, in _make_request
    self._validate_conn(conn)
  File "C:\Users\Asus\AppData\Local\Programs\Python\Python314\Mega Downloader\venv\Lib\site-packages\urllib3\connectionpool.py", line 1106, in _validate_conn
    conn.connect()
  File "C:\Users\Asus\AppData\Local\Programs\Python\Python314\Mega Downloader\venv\Lib\site-packages\urllib3\connection.py", line 759, in connect
    self.sock = sock = self._new_conn()
                       ^^^^^^^^^^^^^^^^
  File "C:\Users\Asus\AppData\Local\Programs\Python\Python314\Mega Downloader\venv\Lib\site-packages\yt_dlp\networking\_requests.py", line 391, in _new_conn
    raise urllib3.exceptions.NewConnectionError(
urllib3.exceptions.NewConnectionError: SocksHTTPSConnection(host='api.telegram.org', port=443): Failed to establish a new connection: [WinError 10061] No connection could be made because the target machine actively refused it

The above exception was the direct cause of the following exception:

Traceback (most recent call last):
  File "C:\Users\Asus\AppData\Local\Programs\Python\Python314\Mega Downloader\venv\Lib\site-packages\requests\adapters.py", line 696, in send
    resp = conn.urlopen(
           ^^^^^^^^^^^^^
  File "C:\Users\Asus\AppData\Local\Programs\Python\Python314\Mega Downloader\venv\Lib\site-packages\urllib3\connectionpool.py", line 842, in urlopen
    retries = retries.increment(
              ^^^^^^^^^^^^^^^^^^
  File "C:\Users\Asus\AppData\Local\Programs\Python\Python314\Mega Downloader\venv\Lib\site-packages\urllib3\util\retry.py", line 543, in increment
    raise MaxRetryError(_pool, url, reason) from reason  # type: ignore[arg-type]
    ^^^^^^^^^^^^^^^^^^^^^^^^^^^^^^^^^^^^^^^^^^^^^^^^^^^
urllib3.exceptions.MaxRetryError: SocksHTTPSConnectionPool(host='api.telegram.org', port=443): Max retries exceeded with url: /bot8893611617:***********************************/getMe (Caused by NewConnectionError("SocksHTTPSConnection(host='api.telegram.org', port=443): Failed to establish a new connection: [WinError 10061] No connection could be made because the target machine actively refused it"))

During handling of the above exception, another exception occurred:

Traceback (most recent call last):
  File "C:\Users\Asus\AppData\Local\Programs\Python\Python314\Mega Downloader\venv\Lib\site-packages\telebot\__init__.py", line 1136, in infinity_polling
    self.polling(non_stop=True, timeout=timeout, long_polling_timeout=long_polling_timeout,
  File "C:\Users\Asus\AppData\Local\Programs\Python\Python314\Mega Downloader\venv\Lib\site-packages\telebot\__init__.py", line 1221, in polling
    logger.info('Starting your bot with username: [@%s]', self.user.username)
                                                          ^^^^^^^^^
  File "C:\Users\Asus\AppData\Local\Programs\Python\Python314\Mega Downloader\venv\Lib\site-packages\telebot\__init__.py", line 308, in user
    self._user = self.get_me()
                 ^^^^^^^^^^^^^
  File "C:\Users\Asus\AppData\Local\Programs\Python\Python314\Mega Downloader\venv\Lib\site-packages\telebot\__init__.py", line 1408, in get_me
    apihelper.get_me(self.token)
  File "C:\Users\Asus\AppData\Local\Programs\Python\Python314\Mega Downloader\venv\Lib\site-packages\telebot\apihelper.py", line 204, in get_me
    return _make_request(token, method_url)
           ^^^^^^^^^^^^^^^^^^^^^^^^^^^^^^^^
  File "C:\Users\Asus\AppData\Local\Programs\Python\Python314\Mega Downloader\venv\Lib\site-packages\telebot\apihelper.py", line 162, in _make_request
    result = _get_req_session().request(
             ^^^^^^^^^^^^^^^^^^^^^^^^^^^
  File "C:\Users\Asus\AppData\Local\Programs\Python\Python314\Mega Downloader\venv\Lib\site-packages\requests\sessions.py", line 651, in request
    resp = self.send(prep, **send_kwargs)
           ^^^^^^^^^^^^^^^^^^^^^^^^^^^^^^
  File "C:\Users\Asus\AppData\Local\Programs\Python\Python314\Mega Downloader\venv\Lib\site-packages\requests\sessions.py", line 784, in send
    r = adapter.send(request, **kwargs)
        ^^^^^^^^^^^^^^^^^^^^^^^^^^^^^^^
  File "C:\Users\Asus\AppData\Local\Programs\Python\Python314\Mega Downloader\venv\Lib\site-packages\requests\adapters.py", line 729, in send
    raise ConnectionError(e, request=request)
requests.exceptions.ConnectionError: SocksHTTPSConnectionPool(host='api.telegram.org', port=443): Max retries exceeded with url: /bot8893611617:***********************************/getMe (Caused by NewConnectionError("SocksHTTPSConnection(host='api.telegram.org', port=443): Failed to establish a new connection: [WinError 10061] No connection could be made because the target machine actively refused it"))

2026-07-10 12:00:55,840 [ERROR] TeleBot: Exception traceback:
Traceback (most recent call last):
  File "C:\Users\Asus\AppData\Local\Programs\Python\Python314\Mega Downloader\venv\Lib\site-packages\yt_dlp\networking\_requests.py", line 379, in _new_conn
    return create_connection(
           ^^^^^^^^^^^^^^^^^^
  File "C:\Users\Asus\AppData\Local\Programs\Python\Python314\Mega Downloader\venv\Lib\site-packages\yt_dlp\networking\_helper.py", line 269, in create_connection
    raise err
  File "C:\Users\Asus\AppData\Local\Programs\Python\Python314\Mega Downloader\venv\Lib\site-packages\yt_dlp\networking\_helper.py", line 260, in create_connection
    sock = _create_socket_func(ip_addr, timeout, source_address)
           ^^^^^^^^^^^^^^^^^^^^^^^^^^^^^^^^^^^^^^^^^^^^^^^^^^^^^
  File "C:\Users\Asus\AppData\Local\Programs\Python\Python314\Mega Downloader\venv\Lib\site-packages\yt_dlp\networking\_helper.py", line 228, in create_socks_proxy_socket
    sock.connect(dest_addr)
  File "C:\Users\Asus\AppData\Local\Programs\Python\Python314\Mega Downloader\venv\Lib\site-packages\yt_dlp\socks.py", line 271, in connect
    self._make_proxy(socket.socket.connect, address)
  File "C:\Users\Asus\AppData\Local\Programs\Python\Python314\Mega Downloader\venv\Lib\site-packages\yt_dlp\socks.py", line 259, in _make_proxy
    result = connect_func(self, (self._proxy.host, self._proxy.port))
             ^^^^^^^^^^^^^^^^^^^^^^^^^^^^^^^^^^^^^^^^^^^^^^^^^^^^^^^^
ConnectionRefusedError: [WinError 10061] No connection could be made because the target machine actively refused it

The above exception was the direct cause of the following exception:

Traceback (most recent call last):
  File "C:\Users\Asus\AppData\Local\Programs\Python\Python314\Mega Downloader\venv\Lib\site-packages\urllib3\connectionpool.py", line 788, in urlopen
    response = self._make_request(
               ^^^^^^^^^^^^^^^^^^^
  File "C:\Users\Asus\AppData\Local\Programs\Python\Python314\Mega Downloader\venv\Lib\site-packages\urllib3\connectionpool.py", line 488, in _make_request
    raise new_e
  File "C:\Users\Asus\AppData\Local\Programs\Python\Python314\Mega Downloader\venv\Lib\site-packages\urllib3\connectionpool.py", line 464, in _make_request
    self._validate_conn(conn)
  File "C:\Users\Asus\AppData\Local\Programs\Python\Python314\Mega Downloader\venv\Lib\site-packages\urllib3\connectionpool.py", line 1106, in _validate_conn
    conn.connect()
  File "C:\Users\Asus\AppData\Local\Programs\Python\Python314\Mega Downloader\venv\Lib\site-packages\urllib3\connection.py", line 759, in connect
    self.sock = sock = self._new_conn()
                       ^^^^^^^^^^^^^^^^
  File "C:\Users\Asus\AppData\Local\Programs\Python\Python314\Mega Downloader\venv\Lib\site-packages\yt_dlp\networking\_requests.py", line 391, in _new_conn
    raise urllib3.exceptions.NewConnectionError(
urllib3.exceptions.NewConnectionError: SocksHTTPSConnection(host='api.telegram.org', port=443): Failed to establish a new connection: [WinError 10061] No connection could be made because the target machine actively refused it

The above exception was the direct cause of the following exception:

Traceback (most recent call last):
  File "C:\Users\Asus\AppData\Local\Programs\Python\Python314\Mega Downloader\venv\Lib\site-packages\requests\adapters.py", line 696, in send
    resp = conn.urlopen(
           ^^^^^^^^^^^^^
  File "C:\Users\Asus\AppData\Local\Programs\Python\Python314\Mega Downloader\venv\Lib\site-packages\urllib3\connectionpool.py", line 842, in urlopen
    retries = retries.increment(
              ^^^^^^^^^^^^^^^^^^
  File "C:\Users\Asus\AppData\Local\Programs\Python\Python314\Mega Downloader\venv\Lib\site-packages\urllib3\util\retry.py", line 543, in increment
    raise MaxRetryError(_pool, url, reason) from reason  # type: ignore[arg-type]
    ^^^^^^^^^^^^^^^^^^^^^^^^^^^^^^^^^^^^^^^^^^^^^^^^^^^
urllib3.exceptions.MaxRetryError: SocksHTTPSConnectionPool(host='api.telegram.org', port=443): Max retries exceeded with url: /bot8893611617:***********************************/getMe (Caused by NewConnectionError("SocksHTTPSConnection(host='api.telegram.org', port=443): Failed to establish a new connection: [WinError 10061] No connection could be made because the target machine actively refused it"))

During handling of the above exception, another exception occurred:

Traceback (most recent call last):
  File "C:\Users\Asus\AppData\Local\Programs\Python\Python314\Mega Downloader\venv\Lib\site-packages\telebot\__init__.py", line 1136, in infinity_polling
    self.polling(non_stop=True, timeout=timeout, long_polling_timeout=long_polling_timeout,
  File "C:\Users\Asus\AppData\Local\Programs\Python\Python314\Mega Downloader\venv\Lib\site-packages\telebot\__init__.py", line 1221, in polling
    logger.info('Starting your bot with username: [@%s]', self.user.username)
                                                          ^^^^^^^^^
  File "C:\Users\Asus\AppData\Local\Programs\Python\Python314\Mega Downloader\venv\Lib\site-packages\telebot\__init__.py", line 308, in user
    self._user = self.get_me()
                 ^^^^^^^^^^^^^
  File "C:\Users\Asus\AppData\Local\Programs\Python\Python314\Mega Downloader\venv\Lib\site-packages\telebot\__init__.py", line 1408, in get_me
    apihelper.get_me(self.token)
  File "C:\Users\Asus\AppData\Local\Programs\Python\Python314\Mega Downloader\venv\Lib\site-packages\telebot\apihelper.py", line 204, in get_me
    return _make_request(token, method_url)
           ^^^^^^^^^^^^^^^^^^^^^^^^^^^^^^^^
  File "C:\Users\Asus\AppData\Local\Programs\Python\Python314\Mega Downloader\venv\Lib\site-packages\telebot\apihelper.py", line 162, in _make_request
    result = _get_req_session().request(
             ^^^^^^^^^^^^^^^^^^^^^^^^^^^
  File "C:\Users\Asus\AppData\Local\Programs\Python\Python314\Mega Downloader\venv\Lib\site-packages\requests\sessions.py", line 651, in request
    resp = self.send(prep, **send_kwargs)
           ^^^^^^^^^^^^^^^^^^^^^^^^^^^^^^
  File "C:\Users\Asus\AppData\Local\Programs\Python\Python314\Mega Downloader\venv\Lib\site-packages\requests\sessions.py", line 784, in send
    r = adapter.send(request, **kwargs)
        ^^^^^^^^^^^^^^^^^^^^^^^^^^^^^^^
  File "C:\Users\Asus\AppData\Local\Programs\Python\Python314\Mega Downloader\venv\Lib\site-packages\requests\adapters.py", line 729, in send
    raise ConnectionError(e, request=request)
requests.exceptions.ConnectionError: SocksHTTPSConnectionPool(host='api.telegram.org', port=443): Max retries exceeded with url: /bot8893611617:***********************************/getMe (Caused by NewConnectionError("SocksHTTPSConnection(host='api.telegram.org', port=443): Failed to establish a new connection: [WinError 10061] No connection could be made because the target machine actively refused it"))

2026-07-10 12:01:00,897 [ERROR] TeleBot: Exception traceback:
Traceback (most recent call last):
  File "C:\Users\Asus\AppData\Local\Programs\Python\Python314\Mega Downloader\venv\Lib\site-packages\yt_dlp\networking\_requests.py", line 379, in _new_conn
    return create_connection(
           ^^^^^^^^^^^^^^^^^^
  File "C:\Users\Asus\AppData\Local\Programs\Python\Python314\Mega Downloader\venv\Lib\site-packages\yt_dlp\networking\_helper.py", line 269, in create_connection
    raise err
  File "C:\Users\Asus\AppData\Local\Programs\Python\Python314\Mega Downloader\venv\Lib\site-packages\yt_dlp\networking\_helper.py", line 260, in create_connection
    sock = _create_socket_func(ip_addr, timeout, source_address)
           ^^^^^^^^^^^^^^^^^^^^^^^^^^^^^^^^^^^^^^^^^^^^^^^^^^^^^
  File "C:\Users\Asus\AppData\Local\Programs\Python\Python314\Mega Downloader\venv\Lib\site-packages\yt_dlp\networking\_helper.py", line 228, in create_socks_proxy_socket
    sock.connect(dest_addr)
  File "C:\Users\Asus\AppData\Local\Programs\Python\Python314\Mega Downloader\venv\Lib\site-packages\yt_dlp\socks.py", line 271, in connect
    self._make_proxy(socket.socket.connect, address)
  File "C:\Users\Asus\AppData\Local\Programs\Python\Python314\Mega Downloader\venv\Lib\site-packages\yt_dlp\socks.py", line 259, in _make_proxy
    result = connect_func(self, (self._proxy.host, self._proxy.port))
             ^^^^^^^^^^^^^^^^^^^^^^^^^^^^^^^^^^^^^^^^^^^^^^^^^^^^^^^^
ConnectionRefusedError: [WinError 10061] No connection could be made because the target machine actively refused it

The above exception was the direct cause of the following exception:

Traceback (most recent call last):
  File "C:\Users\Asus\AppData\Local\Programs\Python\Python314\Mega Downloader\venv\Lib\site-packages\urllib3\connectionpool.py", line 788, in urlopen
    response = self._make_request(
               ^^^^^^^^^^^^^^^^^^^
  File "C:\Users\Asus\AppData\Local\Programs\Python\Python314\Mega Downloader\venv\Lib\site-packages\urllib3\connectionpool.py", line 488, in _make_request
    raise new_e
  File "C:\Users\Asus\AppData\Local\Programs\Python\Python314\Mega Downloader\venv\Lib\site-packages\urllib3\connectionpool.py", line 464, in _make_request
    self._validate_conn(conn)
  File "C:\Users\Asus\AppData\Local\Programs\Python\Python314\Mega Downloader\venv\Lib\site-packages\urllib3\connectionpool.py", line 1106, in _validate_conn
    conn.connect()
  File "C:\Users\Asus\AppData\Local\Programs\Python\Python314\Mega Downloader\venv\Lib\site-packages\urllib3\connection.py", line 759, in connect
    self.sock = sock = self._new_conn()
                       ^^^^^^^^^^^^^^^^
  File "C:\Users\Asus\AppData\Local\Programs\Python\Python314\Mega Downloader\venv\Lib\site-packages\yt_dlp\networking\_requests.py", line 391, in _new_conn
    raise urllib3.exceptions.NewConnectionError(
urllib3.exceptions.NewConnectionError: SocksHTTPSConnection(host='api.telegram.org', port=443): Failed to establish a new connection: [WinError 10061] No connection could be made because the target machine actively refused it

The above exception was the direct cause of the following exception:

Traceback (most recent call last):
  File "C:\Users\Asus\AppData\Local\Programs\Python\Python314\Mega Downloader\venv\Lib\site-packages\requests\adapters.py", line 696, in send
    resp = conn.urlopen(
           ^^^^^^^^^^^^^
  File "C:\Users\Asus\AppData\Local\Programs\Python\Python314\Mega Downloader\venv\Lib\site-packages\urllib3\connectionpool.py", line 842, in urlopen
    retries = retries.increment(
              ^^^^^^^^^^^^^^^^^^
  File "C:\Users\Asus\AppData\Local\Programs\Python\Python314\Mega Downloader\venv\Lib\site-packages\urllib3\util\retry.py", line 543, in increment
    raise MaxRetryError(_pool, url, reason) from reason  # type: ignore[arg-type]
    ^^^^^^^^^^^^^^^^^^^^^^^^^^^^^^^^^^^^^^^^^^^^^^^^^^^
urllib3.exceptions.MaxRetryError: SocksHTTPSConnectionPool(host='api.telegram.org', port=443): Max retries exceeded with url: /bot8893611617:***********************************/getMe (Caused by NewConnectionError("SocksHTTPSConnection(host='api.telegram.org', port=443): Failed to establish a new connection: [WinError 10061] No connection could be made because the target machine actively refused it"))

During handling of the above exception, another exception occurred:

Traceback (most recent call last):
  File "C:\Users\Asus\AppData\Local\Programs\Python\Python314\Mega Downloader\venv\Lib\site-packages\telebot\__init__.py", line 1136, in infinity_polling
    self.polling(non_stop=True, timeout=timeout, long_polling_timeout=long_polling_timeout,
  File "C:\Users\Asus\AppData\Local\Programs\Python\Python314\Mega Downloader\venv\Lib\site-packages\telebot\__init__.py", line 1221, in polling
    logger.info('Starting your bot with username: [@%s]', self.user.username)
                                                          ^^^^^^^^^
  File "C:\Users\Asus\AppData\Local\Programs\Python\Python314\Mega Downloader\venv\Lib\site-packages\telebot\__init__.py", line 308, in user
    self._user = self.get_me()
                 ^^^^^^^^^^^^^
  File "C:\Users\Asus\AppData\Local\Programs\Python\Python314\Mega Downloader\venv\Lib\site-packages\telebot\__init__.py", line 1408, in get_me
    apihelper.get_me(self.token)
  File "C:\Users\Asus\AppData\Local\Programs\Python\Python314\Mega Downloader\venv\Lib\site-packages\telebot\apihelper.py", line 204, in get_me
    return _make_request(token, method_url)
           ^^^^^^^^^^^^^^^^^^^^^^^^^^^^^^^^
  File "C:\Users\Asus\AppData\Local\Programs\Python\Python314\Mega Downloader\venv\Lib\site-packages\telebot\apihelper.py", line 162, in _make_request
    result = _get_req_session().request(
             ^^^^^^^^^^^^^^^^^^^^^^^^^^^
  File "C:\Users\Asus\AppData\Local\Programs\Python\Python314\Mega Downloader\venv\Lib\site-packages\requests\sessions.py", line 651, in request
    resp = self.send(prep, **send_kwargs)
           ^^^^^^^^^^^^^^^^^^^^^^^^^^^^^^
  File "C:\Users\Asus\AppData\Local\Programs\Python\Python314\Mega Downloader\venv\Lib\site-packages\requests\sessions.py", line 784, in send
    r = adapter.send(request, **kwargs)
        ^^^^^^^^^^^^^^^^^^^^^^^^^^^^^^^
  File "C:\Users\Asus\AppData\Local\Programs\Python\Python314\Mega Downloader\venv\Lib\site-packages\requests\adapters.py", line 729, in send
    raise ConnectionError(e, request=request)
requests.exceptions.ConnectionError: SocksHTTPSConnectionPool(host='api.telegram.org', port=443): Max retries exceeded with url: /bot8893611617:***********************************/getMe (Caused by NewConnectionError("SocksHTTPSConnection(host='api.telegram.org', port=443): Failed to establish a new connection: [WinError 10061] No connection could be made because the target machine actively refused it"))

2026-07-10 12:01:05,938 [ERROR] TeleBot: Exception traceback:
Traceback (most recent call last):
  File "C:\Users\Asus\AppData\Local\Programs\Python\Python314\Mega Downloader\venv\Lib\site-packages\yt_dlp\networking\_requests.py", line 379, in _new_conn
    return create_connection(
           ^^^^^^^^^^^^^^^^^^
  File "C:\Users\Asus\AppData\Local\Programs\Python\Python314\Mega Downloader\venv\Lib\site-packages\yt_dlp\networking\_helper.py", line 269, in create_connection
    raise err
  File "C:\Users\Asus\AppData\Local\Programs\Python\Python314\Mega Downloader\venv\Lib\site-packages\yt_dlp\networking\_helper.py", line 260, in create_connection
    sock = _create_socket_func(ip_addr, timeout, source_address)
           ^^^^^^^^^^^^^^^^^^^^^^^^^^^^^^^^^^^^^^^^^^^^^^^^^^^^^
  File "C:\Users\Asus\AppData\Local\Programs\Python\Python314\Mega Downloader\venv\Lib\site-packages\yt_dlp\networking\_helper.py", line 228, in create_socks_proxy_socket
    sock.connect(dest_addr)
  File "C:\Users\Asus\AppData\Local\Programs\Python\Python314\Mega Downloader\venv\Lib\site-packages\yt_dlp\socks.py", line 271, in connect
    self._make_proxy(socket.socket.connect, address)
  File "C:\Users\Asus\AppData\Local\Programs\Python\Python314\Mega Downloader\venv\Lib\site-packages\yt_dlp\socks.py", line 259, in _make_proxy
    result = connect_func(self, (self._proxy.host, self._proxy.port))
             ^^^^^^^^^^^^^^^^^^^^^^^^^^^^^^^^^^^^^^^^^^^^^^^^^^^^^^^^
ConnectionRefusedError: [WinError 10061] No connection could be made because the target machine actively refused it

The above exception was the direct cause of the following exception:

Traceback (most recent call last):
  File "C:\Users\Asus\AppData\Local\Programs\Python\Python314\Mega Downloader\venv\Lib\site-packages\urllib3\connectionpool.py", line 788, in urlopen
    response = self._make_request(
               ^^^^^^^^^^^^^^^^^^^
  File "C:\Users\Asus\AppData\Local\Programs\Python\Python314\Mega Downloader\venv\Lib\site-packages\urllib3\connectionpool.py", line 488, in _make_request
    raise new_e
  File "C:\Users\Asus\AppData\Local\Programs\Python\Python314\Mega Downloader\venv\Lib\site-packages\urllib3\connectionpool.py", line 464, in _make_request
    self._validate_conn(conn)
  File "C:\Users\Asus\AppData\Local\Programs\Python\Python314\Mega Downloader\venv\Lib\site-packages\urllib3\connectionpool.py", line 1106, in _validate_conn
    conn.connect()
  File "C:\Users\Asus\AppData\Local\Programs\Python\Python314\Mega Downloader\venv\Lib\site-packages\urllib3\connection.py", line 759, in connect
    self.sock = sock = self._new_conn()
                       ^^^^^^^^^^^^^^^^
  File "C:\Users\Asus\AppData\Local\Programs\Python\Python314\Mega Downloader\venv\Lib\site-packages\yt_dlp\networking\_requests.py", line 391, in _new_conn
    raise urllib3.exceptions.NewConnectionError(
urllib3.exceptions.NewConnectionError: SocksHTTPSConnection(host='api.telegram.org', port=443): Failed to establish a new connection: [WinError 10061] No connection could be made because the target machine actively refused it

The above exception was the direct cause of the following exception:

Traceback (most recent call last):
  File "C:\Users\Asus\AppData\Local\Programs\Python\Python314\Mega Downloader\venv\Lib\site-packages\requests\adapters.py", line 696, in send
    resp = conn.urlopen(
           ^^^^^^^^^^^^^
  File "C:\Users\Asus\AppData\Local\Programs\Python\Python314\Mega Downloader\venv\Lib\site-packages\urllib3\connectionpool.py", line 842, in urlopen
    retries = retries.increment(
              ^^^^^^^^^^^^^^^^^^
  File "C:\Users\Asus\AppData\Local\Programs\Python\Python314\Mega Downloader\venv\Lib\site-packages\urllib3\util\retry.py", line 543, in increment
    raise MaxRetryError(_pool, url, reason) from reason  # type: ignore[arg-type]
    ^^^^^^^^^^^^^^^^^^^^^^^^^^^^^^^^^^^^^^^^^^^^^^^^^^^
urllib3.exceptions.MaxRetryError: SocksHTTPSConnectionPool(host='api.telegram.org', port=443): Max retries exceeded with url: /bot8893611617:***********************************/getMe (Caused by NewConnectionError("SocksHTTPSConnection(host='api.telegram.org', port=443): Failed to establish a new connection: [WinError 10061] No connection could be made because the target machine actively refused it"))

During handling of the above exception, another exception occurred:

Traceback (most recent call last):
  File "C:\Users\Asus\AppData\Local\Programs\Python\Python314\Mega Downloader\venv\Lib\site-packages\telebot\__init__.py", line 1136, in infinity_polling
    self.polling(non_stop=True, timeout=timeout, long_polling_timeout=long_polling_timeout,
  File "C:\Users\Asus\AppData\Local\Programs\Python\Python314\Mega Downloader\venv\Lib\site-packages\telebot\__init__.py", line 1221, in polling
    logger.info('Starting your bot with username: [@%s]', self.user.username)
                                                          ^^^^^^^^^
  File "C:\Users\Asus\AppData\Local\Programs\Python\Python314\Mega Downloader\venv\Lib\site-packages\telebot\__init__.py", line 308, in user
    self._user = self.get_me()
                 ^^^^^^^^^^^^^
  File "C:\Users\Asus\AppData\Local\Programs\Python\Python314\Mega Downloader\venv\Lib\site-packages\telebot\__init__.py", line 1408, in get_me
    apihelper.get_me(self.token)
  File "C:\Users\Asus\AppData\Local\Programs\Python\Python314\Mega Downloader\venv\Lib\site-packages\telebot\apihelper.py", line 204, in get_me
    return _make_request(token, method_url)
           ^^^^^^^^^^^^^^^^^^^^^^^^^^^^^^^^
  File "C:\Users\Asus\AppData\Local\Programs\Python\Python314\Mega Downloader\venv\Lib\site-packages\telebot\apihelper.py", line 162, in _make_request
    result = _get_req_session().request(
             ^^^^^^^^^^^^^^^^^^^^^^^^^^^
  File "C:\Users\Asus\AppData\Local\Programs\Python\Python314\Mega Downloader\venv\Lib\site-packages\requests\sessions.py", line 651, in request
    resp = self.send(prep, **send_kwargs)
           ^^^^^^^^^^^^^^^^^^^^^^^^^^^^^^
  File "C:\Users\Asus\AppData\Local\Programs\Python\Python314\Mega Downloader\venv\Lib\site-packages\requests\sessions.py", line 784, in send
    r = adapter.send(request, **kwargs)
        ^^^^^^^^^^^^^^^^^^^^^^^^^^^^^^^
  File "C:\Users\Asus\AppData\Local\Programs\Python\Python314\Mega Downloader\venv\Lib\site-packages\requests\adapters.py", line 729, in send
    raise ConnectionError(e, request=request)
requests.exceptions.ConnectionError: SocksHTTPSConnectionPool(host='api.telegram.org', port=443): Max retries exceeded with url: /bot8893611617:***********************************/getMe (Caused by NewConnectionError("SocksHTTPSConnection(host='api.telegram.org', port=443): Failed to establish a new connection: [WinError 10061] No connection could be made because the target machine actively refused it"))

2026-07-10 12:01:10,986 [ERROR] TeleBot: Exception traceback:
Traceback (most recent call last):
  File "C:\Users\Asus\AppData\Local\Programs\Python\Python314\Mega Downloader\venv\Lib\site-packages\yt_dlp\networking\_requests.py", line 379, in _new_conn
    return create_connection(
           ^^^^^^^^^^^^^^^^^^
  File "C:\Users\Asus\AppData\Local\Programs\Python\Python314\Mega Downloader\venv\Lib\site-packages\yt_dlp\networking\_helper.py", line 269, in create_connection
    raise err
  File "C:\Users\Asus\AppData\Local\Programs\Python\Python314\Mega Downloader\venv\Lib\site-packages\yt_dlp\networking\_helper.py", line 260, in create_connection
    sock = _create_socket_func(ip_addr, timeout, source_address)
           ^^^^^^^^^^^^^^^^^^^^^^^^^^^^^^^^^^^^^^^^^^^^^^^^^^^^^
  File "C:\Users\Asus\AppData\Local\Programs\Python\Python314\Mega Downloader\venv\Lib\site-packages\yt_dlp\networking\_helper.py", line 228, in create_socks_proxy_socket
    sock.connect(dest_addr)
  File "C:\Users\Asus\AppData\Local\Programs\Python\Python314\Mega Downloader\venv\Lib\site-packages\yt_dlp\socks.py", line 271, in connect
    self._make_proxy(socket.socket.connect, address)
  File "C:\Users\Asus\AppData\Local\Programs\Python\Python314\Mega Downloader\venv\Lib\site-packages\yt_dlp\socks.py", line 259, in _make_proxy
    result = connect_func(self, (self._proxy.host, self._proxy.port))
             ^^^^^^^^^^^^^^^^^^^^^^^^^^^^^^^^^^^^^^^^^^^^^^^^^^^^^^^^
ConnectionRefusedError: [WinError 10061] No connection could be made because the target machine actively refused it

The above exception was the direct cause of the following exception:

Traceback (most recent call last):
  File "C:\Users\Asus\AppData\Local\Programs\Python\Python314\Mega Downloader\venv\Lib\site-packages\urllib3\connectionpool.py", line 788, in urlopen
    response = self._make_request(
               ^^^^^^^^^^^^^^^^^^^
  File "C:\Users\Asus\AppData\Local\Programs\Python\Python314\Mega Downloader\venv\Lib\site-packages\urllib3\connectionpool.py", line 488, in _make_request
    raise new_e
  File "C:\Users\Asus\AppData\Local\Programs\Python\Python314\Mega Downloader\venv\Lib\site-packages\urllib3\connectionpool.py", line 464, in _make_request
    self._validate_conn(conn)
  File "C:\Users\Asus\AppData\Local\Programs\Python\Python314\Mega Downloader\venv\Lib\site-packages\urllib3\connectionpool.py", line 1106, in _validate_conn
    conn.connect()
  File "C:\Users\Asus\AppData\Local\Programs\Python\Python314\Mega Downloader\venv\Lib\site-packages\urllib3\connection.py", line 759, in connect
    self.sock = sock = self._new_conn()
                       ^^^^^^^^^^^^^^^^
  File "C:\Users\Asus\AppData\Local\Programs\Python\Python314\Mega Downloader\venv\Lib\site-packages\yt_dlp\networking\_requests.py", line 391, in _new_conn
    raise urllib3.exceptions.NewConnectionError(
urllib3.exceptions.NewConnectionError: SocksHTTPSConnection(host='api.telegram.org', port=443): Failed to establish a new connection: [WinError 10061] No connection could be made because the target machine actively refused it

The above exception was the direct cause of the following exception:

Traceback (most recent call last):
  File "C:\Users\Asus\AppData\Local\Programs\Python\Python314\Mega Downloader\venv\Lib\site-packages\requests\adapters.py", line 696, in send
    resp = conn.urlopen(
           ^^^^^^^^^^^^^
  File "C:\Users\Asus\AppData\Local\Programs\Python\Python314\Mega Downloader\venv\Lib\site-packages\urllib3\connectionpool.py", line 842, in urlopen
    retries = retries.increment(
              ^^^^^^^^^^^^^^^^^^
  File "C:\Users\Asus\AppData\Local\Programs\Python\Python314\Mega Downloader\venv\Lib\site-packages\urllib3\util\retry.py", line 543, in increment
    raise MaxRetryError(_pool, url, reason) from reason  # type: ignore[arg-type]
    ^^^^^^^^^^^^^^^^^^^^^^^^^^^^^^^^^^^^^^^^^^^^^^^^^^^
urllib3.exceptions.MaxRetryError: SocksHTTPSConnectionPool(host='api.telegram.org', port=443): Max retries exceeded with url: /bot8893611617:***********************************/getMe (Caused by NewConnectionError("SocksHTTPSConnection(host='api.telegram.org', port=443): Failed to establish a new connection: [WinError 10061] No connection could be made because the target machine actively refused it"))

During handling of the above exception, another exception occurred:

Traceback (most recent call last):
  File "C:\Users\Asus\AppData\Local\Programs\Python\Python314\Mega Downloader\venv\Lib\site-packages\telebot\__init__.py", line 1136, in infinity_polling
    self.polling(non_stop=True, timeout=timeout, long_polling_timeout=long_polling_timeout,
  File "C:\Users\Asus\AppData\Local\Programs\Python\Python314\Mega Downloader\venv\Lib\site-packages\telebot\__init__.py", line 1221, in polling
    logger.info('Starting your bot with username: [@%s]', self.user.username)
                                                          ^^^^^^^^^
  File "C:\Users\Asus\AppData\Local\Programs\Python\Python314\Mega Downloader\venv\Lib\site-packages\telebot\__init__.py", line 308, in user
    self._user = self.get_me()
                 ^^^^^^^^^^^^^
  File "C:\Users\Asus\AppData\Local\Programs\Python\Python314\Mega Downloader\venv\Lib\site-packages\telebot\__init__.py", line 1408, in get_me
    apihelper.get_me(self.token)
  File "C:\Users\Asus\AppData\Local\Programs\Python\Python314\Mega Downloader\venv\Lib\site-packages\telebot\apihelper.py", line 204, in get_me
    return _make_request(token, method_url)
           ^^^^^^^^^^^^^^^^^^^^^^^^^^^^^^^^
  File "C:\Users\Asus\AppData\Local\Programs\Python\Python314\Mega Downloader\venv\Lib\site-packages\telebot\apihelper.py", line 162, in _make_request
    result = _get_req_session().request(
             ^^^^^^^^^^^^^^^^^^^^^^^^^^^
  File "C:\Users\Asus\AppData\Local\Programs\Python\Python314\Mega Downloader\venv\Lib\site-packages\requests\sessions.py", line 651, in request
    resp = self.send(prep, **send_kwargs)
           ^^^^^^^^^^^^^^^^^^^^^^^^^^^^^^
  File "C:\Users\Asus\AppData\Local\Programs\Python\Python314\Mega Downloader\venv\Lib\site-packages\requests\sessions.py", line 784, in send
    r = adapter.send(request, **kwargs)
        ^^^^^^^^^^^^^^^^^^^^^^^^^^^^^^^
  File "C:\Users\Asus\AppData\Local\Programs\Python\Python314\Mega Downloader\venv\Lib\site-packages\requests\adapters.py", line 729, in send
    raise ConnectionError(e, request=request)
requests.exceptions.ConnectionError: SocksHTTPSConnectionPool(host='api.telegram.org', port=443): Max retries exceeded with url: /bot8893611617:***********************************/getMe (Caused by NewConnectionError("SocksHTTPSConnection(host='api.telegram.org', port=443): Failed to establish a new connection: [WinError 10061] No connection could be made because the target machine actively refused it"))

2026-07-10 12:02:11,913 [ERROR] TeleBot: Exception traceback:
Traceback (most recent call last):
  File "C:\Users\Asus\AppData\Local\Programs\Python\Python314\Mega Downloader\venv\Lib\site-packages\yt_dlp\networking\_requests.py", line 379, in _new_conn
    return create_connection(
           ^^^^^^^^^^^^^^^^^^
  File "C:\Users\Asus\AppData\Local\Programs\Python\Python314\Mega Downloader\venv\Lib\site-packages\yt_dlp\networking\_helper.py", line 269, in create_connection
    raise err
  File "C:\Users\Asus\AppData\Local\Programs\Python\Python314\Mega Downloader\venv\Lib\site-packages\yt_dlp\networking\_helper.py", line 260, in create_connection
    sock = _create_socket_func(ip_addr, timeout, source_address)
           ^^^^^^^^^^^^^^^^^^^^^^^^^^^^^^^^^^^^^^^^^^^^^^^^^^^^^
  File "C:\Users\Asus\AppData\Local\Programs\Python\Python314\Mega Downloader\venv\Lib\site-packages\yt_dlp\networking\_helper.py", line 228, in create_socks_proxy_socket
    sock.connect(dest_addr)
  File "C:\Users\Asus\AppData\Local\Programs\Python\Python314\Mega Downloader\venv\Lib\site-packages\yt_dlp\socks.py", line 271, in connect
    self._make_proxy(socket.socket.connect, address)
  File "C:\Users\Asus\AppData\Local\Programs\Python\Python314\Mega Downloader\venv\Lib\site-packages\yt_dlp\socks.py", line 259, in _make_proxy
    result = connect_func(self, (self._proxy.host, self._proxy.port))
             ^^^^^^^^^^^^^^^^^^^^^^^^^^^^^^^^^^^^^^^^^^^^^^^^^^^^^^^^
ConnectionRefusedError: [WinError 10061] No connection could be made because the target machine actively refused it

The above exception was the direct cause of the following exception:

Traceback (most recent call last):
  File "C:\Users\Asus\AppData\Local\Programs\Python\Python314\Mega Downloader\venv\Lib\site-packages\urllib3\connectionpool.py", line 788, in urlopen
    response = self._make_request(
               ^^^^^^^^^^^^^^^^^^^
  File "C:\Users\Asus\AppData\Local\Programs\Python\Python314\Mega Downloader\venv\Lib\site-packages\urllib3\connectionpool.py", line 488, in _make_request
    raise new_e
  File "C:\Users\Asus\AppData\Local\Programs\Python\Python314\Mega Downloader\venv\Lib\site-packages\urllib3\connectionpool.py", line 464, in _make_request
    self._validate_conn(conn)
  File "C:\Users\Asus\AppData\Local\Programs\Python\Python314\Mega Downloader\venv\Lib\site-packages\urllib3\connectionpool.py", line 1106, in _validate_conn
    conn.connect()
  File "C:\Users\Asus\AppData\Local\Programs\Python\Python314\Mega Downloader\venv\Lib\site-packages\urllib3\connection.py", line 759, in connect
    self.sock = sock = self._new_conn()
                       ^^^^^^^^^^^^^^^^
  File "C:\Users\Asus\AppData\Local\Programs\Python\Python314\Mega Downloader\venv\Lib\site-packages\yt_dlp\networking\_requests.py", line 391, in _new_conn
    raise urllib3.exceptions.NewConnectionError(
urllib3.exceptions.NewConnectionError: SocksHTTPSConnection(host='api.telegram.org', port=443): Failed to establish a new connection: [WinError 10061] No connection could be made because the target machine actively refused it

The above exception was the direct cause of the following exception:

Traceback (most recent call last):
  File "C:\Users\Asus\AppData\Local\Programs\Python\Python314\Mega Downloader\venv\Lib\site-packages\requests\adapters.py", line 696, in send
    resp = conn.urlopen(
           ^^^^^^^^^^^^^
  File "C:\Users\Asus\AppData\Local\Programs\Python\Python314\Mega Downloader\venv\Lib\site-packages\urllib3\connectionpool.py", line 842, in urlopen
    retries = retries.increment(
              ^^^^^^^^^^^^^^^^^^
  File "C:\Users\Asus\AppData\Local\Programs\Python\Python314\Mega Downloader\venv\Lib\site-packages\urllib3\util\retry.py", line 543, in increment
    raise MaxRetryError(_pool, url, reason) from reason  # type: ignore[arg-type]
    ^^^^^^^^^^^^^^^^^^^^^^^^^^^^^^^^^^^^^^^^^^^^^^^^^^^
urllib3.exceptions.MaxRetryError: SocksHTTPSConnectionPool(host='api.telegram.org', port=443): Max retries exceeded with url: /bot8893611617:***********************************/getMe (Caused by NewConnectionError("SocksHTTPSConnection(host='api.telegram.org', port=443): Failed to establish a new connection: [WinError 10061] No connection could be made because the target machine actively refused it"))

During handling of the above exception, another exception occurred:

Traceback (most recent call last):
  File "C:\Users\Asus\AppData\Local\Programs\Python\Python314\Mega Downloader\venv\Lib\site-packages\telebot\__init__.py", line 1136, in infinity_polling
    self.polling(non_stop=True, timeout=timeout, long_polling_timeout=long_polling_timeout,
  File "C:\Users\Asus\AppData\Local\Programs\Python\Python314\Mega Downloader\venv\Lib\site-packages\telebot\__init__.py", line 1221, in polling
    logger.info('Starting your bot with username: [@%s]', self.user.username)
                                                          ^^^^^^^^^
  File "C:\Users\Asus\AppData\Local\Programs\Python\Python314\Mega Downloader\venv\Lib\site-packages\telebot\__init__.py", line 308, in user
    self._user = self.get_me()
                 ^^^^^^^^^^^^^
  File "C:\Users\Asus\AppData\Local\Programs\Python\Python314\Mega Downloader\venv\Lib\site-packages\telebot\__init__.py", line 1408, in get_me
    apihelper.get_me(self.token)
  File "C:\Users\Asus\AppData\Local\Programs\Python\Python314\Mega Downloader\venv\Lib\site-packages\telebot\apihelper.py", line 204, in get_me
    return _make_request(token, method_url)
           ^^^^^^^^^^^^^^^^^^^^^^^^^^^^^^^^
  File "C:\Users\Asus\AppData\Local\Programs\Python\Python314\Mega Downloader\venv\Lib\site-packages\telebot\apihelper.py", line 162, in _make_request
    result = _get_req_session().request(
             ^^^^^^^^^^^^^^^^^^^^^^^^^^^
  File "C:\Users\Asus\AppData\Local\Programs\Python\Python314\Mega Downloader\venv\Lib\site-packages\requests\sessions.py", line 651, in request
    resp = self.send(prep, **send_kwargs)
           ^^^^^^^^^^^^^^^^^^^^^^^^^^^^^^
  File "C:\Users\Asus\AppData\Local\Programs\Python\Python314\Mega Downloader\venv\Lib\site-packages\requests\sessions.py", line 784, in send
    r = adapter.send(request, **kwargs)
        ^^^^^^^^^^^^^^^^^^^^^^^^^^^^^^^
  File "C:\Users\Asus\AppData\Local\Programs\Python\Python314\Mega Downloader\venv\Lib\site-packages\requests\adapters.py", line 729, in send
    raise ConnectionError(e, request=request)
requests.exceptions.ConnectionError: SocksHTTPSConnectionPool(host='api.telegram.org', port=443): Max retries exceeded with url: /bot8893611617:***********************************/getMe (Caused by NewConnectionError("SocksHTTPSConnection(host='api.telegram.org', port=443): Failed to establish a new connection: [WinError 10061] No connection could be made because the target machine actively refused it"))

2026-07-10 12:02:16,950 [ERROR] TeleBot: Exception traceback:
Traceback (most recent call last):
  File "C:\Users\Asus\AppData\Local\Programs\Python\Python314\Mega Downloader\venv\Lib\site-packages\yt_dlp\networking\_requests.py", line 379, in _new_conn
    return create_connection(
           ^^^^^^^^^^^^^^^^^^
  File "C:\Users\Asus\AppData\Local\Programs\Python\Python314\Mega Downloader\venv\Lib\site-packages\yt_dlp\networking\_helper.py", line 269, in create_connection
    raise err
  File "C:\Users\Asus\AppData\Local\Programs\Python\Python314\Mega Downloader\venv\Lib\site-packages\yt_dlp\networking\_helper.py", line 260, in create_connection
    sock = _create_socket_func(ip_addr, timeout, source_address)
           ^^^^^^^^^^^^^^^^^^^^^^^^^^^^^^^^^^^^^^^^^^^^^^^^^^^^^
  File "C:\Users\Asus\AppData\Local\Programs\Python\Python314\Mega Downloader\venv\Lib\site-packages\yt_dlp\networking\_helper.py", line 228, in create_socks_proxy_socket
    sock.connect(dest_addr)
  File "C:\Users\Asus\AppData\Local\Programs\Python\Python314\Mega Downloader\venv\Lib\site-packages\yt_dlp\socks.py", line 271, in connect
    self._make_proxy(socket.socket.connect, address)
  File "C:\Users\Asus\AppData\Local\Programs\Python\Python314\Mega Downloader\venv\Lib\site-packages\yt_dlp\socks.py", line 259, in _make_proxy
    result = connect_func(self, (self._proxy.host, self._proxy.port))
             ^^^^^^^^^^^^^^^^^^^^^^^^^^^^^^^^^^^^^^^^^^^^^^^^^^^^^^^^
ConnectionRefusedError: [WinError 10061] No connection could be made because the target machine actively refused it

The above exception was the direct cause of the following exception:

Traceback (most recent call last):
  File "C:\Users\Asus\AppData\Local\Programs\Python\Python314\Mega Downloader\venv\Lib\site-packages\urllib3\connectionpool.py", line 788, in urlopen
    response = self._make_request(
               ^^^^^^^^^^^^^^^^^^^
  File "C:\Users\Asus\AppData\Local\Programs\Python\Python314\Mega Downloader\venv\Lib\site-packages\urllib3\connectionpool.py", line 488, in _make_request
    raise new_e
  File "C:\Users\Asus\AppData\Local\Programs\Python\Python314\Mega Downloader\venv\Lib\site-packages\urllib3\connectionpool.py", line 464, in _make_request
    self._validate_conn(conn)
  File "C:\Users\Asus\AppData\Local\Programs\Python\Python314\Mega Downloader\venv\Lib\site-packages\urllib3\connectionpool.py", line 1106, in _validate_conn
    conn.connect()
  File "C:\Users\Asus\AppData\Local\Programs\Python\Python314\Mega Downloader\venv\Lib\site-packages\urllib3\connection.py", line 759, in connect
    self.sock = sock = self._new_conn()
                       ^^^^^^^^^^^^^^^^
  File "C:\Users\Asus\AppData\Local\Programs\Python\Python314\Mega Downloader\venv\Lib\site-packages\yt_dlp\networking\_requests.py", line 391, in _new_conn
    raise urllib3.exceptions.NewConnectionError(
urllib3.exceptions.NewConnectionError: SocksHTTPSConnection(host='api.telegram.org', port=443): Failed to establish a new connection: [WinError 10061] No connection could be made because the target machine actively refused it

The above exception was the direct cause of the following exception:

Traceback (most recent call last):
  File "C:\Users\Asus\AppData\Local\Programs\Python\Python314\Mega Downloader\venv\Lib\site-packages\requests\adapters.py", line 696, in send
    resp = conn.urlopen(
           ^^^^^^^^^^^^^
  File "C:\Users\Asus\AppData\Local\Programs\Python\Python314\Mega Downloader\venv\Lib\site-packages\urllib3\connectionpool.py", line 842, in urlopen
    retries = retries.increment(
              ^^^^^^^^^^^^^^^^^^
  File "C:\Users\Asus\AppData\Local\Programs\Python\Python314\Mega Downloader\venv\Lib\site-packages\urllib3\util\retry.py", line 543, in increment
    raise MaxRetryError(_pool, url, reason) from reason  # type: ignore[arg-type]
    ^^^^^^^^^^^^^^^^^^^^^^^^^^^^^^^^^^^^^^^^^^^^^^^^^^^
urllib3.exceptions.MaxRetryError: SocksHTTPSConnectionPool(host='api.telegram.org', port=443): Max retries exceeded with url: /bot8893611617:***********************************/getMe (Caused by NewConnectionError("SocksHTTPSConnection(host='api.telegram.org', port=443): Failed to establish a new connection: [WinError 10061] No connection could be made because the target machine actively refused it"))

During handling of the above exception, another exception occurred:

Traceback (most recent call last):
  File "C:\Users\Asus\AppData\Local\Programs\Python\Python314\Mega Downloader\venv\Lib\site-packages\telebot\__init__.py", line 1136, in infinity_polling
    self.polling(non_stop=True, timeout=timeout, long_polling_timeout=long_polling_timeout,
  File "C:\Users\Asus\AppData\Local\Programs\Python\Python314\Mega Downloader\venv\Lib\site-packages\telebot\__init__.py", line 1221, in polling
    logger.info('Starting your bot with username: [@%s]', self.user.username)
                                                          ^^^^^^^^^
  File "C:\Users\Asus\AppData\Local\Programs\Python\Python314\Mega Downloader\venv\Lib\site-packages\telebot\__init__.py", line 308, in user
    self._user = self.get_me()
                 ^^^^^^^^^^^^^
  File "C:\Users\Asus\AppData\Local\Programs\Python\Python314\Mega Downloader\venv\Lib\site-packages\telebot\__init__.py", line 1408, in get_me
    apihelper.get_me(self.token)
  File "C:\Users\Asus\AppData\Local\Programs\Python\Python314\Mega Downloader\venv\Lib\site-packages\telebot\apihelper.py", line 204, in get_me
    return _make_request(token, method_url)
           ^^^^^^^^^^^^^^^^^^^^^^^^^^^^^^^^
  File "C:\Users\Asus\AppData\Local\Programs\Python\Python314\Mega Downloader\venv\Lib\site-packages\telebot\apihelper.py", line 162, in _make_request
    result = _get_req_session().request(
             ^^^^^^^^^^^^^^^^^^^^^^^^^^^
  File "C:\Users\Asus\AppData\Local\Programs\Python\Python314\Mega Downloader\venv\Lib\site-packages\requests\sessions.py", line 651, in request
    resp = self.send(prep, **send_kwargs)
           ^^^^^^^^^^^^^^^^^^^^^^^^^^^^^^
  File "C:\Users\Asus\AppData\Local\Programs\Python\Python314\Mega Downloader\venv\Lib\site-packages\requests\sessions.py", line 784, in send
    r = adapter.send(request, **kwargs)
        ^^^^^^^^^^^^^^^^^^^^^^^^^^^^^^^
  File "C:\Users\Asus\AppData\Local\Programs\Python\Python314\Mega Downloader\venv\Lib\site-packages\requests\adapters.py", line 729, in send
    raise ConnectionError(e, request=request)
requests.exceptions.ConnectionError: SocksHTTPSConnectionPool(host='api.telegram.org', port=443): Max retries exceeded with url: /bot8893611617:***********************************/getMe (Caused by NewConnectionError("SocksHTTPSConnection(host='api.telegram.org', port=443): Failed to establish a new connection: [WinError 10061] No connection could be made because the target machine actively refused it"))

2026-07-10 12:02:21,992 [ERROR] TeleBot: Exception traceback:
Traceback (most recent call last):
  File "C:\Users\Asus\AppData\Local\Programs\Python\Python314\Mega Downloader\venv\Lib\site-packages\yt_dlp\networking\_requests.py", line 379, in _new_conn
    return create_connection(
           ^^^^^^^^^^^^^^^^^^
  File "C:\Users\Asus\AppData\Local\Programs\Python\Python314\Mega Downloader\venv\Lib\site-packages\yt_dlp\networking\_helper.py", line 269, in create_connection
    raise err
  File "C:\Users\Asus\AppData\Local\Programs\Python\Python314\Mega Downloader\venv\Lib\site-packages\yt_dlp\networking\_helper.py", line 260, in create_connection
    sock = _create_socket_func(ip_addr, timeout, source_address)
           ^^^^^^^^^^^^^^^^^^^^^^^^^^^^^^^^^^^^^^^^^^^^^^^^^^^^^
  File "C:\Users\Asus\AppData\Local\Programs\Python\Python314\Mega Downloader\venv\Lib\site-packages\yt_dlp\networking\_helper.py", line 228, in create_socks_proxy_socket
    sock.connect(dest_addr)
  File "C:\Users\Asus\AppData\Local\Programs\Python\Python314\Mega Downloader\venv\Lib\site-packages\yt_dlp\socks.py", line 271, in connect
    self._make_proxy(socket.socket.connect, address)
  File "C:\Users\Asus\AppData\Local\Programs\Python\Python314\Mega Downloader\venv\Lib\site-packages\yt_dlp\socks.py", line 259, in _make_proxy
    result = connect_func(self, (self._proxy.host, self._proxy.port))
             ^^^^^^^^^^^^^^^^^^^^^^^^^^^^^^^^^^^^^^^^^^^^^^^^^^^^^^^^
ConnectionRefusedError: [WinError 10061] No connection could be made because the target machine actively refused it

The above exception was the direct cause of the following exception:

Traceback (most recent call last):
  File "C:\Users\Asus\AppData\Local\Programs\Python\Python314\Mega Downloader\venv\Lib\site-packages\urllib3\connectionpool.py", line 788, in urlopen
    response = self._make_request(
               ^^^^^^^^^^^^^^^^^^^
  File "C:\Users\Asus\AppData\Local\Programs\Python\Python314\Mega Downloader\venv\Lib\site-packages\urllib3\connectionpool.py", line 488, in _make_request
    raise new_e
  File "C:\Users\Asus\AppData\Local\Programs\Python\Python314\Mega Downloader\venv\Lib\site-packages\urllib3\connectionpool.py", line 464, in _make_request
    self._validate_conn(conn)
  File "C:\Users\Asus\AppData\Local\Programs\Python\Python314\Mega Downloader\venv\Lib\site-packages\urllib3\connectionpool.py", line 1106, in _validate_conn
    conn.connect()
  File "C:\Users\Asus\AppData\Local\Programs\Python\Python314\Mega Downloader\venv\Lib\site-packages\urllib3\connection.py", line 759, in connect
    self.sock = sock = self._new_conn()
                       ^^^^^^^^^^^^^^^^
  File "C:\Users\Asus\AppData\Local\Programs\Python\Python314\Mega Downloader\venv\Lib\site-packages\yt_dlp\networking\_requests.py", line 391, in _new_conn
    raise urllib3.exceptions.NewConnectionError(
urllib3.exceptions.NewConnectionError: SocksHTTPSConnection(host='api.telegram.org', port=443): Failed to establish a new connection: [WinError 10061] No connection could be made because the target machine actively refused it

The above exception was the direct cause of the following exception:

Traceback (most recent call last):
  File "C:\Users\Asus\AppData\Local\Programs\Python\Python314\Mega Downloader\venv\Lib\site-packages\requests\adapters.py", line 696, in send
    resp = conn.urlopen(
           ^^^^^^^^^^^^^
  File "C:\Users\Asus\AppData\Local\Programs\Python\Python314\Mega Downloader\venv\Lib\site-packages\urllib3\connectionpool.py", line 842, in urlopen
    retries = retries.increment(
              ^^^^^^^^^^^^^^^^^^
  File "C:\Users\Asus\AppData\Local\Programs\Python\Python314\Mega Downloader\venv\Lib\site-packages\urllib3\util\retry.py", line 543, in increment
    raise MaxRetryError(_pool, url, reason) from reason  # type: ignore[arg-type]
    ^^^^^^^^^^^^^^^^^^^^^^^^^^^^^^^^^^^^^^^^^^^^^^^^^^^
urllib3.exceptions.MaxRetryError: SocksHTTPSConnectionPool(host='api.telegram.org', port=443): Max retries exceeded with url: /bot8893611617:***********************************/getMe (Caused by NewConnectionError("SocksHTTPSConnection(host='api.telegram.org', port=443): Failed to establish a new connection: [WinError 10061] No connection could be made because the target machine actively refused it"))

During handling of the above exception, another exception occurred:

Traceback (most recent call last):
  File "C:\Users\Asus\AppData\Local\Programs\Python\Python314\Mega Downloader\venv\Lib\site-packages\telebot\__init__.py", line 1136, in infinity_polling
    self.polling(non_stop=True, timeout=timeout, long_polling_timeout=long_polling_timeout,
  File "C:\Users\Asus\AppData\Local\Programs\Python\Python314\Mega Downloader\venv\Lib\site-packages\telebot\__init__.py", line 1221, in polling
    logger.info('Starting your bot with username: [@%s]', self.user.username)
                                                          ^^^^^^^^^
  File "C:\Users\Asus\AppData\Local\Programs\Python\Python314\Mega Downloader\venv\Lib\site-packages\telebot\__init__.py", line 308, in user
    self._user = self.get_me()
                 ^^^^^^^^^^^^^
  File "C:\Users\Asus\AppData\Local\Programs\Python\Python314\Mega Downloader\venv\Lib\site-packages\telebot\__init__.py", line 1408, in get_me
    apihelper.get_me(self.token)
  File "C:\Users\Asus\AppData\Local\Programs\Python\Python314\Mega Downloader\venv\Lib\site-packages\telebot\apihelper.py", line 204, in get_me
    return _make_request(token, method_url)
           ^^^^^^^^^^^^^^^^^^^^^^^^^^^^^^^^
  File "C:\Users\Asus\AppData\Local\Programs\Python\Python314\Mega Downloader\venv\Lib\site-packages\telebot\apihelper.py", line 162, in _make_request
    result = _get_req_session().request(
             ^^^^^^^^^^^^^^^^^^^^^^^^^^^
  File "C:\Users\Asus\AppData\Local\Programs\Python\Python314\Mega Downloader\venv\Lib\site-packages\requests\sessions.py", line 651, in request
    resp = self.send(prep, **send_kwargs)
           ^^^^^^^^^^^^^^^^^^^^^^^^^^^^^^
  File "C:\Users\Asus\AppData\Local\Programs\Python\Python314\Mega Downloader\venv\Lib\site-packages\requests\sessions.py", line 784, in send
    r = adapter.send(request, **kwargs)
        ^^^^^^^^^^^^^^^^^^^^^^^^^^^^^^^
  File "C:\Users\Asus\AppData\Local\Programs\Python\Python314\Mega Downloader\venv\Lib\site-packages\requests\adapters.py", line 729, in send
    raise ConnectionError(e, request=request)
requests.exceptions.ConnectionError: SocksHTTPSConnectionPool(host='api.telegram.org', port=443): Max retries exceeded with url: /bot8893611617:***********************************/getMe (Caused by NewConnectionError("SocksHTTPSConnection(host='api.telegram.org', port=443): Failed to establish a new connection: [WinError 10061] No connection could be made because the target machine actively refused it"))

2026-07-10 12:02:27,032 [ERROR] TeleBot: Exception traceback:
Traceback (most recent call last):
  File "C:\Users\Asus\AppData\Local\Programs\Python\Python314\Mega Downloader\venv\Lib\site-packages\yt_dlp\networking\_requests.py", line 379, in _new_conn
    return create_connection(
           ^^^^^^^^^^^^^^^^^^
  File "C:\Users\Asus\AppData\Local\Programs\Python\Python314\Mega Downloader\venv\Lib\site-packages\yt_dlp\networking\_helper.py", line 269, in create_connection
    raise err
  File "C:\Users\Asus\AppData\Local\Programs\Python\Python314\Mega Downloader\venv\Lib\site-packages\yt_dlp\networking\_helper.py", line 260, in create_connection
    sock = _create_socket_func(ip_addr, timeout, source_address)
           ^^^^^^^^^^^^^^^^^^^^^^^^^^^^^^^^^^^^^^^^^^^^^^^^^^^^^
  File "C:\Users\Asus\AppData\Local\Programs\Python\Python314\Mega Downloader\venv\Lib\site-packages\yt_dlp\networking\_helper.py", line 228, in create_socks_proxy_socket
    sock.connect(dest_addr)
  File "C:\Users\Asus\AppData\Local\Programs\Python\Python314\Mega Downloader\venv\Lib\site-packages\yt_dlp\socks.py", line 271, in connect
    self._make_proxy(socket.socket.connect, address)
  File "C:\Users\Asus\AppData\Local\Programs\Python\Python314\Mega Downloader\venv\Lib\site-packages\yt_dlp\socks.py", line 259, in _make_proxy
    result = connect_func(self, (self._proxy.host, self._proxy.port))
             ^^^^^^^^^^^^^^^^^^^^^^^^^^^^^^^^^^^^^^^^^^^^^^^^^^^^^^^^
ConnectionRefusedError: [WinError 10061] No connection could be made because the target machine actively refused it

The above exception was the direct cause of the following exception:

Traceback (most recent call last):
  File "C:\Users\Asus\AppData\Local\Programs\Python\Python314\Mega Downloader\venv\Lib\site-packages\urllib3\connectionpool.py", line 788, in urlopen
    response = self._make_request(
               ^^^^^^^^^^^^^^^^^^^
  File "C:\Users\Asus\AppData\Local\Programs\Python\Python314\Mega Downloader\venv\Lib\site-packages\urllib3\connectionpool.py", line 488, in _make_request
    raise new_e
  File "C:\Users\Asus\AppData\Local\Programs\Python\Python314\Mega Downloader\venv\Lib\site-packages\urllib3\connectionpool.py", line 464, in _make_request
    self._validate_conn(conn)
  File "C:\Users\Asus\AppData\Local\Programs\Python\Python314\Mega Downloader\venv\Lib\site-packages\urllib3\connectionpool.py", line 1106, in _validate_conn
    conn.connect()
  File "C:\Users\Asus\AppData\Local\Programs\Python\Python314\Mega Downloader\venv\Lib\site-packages\urllib3\connection.py", line 759, in connect
    self.sock = sock = self._new_conn()
                       ^^^^^^^^^^^^^^^^
  File "C:\Users\Asus\AppData\Local\Programs\Python\Python314\Mega Downloader\venv\Lib\site-packages\yt_dlp\networking\_requests.py", line 391, in _new_conn
    raise urllib3.exceptions.NewConnectionError(
urllib3.exceptions.NewConnectionError: SocksHTTPSConnection(host='api.telegram.org', port=443): Failed to establish a new connection: [WinError 10061] No connection could be made because the target machine actively refused it

The above exception was the direct cause of the following exception:

Traceback (most recent call last):
  File "C:\Users\Asus\AppData\Local\Programs\Python\Python314\Mega Downloader\venv\Lib\site-packages\requests\adapters.py", line 696, in send
    resp = conn.urlopen(
           ^^^^^^^^^^^^^
  File "C:\Users\Asus\AppData\Local\Programs\Python\Python314\Mega Downloader\venv\Lib\site-packages\urllib3\connectionpool.py", line 842, in urlopen
    retries = retries.increment(
              ^^^^^^^^^^^^^^^^^^
  File "C:\Users\Asus\AppData\Local\Programs\Python\Python314\Mega Downloader\venv\Lib\site-packages\urllib3\util\retry.py", line 543, in increment
    raise MaxRetryError(_pool, url, reason) from reason  # type: ignore[arg-type]
    ^^^^^^^^^^^^^^^^^^^^^^^^^^^^^^^^^^^^^^^^^^^^^^^^^^^
urllib3.exceptions.MaxRetryError: SocksHTTPSConnectionPool(host='api.telegram.org', port=443): Max retries exceeded with url: /bot8893611617:***********************************/getMe (Caused by NewConnectionError("SocksHTTPSConnection(host='api.telegram.org', port=443): Failed to establish a new connection: [WinError 10061] No connection could be made because the target machine actively refused it"))

During handling of the above exception, another exception occurred:

Traceback (most recent call last):
  File "C:\Users\Asus\AppData\Local\Programs\Python\Python314\Mega Downloader\venv\Lib\site-packages\telebot\__init__.py", line 1136, in infinity_polling
    self.polling(non_stop=True, timeout=timeout, long_polling_timeout=long_polling_timeout,
  File "C:\Users\Asus\AppData\Local\Programs\Python\Python314\Mega Downloader\venv\Lib\site-packages\telebot\__init__.py", line 1221, in polling
    logger.info('Starting your bot with username: [@%s]', self.user.username)
                                                          ^^^^^^^^^
  File "C:\Users\Asus\AppData\Local\Programs\Python\Python314\Mega Downloader\venv\Lib\site-packages\telebot\__init__.py", line 308, in user
    self._user = self.get_me()
                 ^^^^^^^^^^^^^
  File "C:\Users\Asus\AppData\Local\Programs\Python\Python314\Mega Downloader\venv\Lib\site-packages\telebot\__init__.py", line 1408, in get_me
    apihelper.get_me(self.token)
  File "C:\Users\Asus\AppData\Local\Programs\Python\Python314\Mega Downloader\venv\Lib\site-packages\telebot\apihelper.py", line 204, in get_me
    return _make_request(token, method_url)
           ^^^^^^^^^^^^^^^^^^^^^^^^^^^^^^^^
  File "C:\Users\Asus\AppData\Local\Programs\Python\Python314\Mega Downloader\venv\Lib\site-packages\telebot\apihelper.py", line 162, in _make_request
    result = _get_req_session().request(
             ^^^^^^^^^^^^^^^^^^^^^^^^^^^
  File "C:\Users\Asus\AppData\Local\Programs\Python\Python314\Mega Downloader\venv\Lib\site-packages\requests\sessions.py", line 651, in request
    resp = self.send(prep, **send_kwargs)
           ^^^^^^^^^^^^^^^^^^^^^^^^^^^^^^
  File "C:\Users\Asus\AppData\Local\Programs\Python\Python314\Mega Downloader\venv\Lib\site-packages\requests\sessions.py", line 784, in send
    r = adapter.send(request, **kwargs)
        ^^^^^^^^^^^^^^^^^^^^^^^^^^^^^^^
  File "C:\Users\Asus\AppData\Local\Programs\Python\Python314\Mega Downloader\venv\Lib\site-packages\requests\adapters.py", line 729, in send
    raise ConnectionError(e, request=request)
requests.exceptions.ConnectionError: SocksHTTPSConnectionPool(host='api.telegram.org', port=443): Max retries exceeded with url: /bot8893611617:***********************************/getMe (Caused by NewConnectionError("SocksHTTPSConnection(host='api.telegram.org', port=443): Failed to establish a new connection: [WinError 10061] No connection could be made because the target machine actively refused it"))

2026-07-10 12:02:32,092 [ERROR] TeleBot: Exception traceback:
Traceback (most recent call last):
  File "C:\Users\Asus\AppData\Local\Programs\Python\Python314\Mega Downloader\venv\Lib\site-packages\yt_dlp\networking\_requests.py", line 379, in _new_conn
    return create_connection(
           ^^^^^^^^^^^^^^^^^^
  File "C:\Users\Asus\AppData\Local\Programs\Python\Python314\Mega Downloader\venv\Lib\site-packages\yt_dlp\networking\_helper.py", line 269, in create_connection
    raise err
  File "C:\Users\Asus\AppData\Local\Programs\Python\Python314\Mega Downloader\venv\Lib\site-packages\yt_dlp\networking\_helper.py", line 260, in create_connection
    sock = _create_socket_func(ip_addr, timeout, source_address)
           ^^^^^^^^^^^^^^^^^^^^^^^^^^^^^^^^^^^^^^^^^^^^^^^^^^^^^
  File "C:\Users\Asus\AppData\Local\Programs\Python\Python314\Mega Downloader\venv\Lib\site-packages\yt_dlp\networking\_helper.py", line 228, in create_socks_proxy_socket
    sock.connect(dest_addr)
  File "C:\Users\Asus\AppData\Local\Programs\Python\Python314\Mega Downloader\venv\Lib\site-packages\yt_dlp\socks.py", line 271, in connect
    self._make_proxy(socket.socket.connect, address)
  File "C:\Users\Asus\AppData\Local\Programs\Python\Python314\Mega Downloader\venv\Lib\site-packages\yt_dlp\socks.py", line 259, in _make_proxy
    result = connect_func(self, (self._proxy.host, self._proxy.port))
             ^^^^^^^^^^^^^^^^^^^^^^^^^^^^^^^^^^^^^^^^^^^^^^^^^^^^^^^^
ConnectionRefusedError: [WinError 10061] No connection could be made because the target machine actively refused it

The above exception was the direct cause of the following exception:

Traceback (most recent call last):
  File "C:\Users\Asus\AppData\Local\Programs\Python\Python314\Mega Downloader\venv\Lib\site-packages\urllib3\connectionpool.py", line 788, in urlopen
    response = self._make_request(
               ^^^^^^^^^^^^^^^^^^^
  File "C:\Users\Asus\AppData\Local\Programs\Python\Python314\Mega Downloader\venv\Lib\site-packages\urllib3\connectionpool.py", line 488, in _make_request
    raise new_e
  File "C:\Users\Asus\AppData\Local\Programs\Python\Python314\Mega Downloader\venv\Lib\site-packages\urllib3\connectionpool.py", line 464, in _make_request
    self._validate_conn(conn)
  File "C:\Users\Asus\AppData\Local\Programs\Python\Python314\Mega Downloader\venv\Lib\site-packages\urllib3\connectionpool.py", line 1106, in _validate_conn
    conn.connect()
  File "C:\Users\Asus\AppData\Local\Programs\Python\Python314\Mega Downloader\venv\Lib\site-packages\urllib3\connection.py", line 759, in connect
    self.sock = sock = self._new_conn()
                       ^^^^^^^^^^^^^^^^
  File "C:\Users\Asus\AppData\Local\Programs\Python\Python314\Mega Downloader\venv\Lib\site-packages\yt_dlp\networking\_requests.py", line 391, in _new_conn
    raise urllib3.exceptions.NewConnectionError(
urllib3.exceptions.NewConnectionError: SocksHTTPSConnection(host='api.telegram.org', port=443): Failed to establish a new connection: [WinError 10061] No connection could be made because the target machine actively refused it

The above exception was the direct cause of the following exception:

Traceback (most recent call last):
  File "C:\Users\Asus\AppData\Local\Programs\Python\Python314\Mega Downloader\venv\Lib\site-packages\requests\adapters.py", line 696, in send
    resp = conn.urlopen(
           ^^^^^^^^^^^^^
  File "C:\Users\Asus\AppData\Local\Programs\Python\Python314\Mega Downloader\venv\Lib\site-packages\urllib3\connectionpool.py", line 842, in urlopen
    retries = retries.increment(
              ^^^^^^^^^^^^^^^^^^
  File "C:\Users\Asus\AppData\Local\Programs\Python\Python314\Mega Downloader\venv\Lib\site-packages\urllib3\util\retry.py", line 543, in increment
    raise MaxRetryError(_pool, url, reason) from reason  # type: ignore[arg-type]
    ^^^^^^^^^^^^^^^^^^^^^^^^^^^^^^^^^^^^^^^^^^^^^^^^^^^
urllib3.exceptions.MaxRetryError: SocksHTTPSConnectionPool(host='api.telegram.org', port=443): Max retries exceeded with url: /bot8893611617:***********************************/getMe (Caused by NewConnectionError("SocksHTTPSConnection(host='api.telegram.org', port=443): Failed to establish a new connection: [WinError 10061] No connection could be made because the target machine actively refused it"))

During handling of the above exception, another exception occurred:

Traceback (most recent call last):
  File "C:\Users\Asus\AppData\Local\Programs\Python\Python314\Mega Downloader\venv\Lib\site-packages\telebot\__init__.py", line 1136, in infinity_polling
    self.polling(non_stop=True, timeout=timeout, long_polling_timeout=long_polling_timeout,
  File "C:\Users\Asus\AppData\Local\Programs\Python\Python314\Mega Downloader\venv\Lib\site-packages\telebot\__init__.py", line 1221, in polling
    logger.info('Starting your bot with username: [@%s]', self.user.username)
                                                          ^^^^^^^^^
  File "C:\Users\Asus\AppData\Local\Programs\Python\Python314\Mega Downloader\venv\Lib\site-packages\telebot\__init__.py", line 308, in user
    self._user = self.get_me()
                 ^^^^^^^^^^^^^
  File "C:\Users\Asus\AppData\Local\Programs\Python\Python314\Mega Downloader\venv\Lib\site-packages\telebot\__init__.py", line 1408, in get_me
    apihelper.get_me(self.token)
  File "C:\Users\Asus\AppData\Local\Programs\Python\Python314\Mega Downloader\venv\Lib\site-packages\telebot\apihelper.py", line 204, in get_me
    return _make_request(token, method_url)
           ^^^^^^^^^^^^^^^^^^^^^^^^^^^^^^^^
  File "C:\Users\Asus\AppData\Local\Programs\Python\Python314\Mega Downloader\venv\Lib\site-packages\telebot\apihelper.py", line 162, in _make_request
    result = _get_req_session().request(
             ^^^^^^^^^^^^^^^^^^^^^^^^^^^
  File "C:\Users\Asus\AppData\Local\Programs\Python\Python314\Mega Downloader\venv\Lib\site-packages\requests\sessions.py", line 651, in request
    resp = self.send(prep, **send_kwargs)
           ^^^^^^^^^^^^^^^^^^^^^^^^^^^^^^
  File "C:\Users\Asus\AppData\Local\Programs\Python\Python314\Mega Downloader\venv\Lib\site-packages\requests\sessions.py", line 784, in send
    r = adapter.send(request, **kwargs)
        ^^^^^^^^^^^^^^^^^^^^^^^^^^^^^^^
  File "C:\Users\Asus\AppData\Local\Programs\Python\Python314\Mega Downloader\venv\Lib\site-packages\requests\adapters.py", line 729, in send
    raise ConnectionError(e, request=request)
requests.exceptions.ConnectionError: SocksHTTPSConnectionPool(host='api.telegram.org', port=443): Max retries exceeded with url: /bot8893611617:***********************************/getMe (Caused by NewConnectionError("SocksHTTPSConnection(host='api.telegram.org', port=443): Failed to establish a new connection: [WinError 10061] No connection could be made because the target machine actively refused it"))

2026-07-10 12:02:37,122 [ERROR] TeleBot: Exception traceback:
Traceback (most recent call last):
  File "C:\Users\Asus\AppData\Local\Programs\Python\Python314\Mega Downloader\venv\Lib\site-packages\yt_dlp\networking\_requests.py", line 379, in _new_conn
    return create_connection(
           ^^^^^^^^^^^^^^^^^^
  File "C:\Users\Asus\AppData\Local\Programs\Python\Python314\Mega Downloader\venv\Lib\site-packages\yt_dlp\networking\_helper.py", line 269, in create_connection
    raise err
  File "C:\Users\Asus\AppData\Local\Programs\Python\Python314\Mega Downloader\venv\Lib\site-packages\yt_dlp\networking\_helper.py", line 260, in create_connection
    sock = _create_socket_func(ip_addr, timeout, source_address)
           ^^^^^^^^^^^^^^^^^^^^^^^^^^^^^^^^^^^^^^^^^^^^^^^^^^^^^
  File "C:\Users\Asus\AppData\Local\Programs\Python\Python314\Mega Downloader\venv\Lib\site-packages\yt_dlp\networking\_helper.py", line 228, in create_socks_proxy_socket
    sock.connect(dest_addr)
  File "C:\Users\Asus\AppData\Local\Programs\Python\Python314\Mega Downloader\venv\Lib\site-packages\yt_dlp\socks.py", line 271, in connect
    self._make_proxy(socket.socket.connect, address)
  File "C:\Users\Asus\AppData\Local\Programs\Python\Python314\Mega Downloader\venv\Lib\site-packages\yt_dlp\socks.py", line 259, in _make_proxy
    result = connect_func(self, (self._proxy.host, self._proxy.port))
             ^^^^^^^^^^^^^^^^^^^^^^^^^^^^^^^^^^^^^^^^^^^^^^^^^^^^^^^^
ConnectionRefusedError: [WinError 10061] No connection could be made because the target machine actively refused it

The above exception was the direct cause of the following exception:

Traceback (most recent call last):
  File "C:\Users\Asus\AppData\Local\Programs\Python\Python314\Mega Downloader\venv\Lib\site-packages\urllib3\connectionpool.py", line 788, in urlopen
    response = self._make_request(
               ^^^^^^^^^^^^^^^^^^^
  File "C:\Users\Asus\AppData\Local\Programs\Python\Python314\Mega Downloader\venv\Lib\site-packages\urllib3\connectionpool.py", line 488, in _make_request
    raise new_e
  File "C:\Users\Asus\AppData\Local\Programs\Python\Python314\Mega Downloader\venv\Lib\site-packages\urllib3\connectionpool.py", line 464, in _make_request
    self._validate_conn(conn)
  File "C:\Users\Asus\AppData\Local\Programs\Python\Python314\Mega Downloader\venv\Lib\site-packages\urllib3\connectionpool.py", line 1106, in _validate_conn
    conn.connect()
  File "C:\Users\Asus\AppData\Local\Programs\Python\Python314\Mega Downloader\venv\Lib\site-packages\urllib3\connection.py", line 759, in connect
    self.sock = sock = self._new_conn()
                       ^^^^^^^^^^^^^^^^
  File "C:\Users\Asus\AppData\Local\Programs\Python\Python314\Mega Downloader\venv\Lib\site-packages\yt_dlp\networking\_requests.py", line 391, in _new_conn
    raise urllib3.exceptions.NewConnectionError(
urllib3.exceptions.NewConnectionError: SocksHTTPSConnection(host='api.telegram.org', port=443): Failed to establish a new connection: [WinError 10061] No connection could be made because the target machine actively refused it

The above exception was the direct cause of the following exception:

Traceback (most recent call last):
  File "C:\Users\Asus\AppData\Local\Programs\Python\Python314\Mega Downloader\venv\Lib\site-packages\requests\adapters.py", line 696, in send
    resp = conn.urlopen(
           ^^^^^^^^^^^^^
  File "C:\Users\Asus\AppData\Local\Programs\Python\Python314\Mega Downloader\venv\Lib\site-packages\urllib3\connectionpool.py", line 842, in urlopen
    retries = retries.increment(
              ^^^^^^^^^^^^^^^^^^
  File "C:\Users\Asus\AppData\Local\Programs\Python\Python314\Mega Downloader\venv\Lib\site-packages\urllib3\util\retry.py", line 543, in increment
    raise MaxRetryError(_pool, url, reason) from reason  # type: ignore[arg-type]
    ^^^^^^^^^^^^^^^^^^^^^^^^^^^^^^^^^^^^^^^^^^^^^^^^^^^
urllib3.exceptions.MaxRetryError: SocksHTTPSConnectionPool(host='api.telegram.org', port=443): Max retries exceeded with url: /bot8893611617:***********************************/getMe (Caused by NewConnectionError("SocksHTTPSConnection(host='api.telegram.org', port=443): Failed to establish a new connection: [WinError 10061] No connection could be made because the target machine actively refused it"))

During handling of the above exception, another exception occurred:

Traceback (most recent call last):
  File "C:\Users\Asus\AppData\Local\Programs\Python\Python314\Mega Downloader\venv\Lib\site-packages\telebot\__init__.py", line 1136, in infinity_polling
    self.polling(non_stop=True, timeout=timeout, long_polling_timeout=long_polling_timeout,
  File "C:\Users\Asus\AppData\Local\Programs\Python\Python314\Mega Downloader\venv\Lib\site-packages\telebot\__init__.py", line 1221, in polling
    logger.info('Starting your bot with username: [@%s]', self.user.username)
                                                          ^^^^^^^^^
  File "C:\Users\Asus\AppData\Local\Programs\Python\Python314\Mega Downloader\venv\Lib\site-packages\telebot\__init__.py", line 308, in user
    self._user = self.get_me()
                 ^^^^^^^^^^^^^
  File "C:\Users\Asus\AppData\Local\Programs\Python\Python314\Mega Downloader\venv\Lib\site-packages\telebot\__init__.py", line 1408, in get_me
    apihelper.get_me(self.token)
  File "C:\Users\Asus\AppData\Local\Programs\Python\Python314\Mega Downloader\venv\Lib\site-packages\telebot\apihelper.py", line 204, in get_me
    return _make_request(token, method_url)
           ^^^^^^^^^^^^^^^^^^^^^^^^^^^^^^^^
  File "C:\Users\Asus\AppData\Local\Programs\Python\Python314\Mega Downloader\venv\Lib\site-packages\telebot\apihelper.py", line 162, in _make_request
    result = _get_req_session().request(
             ^^^^^^^^^^^^^^^^^^^^^^^^^^^
  File "C:\Users\Asus\AppData\Local\Programs\Python\Python314\Mega Downloader\venv\Lib\site-packages\requests\sessions.py", line 651, in request
    resp = self.send(prep, **send_kwargs)
           ^^^^^^^^^^^^^^^^^^^^^^^^^^^^^^
  File "C:\Users\Asus\AppData\Local\Programs\Python\Python314\Mega Downloader\venv\Lib\site-packages\requests\sessions.py", line 784, in send
    r = adapter.send(request, **kwargs)
        ^^^^^^^^^^^^^^^^^^^^^^^^^^^^^^^
  File "C:\Users\Asus\AppData\Local\Programs\Python\Python314\Mega Downloader\venv\Lib\site-packages\requests\adapters.py", line 729, in send
    raise ConnectionError(e, request=request)
requests.exceptions.ConnectionError: SocksHTTPSConnectionPool(host='api.telegram.org', port=443): Max retries exceeded with url: /bot8893611617:***********************************/getMe (Caused by NewConnectionError("SocksHTTPSConnection(host='api.telegram.org', port=443): Failed to establish a new connection: [WinError 10061] No connection could be made because the target machine actively refused it"))

2026-07-10 12:02:42,163 [ERROR] TeleBot: Exception traceback:
Traceback (most recent call last):
  File "C:\Users\Asus\AppData\Local\Programs\Python\Python314\Mega Downloader\venv\Lib\site-packages\yt_dlp\networking\_requests.py", line 379, in _new_conn
    return create_connection(
           ^^^^^^^^^^^^^^^^^^
  File "C:\Users\Asus\AppData\Local\Programs\Python\Python314\Mega Downloader\venv\Lib\site-packages\yt_dlp\networking\_helper.py", line 269, in create_connection
    raise err
  File "C:\Users\Asus\AppData\Local\Programs\Python\Python314\Mega Downloader\venv\Lib\site-packages\yt_dlp\networking\_helper.py", line 260, in create_connection
    sock = _create_socket_func(ip_addr, timeout, source_address)
           ^^^^^^^^^^^^^^^^^^^^^^^^^^^^^^^^^^^^^^^^^^^^^^^^^^^^^
  File "C:\Users\Asus\AppData\Local\Programs\Python\Python314\Mega Downloader\venv\Lib\site-packages\yt_dlp\networking\_helper.py", line 228, in create_socks_proxy_socket
    sock.connect(dest_addr)
  File "C:\Users\Asus\AppData\Local\Programs\Python\Python314\Mega Downloader\venv\Lib\site-packages\yt_dlp\socks.py", line 271, in connect
    self._make_proxy(socket.socket.connect, address)
  File "C:\Users\Asus\AppData\Local\Programs\Python\Python314\Mega Downloader\venv\Lib\site-packages\yt_dlp\socks.py", line 259, in _make_proxy
    result = connect_func(self, (self._proxy.host, self._proxy.port))
             ^^^^^^^^^^^^^^^^^^^^^^^^^^^^^^^^^^^^^^^^^^^^^^^^^^^^^^^^
ConnectionRefusedError: [WinError 10061] No connection could be made because the target machine actively refused it

The above exception was the direct cause of the following exception:

Traceback (most recent call last):
  File "C:\Users\Asus\AppData\Local\Programs\Python\Python314\Mega Downloader\venv\Lib\site-packages\urllib3\connectionpool.py", line 788, in urlopen
    response = self._make_request(
               ^^^^^^^^^^^^^^^^^^^
  File "C:\Users\Asus\AppData\Local\Programs\Python\Python314\Mega Downloader\venv\Lib\site-packages\urllib3\connectionpool.py", line 488, in _make_request
    raise new_e
  File "C:\Users\Asus\AppData\Local\Programs\Python\Python314\Mega Downloader\venv\Lib\site-packages\urllib3\connectionpool.py", line 464, in _make_request
    self._validate_conn(conn)
  File "C:\Users\Asus\AppData\Local\Programs\Python\Python314\Mega Downloader\venv\Lib\site-packages\urllib3\connectionpool.py", line 1106, in _validate_conn
    conn.connect()
  File "C:\Users\Asus\AppData\Local\Programs\Python\Python314\Mega Downloader\venv\Lib\site-packages\urllib3\connection.py", line 759, in connect
    self.sock = sock = self._new_conn()
                       ^^^^^^^^^^^^^^^^
  File "C:\Users\Asus\AppData\Local\Programs\Python\Python314\Mega Downloader\venv\Lib\site-packages\yt_dlp\networking\_requests.py", line 391, in _new_conn
    raise urllib3.exceptions.NewConnectionError(
urllib3.exceptions.NewConnectionError: SocksHTTPSConnection(host='api.telegram.org', port=443): Failed to establish a new connection: [WinError 10061] No connection could be made because the target machine actively refused it

The above exception was the direct cause of the following exception:

Traceback (most recent call last):
  File "C:\Users\Asus\AppData\Local\Programs\Python\Python314\Mega Downloader\venv\Lib\site-packages\requests\adapters.py", line 696, in send
    resp = conn.urlopen(
           ^^^^^^^^^^^^^
  File "C:\Users\Asus\AppData\Local\Programs\Python\Python314\Mega Downloader\venv\Lib\site-packages\urllib3\connectionpool.py", line 842, in urlopen
    retries = retries.increment(
              ^^^^^^^^^^^^^^^^^^
  File "C:\Users\Asus\AppData\Local\Programs\Python\Python314\Mega Downloader\venv\Lib\site-packages\urllib3\util\retry.py", line 543, in increment
    raise MaxRetryError(_pool, url, reason) from reason  # type: ignore[arg-type]
    ^^^^^^^^^^^^^^^^^^^^^^^^^^^^^^^^^^^^^^^^^^^^^^^^^^^
urllib3.exceptions.MaxRetryError: SocksHTTPSConnectionPool(host='api.telegram.org', port=443): Max retries exceeded with url: /bot8893611617:***********************************/getMe (Caused by NewConnectionError("SocksHTTPSConnection(host='api.telegram.org', port=443): Failed to establish a new connection: [WinError 10061] No connection could be made because the target machine actively refused it"))

During handling of the above exception, another exception occurred:

Traceback (most recent call last):
  File "C:\Users\Asus\AppData\Local\Programs\Python\Python314\Mega Downloader\venv\Lib\site-packages\telebot\__init__.py", line 1136, in infinity_polling
    self.polling(non_stop=True, timeout=timeout, long_polling_timeout=long_polling_timeout,
  File "C:\Users\Asus\AppData\Local\Programs\Python\Python314\Mega Downloader\venv\Lib\site-packages\telebot\__init__.py", line 1221, in polling
    logger.info('Starting your bot with username: [@%s]', self.user.username)
                                                          ^^^^^^^^^
  File "C:\Users\Asus\AppData\Local\Programs\Python\Python314\Mega Downloader\venv\Lib\site-packages\telebot\__init__.py", line 308, in user
    self._user = self.get_me()
                 ^^^^^^^^^^^^^
  File "C:\Users\Asus\AppData\Local\Programs\Python\Python314\Mega Downloader\venv\Lib\site-packages\telebot\__init__.py", line 1408, in get_me
    apihelper.get_me(self.token)
  File "C:\Users\Asus\AppData\Local\Programs\Python\Python314\Mega Downloader\venv\Lib\site-packages\telebot\apihelper.py", line 204, in get_me
    return _make_request(token, method_url)
           ^^^^^^^^^^^^^^^^^^^^^^^^^^^^^^^^
  File "C:\Users\Asus\AppData\Local\Programs\Python\Python314\Mega Downloader\venv\Lib\site-packages\telebot\apihelper.py", line 162, in _make_request
    result = _get_req_session().request(
             ^^^^^^^^^^^^^^^^^^^^^^^^^^^
  File "C:\Users\Asus\AppData\Local\Programs\Python\Python314\Mega Downloader\venv\Lib\site-packages\requests\sessions.py", line 651, in request
    resp = self.send(prep, **send_kwargs)
           ^^^^^^^^^^^^^^^^^^^^^^^^^^^^^^
  File "C:\Users\Asus\AppData\Local\Programs\Python\Python314\Mega Downloader\venv\Lib\site-packages\requests\sessions.py", line 784, in send
    r = adapter.send(request, **kwargs)
        ^^^^^^^^^^^^^^^^^^^^^^^^^^^^^^^
  File "C:\Users\Asus\AppData\Local\Programs\Python\Python314\Mega Downloader\venv\Lib\site-packages\requests\adapters.py", line 729, in send
    raise ConnectionError(e, request=request)
requests.exceptions.ConnectionError: SocksHTTPSConnectionPool(host='api.telegram.org', port=443): Max retries exceeded with url: /bot8893611617:***********************************/getMe (Caused by NewConnectionError("SocksHTTPSConnection(host='api.telegram.org', port=443): Failed to establish a new connection: [WinError 10061] No connection could be made because the target machine actively refused it"))

2026-07-10 12:02:47,214 [ERROR] TeleBot: Exception traceback:
Traceback (most recent call last):
  File "C:\Users\Asus\AppData\Local\Programs\Python\Python314\Mega Downloader\venv\Lib\site-packages\yt_dlp\networking\_requests.py", line 379, in _new_conn
    return create_connection(
           ^^^^^^^^^^^^^^^^^^
  File "C:\Users\Asus\AppData\Local\Programs\Python\Python314\Mega Downloader\venv\Lib\site-packages\yt_dlp\networking\_helper.py", line 269, in create_connection
    raise err
  File "C:\Users\Asus\AppData\Local\Programs\Python\Python314\Mega Downloader\venv\Lib\site-packages\yt_dlp\networking\_helper.py", line 260, in create_connection
    sock = _create_socket_func(ip_addr, timeout, source_address)
           ^^^^^^^^^^^^^^^^^^^^^^^^^^^^^^^^^^^^^^^^^^^^^^^^^^^^^
  File "C:\Users\Asus\AppData\Local\Programs\Python\Python314\Mega Downloader\venv\Lib\site-packages\yt_dlp\networking\_helper.py", line 228, in create_socks_proxy_socket
    sock.connect(dest_addr)
  File "C:\Users\Asus\AppData\Local\Programs\Python\Python314\Mega Downloader\venv\Lib\site-packages\yt_dlp\socks.py", line 271, in connect
    self._make_proxy(socket.socket.connect, address)
  File "C:\Users\Asus\AppData\Local\Programs\Python\Python314\Mega Downloader\venv\Lib\site-packages\yt_dlp\socks.py", line 259, in _make_proxy
    result = connect_func(self, (self._proxy.host, self._proxy.port))
             ^^^^^^^^^^^^^^^^^^^^^^^^^^^^^^^^^^^^^^^^^^^^^^^^^^^^^^^^
ConnectionRefusedError: [WinError 10061] No connection could be made because the target machine actively refused it

The above exception was the direct cause of the following exception:

Traceback (most recent call last):
  File "C:\Users\Asus\AppData\Local\Programs\Python\Python314\Mega Downloader\venv\Lib\site-packages\urllib3\connectionpool.py", line 788, in urlopen
    response = self._make_request(
               ^^^^^^^^^^^^^^^^^^^
  File "C:\Users\Asus\AppData\Local\Programs\Python\Python314\Mega Downloader\venv\Lib\site-packages\urllib3\connectionpool.py", line 488, in _make_request
    raise new_e
  File "C:\Users\Asus\AppData\Local\Programs\Python\Python314\Mega Downloader\venv\Lib\site-packages\urllib3\connectionpool.py", line 464, in _make_request
    self._validate_conn(conn)
  File "C:\Users\Asus\AppData\Local\Programs\Python\Python314\Mega Downloader\venv\Lib\site-packages\urllib3\connectionpool.py", line 1106, in _validate_conn
    conn.connect()
  File "C:\Users\Asus\AppData\Local\Programs\Python\Python314\Mega Downloader\venv\Lib\site-packages\urllib3\connection.py", line 759, in connect
    self.sock = sock = self._new_conn()
                       ^^^^^^^^^^^^^^^^
  File "C:\Users\Asus\AppData\Local\Programs\Python\Python314\Mega Downloader\venv\Lib\site-packages\yt_dlp\networking\_requests.py", line 391, in _new_conn
    raise urllib3.exceptions.NewConnectionError(
urllib3.exceptions.NewConnectionError: SocksHTTPSConnection(host='api.telegram.org', port=443): Failed to establish a new connection: [WinError 10061] No connection could be made because the target machine actively refused it

The above exception was the direct cause of the following exception:

Traceback (most recent call last):
  File "C:\Users\Asus\AppData\Local\Programs\Python\Python314\Mega Downloader\venv\Lib\site-packages\requests\adapters.py", line 696, in send
    resp = conn.urlopen(
           ^^^^^^^^^^^^^
  File "C:\Users\Asus\AppData\Local\Programs\Python\Python314\Mega Downloader\venv\Lib\site-packages\urllib3\connectionpool.py", line 842, in urlopen
    retries = retries.increment(
              ^^^^^^^^^^^^^^^^^^
  File "C:\Users\Asus\AppData\Local\Programs\Python\Python314\Mega Downloader\venv\Lib\site-packages\urllib3\util\retry.py", line 543, in increment
    raise MaxRetryError(_pool, url, reason) from reason  # type: ignore[arg-type]
    ^^^^^^^^^^^^^^^^^^^^^^^^^^^^^^^^^^^^^^^^^^^^^^^^^^^
urllib3.exceptions.MaxRetryError: SocksHTTPSConnectionPool(host='api.telegram.org', port=443): Max retries exceeded with url: /bot8893611617:***********************************/getMe (Caused by NewConnectionError("SocksHTTPSConnection(host='api.telegram.org', port=443): Failed to establish a new connection: [WinError 10061] No connection could be made because the target machine actively refused it"))

During handling of the above exception, another exception occurred:

Traceback (most recent call last):
  File "C:\Users\Asus\AppData\Local\Programs\Python\Python314\Mega Downloader\venv\Lib\site-packages\telebot\__init__.py", line 1136, in infinity_polling
    self.polling(non_stop=True, timeout=timeout, long_polling_timeout=long_polling_timeout,
  File "C:\Users\Asus\AppData\Local\Programs\Python\Python314\Mega Downloader\venv\Lib\site-packages\telebot\__init__.py", line 1221, in polling
    logger.info('Starting your bot with username: [@%s]', self.user.username)
                                                          ^^^^^^^^^
  File "C:\Users\Asus\AppData\Local\Programs\Python\Python314\Mega Downloader\venv\Lib\site-packages\telebot\__init__.py", line 308, in user
    self._user = self.get_me()
                 ^^^^^^^^^^^^^
  File "C:\Users\Asus\AppData\Local\Programs\Python\Python314\Mega Downloader\venv\Lib\site-packages\telebot\__init__.py", line 1408, in get_me
    apihelper.get_me(self.token)
  File "C:\Users\Asus\AppData\Local\Programs\Python\Python314\Mega Downloader\venv\Lib\site-packages\telebot\apihelper.py", line 204, in get_me
    return _make_request(token, method_url)
           ^^^^^^^^^^^^^^^^^^^^^^^^^^^^^^^^
  File "C:\Users\Asus\AppData\Local\Programs\Python\Python314\Mega Downloader\venv\Lib\site-packages\telebot\apihelper.py", line 162, in _make_request
    result = _get_req_session().request(
             ^^^^^^^^^^^^^^^^^^^^^^^^^^^
  File "C:\Users\Asus\AppData\Local\Programs\Python\Python314\Mega Downloader\venv\Lib\site-packages\requests\sessions.py", line 651, in request
    resp = self.send(prep, **send_kwargs)
           ^^^^^^^^^^^^^^^^^^^^^^^^^^^^^^
  File "C:\Users\Asus\AppData\Local\Programs\Python\Python314\Mega Downloader\venv\Lib\site-packages\requests\sessions.py", line 784, in send
    r = adapter.send(request, **kwargs)
        ^^^^^^^^^^^^^^^^^^^^^^^^^^^^^^^
  File "C:\Users\Asus\AppData\Local\Programs\Python\Python314\Mega Downloader\venv\Lib\site-packages\requests\adapters.py", line 729, in send
    raise ConnectionError(e, request=request)
requests.exceptions.ConnectionError: SocksHTTPSConnectionPool(host='api.telegram.org', port=443): Max retries exceeded with url: /bot8893611617:***********************************/getMe (Caused by NewConnectionError("SocksHTTPSConnection(host='api.telegram.org', port=443): Failed to establish a new connection: [WinError 10061] No connection could be made because the target machine actively refused it"))

2026-07-10 12:02:52,268 [ERROR] TeleBot: Exception traceback:
Traceback (most recent call last):
  File "C:\Users\Asus\AppData\Local\Programs\Python\Python314\Mega Downloader\venv\Lib\site-packages\yt_dlp\networking\_requests.py", line 379, in _new_conn
    return create_connection(
           ^^^^^^^^^^^^^^^^^^
  File "C:\Users\Asus\AppData\Local\Programs\Python\Python314\Mega Downloader\venv\Lib\site-packages\yt_dlp\networking\_helper.py", line 269, in create_connection
    raise err
  File "C:\Users\Asus\AppData\Local\Programs\Python\Python314\Mega Downloader\venv\Lib\site-packages\yt_dlp\networking\_helper.py", line 260, in create_connection
    sock = _create_socket_func(ip_addr, timeout, source_address)
           ^^^^^^^^^^^^^^^^^^^^^^^^^^^^^^^^^^^^^^^^^^^^^^^^^^^^^
  File "C:\Users\Asus\AppData\Local\Programs\Python\Python314\Mega Downloader\venv\Lib\site-packages\yt_dlp\networking\_helper.py", line 228, in create_socks_proxy_socket
    sock.connect(dest_addr)
  File "C:\Users\Asus\AppData\Local\Programs\Python\Python314\Mega Downloader\venv\Lib\site-packages\yt_dlp\socks.py", line 271, in connect
    self._make_proxy(socket.socket.connect, address)
  File "C:\Users\Asus\AppData\Local\Programs\Python\Python314\Mega Downloader\venv\Lib\site-packages\yt_dlp\socks.py", line 259, in _make_proxy
    result = connect_func(self, (self._proxy.host, self._proxy.port))
             ^^^^^^^^^^^^^^^^^^^^^^^^^^^^^^^^^^^^^^^^^^^^^^^^^^^^^^^^
ConnectionRefusedError: [WinError 10061] No connection could be made because the target machine actively refused it

The above exception was the direct cause of the following exception:

Traceback (most recent call last):
  File "C:\Users\Asus\AppData\Local\Programs\Python\Python314\Mega Downloader\venv\Lib\site-packages\urllib3\connectionpool.py", line 788, in urlopen
    response = self._make_request(
               ^^^^^^^^^^^^^^^^^^^
  File "C:\Users\Asus\AppData\Local\Programs\Python\Python314\Mega Downloader\venv\Lib\site-packages\urllib3\connectionpool.py", line 488, in _make_request
    raise new_e
  File "C:\Users\Asus\AppData\Local\Programs\Python\Python314\Mega Downloader\venv\Lib\site-packages\urllib3\connectionpool.py", line 464, in _make_request
    self._validate_conn(conn)
  File "C:\Users\Asus\AppData\Local\Programs\Python\Python314\Mega Downloader\venv\Lib\site-packages\urllib3\connectionpool.py", line 1106, in _validate_conn
    conn.connect()
  File "C:\Users\Asus\AppData\Local\Programs\Python\Python314\Mega Downloader\venv\Lib\site-packages\urllib3\connection.py", line 759, in connect
    self.sock = sock = self._new_conn()
                       ^^^^^^^^^^^^^^^^
  File "C:\Users\Asus\AppData\Local\Programs\Python\Python314\Mega Downloader\venv\Lib\site-packages\yt_dlp\networking\_requests.py", line 391, in _new_conn
    raise urllib3.exceptions.NewConnectionError(
urllib3.exceptions.NewConnectionError: SocksHTTPSConnection(host='api.telegram.org', port=443): Failed to establish a new connection: [WinError 10061] No connection could be made because the target machine actively refused it

The above exception was the direct cause of the following exception:

Traceback (most recent call last):
  File "C:\Users\Asus\AppData\Local\Programs\Python\Python314\Mega Downloader\venv\Lib\site-packages\requests\adapters.py", line 696, in send
    resp = conn.urlopen(
           ^^^^^^^^^^^^^
  File "C:\Users\Asus\AppData\Local\Programs\Python\Python314\Mega Downloader\venv\Lib\site-packages\urllib3\connectionpool.py", line 842, in urlopen
    retries = retries.increment(
              ^^^^^^^^^^^^^^^^^^
  File "C:\Users\Asus\AppData\Local\Programs\Python\Python314\Mega Downloader\venv\Lib\site-packages\urllib3\util\retry.py", line 543, in increment
    raise MaxRetryError(_pool, url, reason) from reason  # type: ignore[arg-type]
    ^^^^^^^^^^^^^^^^^^^^^^^^^^^^^^^^^^^^^^^^^^^^^^^^^^^
urllib3.exceptions.MaxRetryError: SocksHTTPSConnectionPool(host='api.telegram.org', port=443): Max retries exceeded with url: /bot8893611617:***********************************/getMe (Caused by NewConnectionError("SocksHTTPSConnection(host='api.telegram.org', port=443): Failed to establish a new connection: [WinError 10061] No connection could be made because the target machine actively refused it"))

During handling of the above exception, another exception occurred:

Traceback (most recent call last):
  File "C:\Users\Asus\AppData\Local\Programs\Python\Python314\Mega Downloader\venv\Lib\site-packages\telebot\__init__.py", line 1136, in infinity_polling
    self.polling(non_stop=True, timeout=timeout, long_polling_timeout=long_polling_timeout,
  File "C:\Users\Asus\AppData\Local\Programs\Python\Python314\Mega Downloader\venv\Lib\site-packages\telebot\__init__.py", line 1221, in polling
    logger.info('Starting your bot with username: [@%s]', self.user.username)
                                                          ^^^^^^^^^
  File "C:\Users\Asus\AppData\Local\Programs\Python\Python314\Mega Downloader\venv\Lib\site-packages\telebot\__init__.py", line 308, in user
    self._user = self.get_me()
                 ^^^^^^^^^^^^^
  File "C:\Users\Asus\AppData\Local\Programs\Python\Python314\Mega Downloader\venv\Lib\site-packages\telebot\__init__.py", line 1408, in get_me
    apihelper.get_me(self.token)
  File "C:\Users\Asus\AppData\Local\Programs\Python\Python314\Mega Downloader\venv\Lib\site-packages\telebot\apihelper.py", line 204, in get_me
    return _make_request(token, method_url)
           ^^^^^^^^^^^^^^^^^^^^^^^^^^^^^^^^
  File "C:\Users\Asus\AppData\Local\Programs\Python\Python314\Mega Downloader\venv\Lib\site-packages\telebot\apihelper.py", line 162, in _make_request
    result = _get_req_session().request(
             ^^^^^^^^^^^^^^^^^^^^^^^^^^^
  File "C:\Users\Asus\AppData\Local\Programs\Python\Python314\Mega Downloader\venv\Lib\site-packages\requests\sessions.py", line 651, in request
    resp = self.send(prep, **send_kwargs)
           ^^^^^^^^^^^^^^^^^^^^^^^^^^^^^^
  File "C:\Users\Asus\AppData\Local\Programs\Python\Python314\Mega Downloader\venv\Lib\site-packages\requests\sessions.py", line 784, in send
    r = adapter.send(request, **kwargs)
        ^^^^^^^^^^^^^^^^^^^^^^^^^^^^^^^
  File "C:\Users\Asus\AppData\Local\Programs\Python\Python314\Mega Downloader\venv\Lib\site-packages\requests\adapters.py", line 729, in send
    raise ConnectionError(e, request=request)
requests.exceptions.ConnectionError: SocksHTTPSConnectionPool(host='api.telegram.org', port=443): Max retries exceeded with url: /bot8893611617:***********************************/getMe (Caused by NewConnectionError("SocksHTTPSConnection(host='api.telegram.org', port=443): Failed to establish a new connection: [WinError 10061] No connection could be made because the target machine actively refused it"))

2026-07-10 12:02:57,312 [ERROR] TeleBot: Exception traceback:
Traceback (most recent call last):
  File "C:\Users\Asus\AppData\Local\Programs\Python\Python314\Mega Downloader\venv\Lib\site-packages\yt_dlp\networking\_requests.py", line 379, in _new_conn
    return create_connection(
           ^^^^^^^^^^^^^^^^^^
  File "C:\Users\Asus\AppData\Local\Programs\Python\Python314\Mega Downloader\venv\Lib\site-packages\yt_dlp\networking\_helper.py", line 269, in create_connection
    raise err
  File "C:\Users\Asus\AppData\Local\Programs\Python\Python314\Mega Downloader\venv\Lib\site-packages\yt_dlp\networking\_helper.py", line 260, in create_connection
    sock = _create_socket_func(ip_addr, timeout, source_address)
           ^^^^^^^^^^^^^^^^^^^^^^^^^^^^^^^^^^^^^^^^^^^^^^^^^^^^^
  File "C:\Users\Asus\AppData\Local\Programs\Python\Python314\Mega Downloader\venv\Lib\site-packages\yt_dlp\networking\_helper.py", line 228, in create_socks_proxy_socket
    sock.connect(dest_addr)
  File "C:\Users\Asus\AppData\Local\Programs\Python\Python314\Mega Downloader\venv\Lib\site-packages\yt_dlp\socks.py", line 271, in connect
    self._make_proxy(socket.socket.connect, address)
  File "C:\Users\Asus\AppData\Local\Programs\Python\Python314\Mega Downloader\venv\Lib\site-packages\yt_dlp\socks.py", line 259, in _make_proxy
    result = connect_func(self, (self._proxy.host, self._proxy.port))
             ^^^^^^^^^^^^^^^^^^^^^^^^^^^^^^^^^^^^^^^^^^^^^^^^^^^^^^^^
ConnectionRefusedError: [WinError 10061] No connection could be made because the target machine actively refused it

The above exception was the direct cause of the following exception:

Traceback (most recent call last):
  File "C:\Users\Asus\AppData\Local\Programs\Python\Python314\Mega Downloader\venv\Lib\site-packages\urllib3\connectionpool.py", line 788, in urlopen
    response = self._make_request(
               ^^^^^^^^^^^^^^^^^^^
  File "C:\Users\Asus\AppData\Local\Programs\Python\Python314\Mega Downloader\venv\Lib\site-packages\urllib3\connectionpool.py", line 488, in _make_request
    raise new_e
  File "C:\Users\Asus\AppData\Local\Programs\Python\Python314\Mega Downloader\venv\Lib\site-packages\urllib3\connectionpool.py", line 464, in _make_request
    self._validate_conn(conn)
  File "C:\Users\Asus\AppData\Local\Programs\Python\Python314\Mega Downloader\venv\Lib\site-packages\urllib3\connectionpool.py", line 1106, in _validate_conn
    conn.connect()
  File "C:\Users\Asus\AppData\Local\Programs\Python\Python314\Mega Downloader\venv\Lib\site-packages\urllib3\connection.py", line 759, in connect
    self.sock = sock = self._new_conn()
                       ^^^^^^^^^^^^^^^^
  File "C:\Users\Asus\AppData\Local\Programs\Python\Python314\Mega Downloader\venv\Lib\site-packages\yt_dlp\networking\_requests.py", line 391, in _new_conn
    raise urllib3.exceptions.NewConnectionError(
urllib3.exceptions.NewConnectionError: SocksHTTPSConnection(host='api.telegram.org', port=443): Failed to establish a new connection: [WinError 10061] No connection could be made because the target machine actively refused it

The above exception was the direct cause of the following exception:

Traceback (most recent call last):
  File "C:\Users\Asus\AppData\Local\Programs\Python\Python314\Mega Downloader\venv\Lib\site-packages\requests\adapters.py", line 696, in send
    resp = conn.urlopen(
           ^^^^^^^^^^^^^
  File "C:\Users\Asus\AppData\Local\Programs\Python\Python314\Mega Downloader\venv\Lib\site-packages\urllib3\connectionpool.py", line 842, in urlopen
    retries = retries.increment(
              ^^^^^^^^^^^^^^^^^^
  File "C:\Users\Asus\AppData\Local\Programs\Python\Python314\Mega Downloader\venv\Lib\site-packages\urllib3\util\retry.py", line 543, in increment
    raise MaxRetryError(_pool, url, reason) from reason  # type: ignore[arg-type]
    ^^^^^^^^^^^^^^^^^^^^^^^^^^^^^^^^^^^^^^^^^^^^^^^^^^^
urllib3.exceptions.MaxRetryError: SocksHTTPSConnectionPool(host='api.telegram.org', port=443): Max retries exceeded with url: /bot8893611617:***********************************/getMe (Caused by NewConnectionError("SocksHTTPSConnection(host='api.telegram.org', port=443): Failed to establish a new connection: [WinError 10061] No connection could be made because the target machine actively refused it"))

During handling of the above exception, another exception occurred:

Traceback (most recent call last):
  File "C:\Users\Asus\AppData\Local\Programs\Python\Python314\Mega Downloader\venv\Lib\site-packages\telebot\__init__.py", line 1136, in infinity_polling
    self.polling(non_stop=True, timeout=timeout, long_polling_timeout=long_polling_timeout,
  File "C:\Users\Asus\AppData\Local\Programs\Python\Python314\Mega Downloader\venv\Lib\site-packages\telebot\__init__.py", line 1221, in polling
    logger.info('Starting your bot with username: [@%s]', self.user.username)
                                                          ^^^^^^^^^
  File "C:\Users\Asus\AppData\Local\Programs\Python\Python314\Mega Downloader\venv\Lib\site-packages\telebot\__init__.py", line 308, in user
    self._user = self.get_me()
                 ^^^^^^^^^^^^^
  File "C:\Users\Asus\AppData\Local\Programs\Python\Python314\Mega Downloader\venv\Lib\site-packages\telebot\__init__.py", line 1408, in get_me
    apihelper.get_me(self.token)
  File "C:\Users\Asus\AppData\Local\Programs\Python\Python314\Mega Downloader\venv\Lib\site-packages\telebot\apihelper.py", line 204, in get_me
    return _make_request(token, method_url)
           ^^^^^^^^^^^^^^^^^^^^^^^^^^^^^^^^
  File "C:\Users\Asus\AppData\Local\Programs\Python\Python314\Mega Downloader\venv\Lib\site-packages\telebot\apihelper.py", line 162, in _make_request
    result = _get_req_session().request(
             ^^^^^^^^^^^^^^^^^^^^^^^^^^^
  File "C:\Users\Asus\AppData\Local\Programs\Python\Python314\Mega Downloader\venv\Lib\site-packages\requests\sessions.py", line 651, in request
    resp = self.send(prep, **send_kwargs)
           ^^^^^^^^^^^^^^^^^^^^^^^^^^^^^^
  File "C:\Users\Asus\AppData\Local\Programs\Python\Python314\Mega Downloader\venv\Lib\site-packages\requests\sessions.py", line 784, in send
    r = adapter.send(request, **kwargs)
        ^^^^^^^^^^^^^^^^^^^^^^^^^^^^^^^
  File "C:\Users\Asus\AppData\Local\Programs\Python\Python314\Mega Downloader\venv\Lib\site-packages\requests\adapters.py", line 729, in send
    raise ConnectionError(e, request=request)
requests.exceptions.ConnectionError: SocksHTTPSConnectionPool(host='api.telegram.org', port=443): Max retries exceeded with url: /bot8893611617:***********************************/getMe (Caused by NewConnectionError("SocksHTTPSConnection(host='api.telegram.org', port=443): Failed to establish a new connection: [WinError 10061] No connection could be made because the target machine actively refused it"))

2026-07-10 12:03:02,399 [ERROR] TeleBot: Exception traceback:
Traceback (most recent call last):
  File "C:\Users\Asus\AppData\Local\Programs\Python\Python314\Mega Downloader\venv\Lib\site-packages\yt_dlp\networking\_requests.py", line 379, in _new_conn
    return create_connection(
           ^^^^^^^^^^^^^^^^^^
  File "C:\Users\Asus\AppData\Local\Programs\Python\Python314\Mega Downloader\venv\Lib\site-packages\yt_dlp\networking\_helper.py", line 269, in create_connection
    raise err
  File "C:\Users\Asus\AppData\Local\Programs\Python\Python314\Mega Downloader\venv\Lib\site-packages\yt_dlp\networking\_helper.py", line 260, in create_connection
    sock = _create_socket_func(ip_addr, timeout, source_address)
           ^^^^^^^^^^^^^^^^^^^^^^^^^^^^^^^^^^^^^^^^^^^^^^^^^^^^^
  File "C:\Users\Asus\AppData\Local\Programs\Python\Python314\Mega Downloader\venv\Lib\site-packages\yt_dlp\networking\_helper.py", line 228, in create_socks_proxy_socket
    sock.connect(dest_addr)
  File "C:\Users\Asus\AppData\Local\Programs\Python\Python314\Mega Downloader\venv\Lib\site-packages\yt_dlp\socks.py", line 271, in connect
    self._make_proxy(socket.socket.connect, address)
  File "C:\Users\Asus\AppData\Local\Programs\Python\Python314\Mega Downloader\venv\Lib\site-packages\yt_dlp\socks.py", line 259, in _make_proxy
    result = connect_func(self, (self._proxy.host, self._proxy.port))
             ^^^^^^^^^^^^^^^^^^^^^^^^^^^^^^^^^^^^^^^^^^^^^^^^^^^^^^^^
ConnectionRefusedError: [WinError 10061] No connection could be made because the target machine actively refused it

The above exception was the direct cause of the following exception:

Traceback (most recent call last):
  File "C:\Users\Asus\AppData\Local\Programs\Python\Python314\Mega Downloader\venv\Lib\site-packages\urllib3\connectionpool.py", line 788, in urlopen
    response = self._make_request(
               ^^^^^^^^^^^^^^^^^^^
  File "C:\Users\Asus\AppData\Local\Programs\Python\Python314\Mega Downloader\venv\Lib\site-packages\urllib3\connectionpool.py", line 488, in _make_request
    raise new_e
  File "C:\Users\Asus\AppData\Local\Programs\Python\Python314\Mega Downloader\venv\Lib\site-packages\urllib3\connectionpool.py", line 464, in _make_request
    self._validate_conn(conn)
  File "C:\Users\Asus\AppData\Local\Programs\Python\Python314\Mega Downloader\venv\Lib\site-packages\urllib3\connectionpool.py", line 1106, in _validate_conn
    conn.connect()
  File "C:\Users\Asus\AppData\Local\Programs\Python\Python314\Mega Downloader\venv\Lib\site-packages\urllib3\connection.py", line 759, in connect
    self.sock = sock = self._new_conn()
                       ^^^^^^^^^^^^^^^^
  File "C:\Users\Asus\AppData\Local\Programs\Python\Python314\Mega Downloader\venv\Lib\site-packages\yt_dlp\networking\_requests.py", line 391, in _new_conn
    raise urllib3.exceptions.NewConnectionError(
urllib3.exceptions.NewConnectionError: SocksHTTPSConnection(host='api.telegram.org', port=443): Failed to establish a new connection: [WinError 10061] No connection could be made because the target machine actively refused it

The above exception was the direct cause of the following exception:

Traceback (most recent call last):
  File "C:\Users\Asus\AppData\Local\Programs\Python\Python314\Mega Downloader\venv\Lib\site-packages\requests\adapters.py", line 696, in send
    resp = conn.urlopen(
           ^^^^^^^^^^^^^
  File "C:\Users\Asus\AppData\Local\Programs\Python\Python314\Mega Downloader\venv\Lib\site-packages\urllib3\connectionpool.py", line 842, in urlopen
    retries = retries.increment(
              ^^^^^^^^^^^^^^^^^^
  File "C:\Users\Asus\AppData\Local\Programs\Python\Python314\Mega Downloader\venv\Lib\site-packages\urllib3\util\retry.py", line 543, in increment
    raise MaxRetryError(_pool, url, reason) from reason  # type: ignore[arg-type]
    ^^^^^^^^^^^^^^^^^^^^^^^^^^^^^^^^^^^^^^^^^^^^^^^^^^^
urllib3.exceptions.MaxRetryError: SocksHTTPSConnectionPool(host='api.telegram.org', port=443): Max retries exceeded with url: /bot8893611617:***********************************/getMe (Caused by NewConnectionError("SocksHTTPSConnection(host='api.telegram.org', port=443): Failed to establish a new connection: [WinError 10061] No connection could be made because the target machine actively refused it"))

During handling of the above exception, another exception occurred:

Traceback (most recent call last):
  File "C:\Users\Asus\AppData\Local\Programs\Python\Python314\Mega Downloader\venv\Lib\site-packages\telebot\__init__.py", line 1136, in infinity_polling
    self.polling(non_stop=True, timeout=timeout, long_polling_timeout=long_polling_timeout,
  File "C:\Users\Asus\AppData\Local\Programs\Python\Python314\Mega Downloader\venv\Lib\site-packages\telebot\__init__.py", line 1221, in polling
    logger.info('Starting your bot with username: [@%s]', self.user.username)
                                                          ^^^^^^^^^
  File "C:\Users\Asus\AppData\Local\Programs\Python\Python314\Mega Downloader\venv\Lib\site-packages\telebot\__init__.py", line 308, in user
    self._user = self.get_me()
                 ^^^^^^^^^^^^^
  File "C:\Users\Asus\AppData\Local\Programs\Python\Python314\Mega Downloader\venv\Lib\site-packages\telebot\__init__.py", line 1408, in get_me
    apihelper.get_me(self.token)
  File "C:\Users\Asus\AppData\Local\Programs\Python\Python314\Mega Downloader\venv\Lib\site-packages\telebot\apihelper.py", line 204, in get_me
    return _make_request(token, method_url)
           ^^^^^^^^^^^^^^^^^^^^^^^^^^^^^^^^
  File "C:\Users\Asus\AppData\Local\Programs\Python\Python314\Mega Downloader\venv\Lib\site-packages\telebot\apihelper.py", line 162, in _make_request
    result = _get_req_session().request(
             ^^^^^^^^^^^^^^^^^^^^^^^^^^^
  File "C:\Users\Asus\AppData\Local\Programs\Python\Python314\Mega Downloader\venv\Lib\site-packages\requests\sessions.py", line 651, in request
    resp = self.send(prep, **send_kwargs)
           ^^^^^^^^^^^^^^^^^^^^^^^^^^^^^^
  File "C:\Users\Asus\AppData\Local\Programs\Python\Python314\Mega Downloader\venv\Lib\site-packages\requests\sessions.py", line 784, in send
    r = adapter.send(request, **kwargs)
        ^^^^^^^^^^^^^^^^^^^^^^^^^^^^^^^
  File "C:\Users\Asus\AppData\Local\Programs\Python\Python314\Mega Downloader\venv\Lib\site-packages\requests\adapters.py", line 729, in send
    raise ConnectionError(e, request=request)
requests.exceptions.ConnectionError: SocksHTTPSConnectionPool(host='api.telegram.org', port=443): Max retries exceeded with url: /bot8893611617:***********************************/getMe (Caused by NewConnectionError("SocksHTTPSConnection(host='api.telegram.org', port=443): Failed to establish a new connection: [WinError 10061] No connection could be made because the target machine actively refused it"))

2026-07-10 12:03:07,455 [ERROR] TeleBot: Exception traceback:
Traceback (most recent call last):
  File "C:\Users\Asus\AppData\Local\Programs\Python\Python314\Mega Downloader\venv\Lib\site-packages\yt_dlp\networking\_requests.py", line 379, in _new_conn
    return create_connection(
           ^^^^^^^^^^^^^^^^^^
  File "C:\Users\Asus\AppData\Local\Programs\Python\Python314\Mega Downloader\venv\Lib\site-packages\yt_dlp\networking\_helper.py", line 269, in create_connection
    raise err
  File "C:\Users\Asus\AppData\Local\Programs\Python\Python314\Mega Downloader\venv\Lib\site-packages\yt_dlp\networking\_helper.py", line 260, in create_connection
    sock = _create_socket_func(ip_addr, timeout, source_address)
           ^^^^^^^^^^^^^^^^^^^^^^^^^^^^^^^^^^^^^^^^^^^^^^^^^^^^^
  File "C:\Users\Asus\AppData\Local\Programs\Python\Python314\Mega Downloader\venv\Lib\site-packages\yt_dlp\networking\_helper.py", line 228, in create_socks_proxy_socket
    sock.connect(dest_addr)
  File "C:\Users\Asus\AppData\Local\Programs\Python\Python314\Mega Downloader\venv\Lib\site-packages\yt_dlp\socks.py", line 271, in connect
    self._make_proxy(socket.socket.connect, address)
  File "C:\Users\Asus\AppData\Local\Programs\Python\Python314\Mega Downloader\venv\Lib\site-packages\yt_dlp\socks.py", line 259, in _make_proxy
    result = connect_func(self, (self._proxy.host, self._proxy.port))
             ^^^^^^^^^^^^^^^^^^^^^^^^^^^^^^^^^^^^^^^^^^^^^^^^^^^^^^^^
ConnectionRefusedError: [WinError 10061] No connection could be made because the target machine actively refused it

The above exception was the direct cause of the following exception:

Traceback (most recent call last):
  File "C:\Users\Asus\AppData\Local\Programs\Python\Python314\Mega Downloader\venv\Lib\site-packages\urllib3\connectionpool.py", line 788, in urlopen
    response = self._make_request(
               ^^^^^^^^^^^^^^^^^^^
  File "C:\Users\Asus\AppData\Local\Programs\Python\Python314\Mega Downloader\venv\Lib\site-packages\urllib3\connectionpool.py", line 488, in _make_request
    raise new_e
  File "C:\Users\Asus\AppData\Local\Programs\Python\Python314\Mega Downloader\venv\Lib\site-packages\urllib3\connectionpool.py", line 464, in _make_request
    self._validate_conn(conn)
  File "C:\Users\Asus\AppData\Local\Programs\Python\Python314\Mega Downloader\venv\Lib\site-packages\urllib3\connectionpool.py", line 1106, in _validate_conn
    conn.connect()
  File "C:\Users\Asus\AppData\Local\Programs\Python\Python314\Mega Downloader\venv\Lib\site-packages\urllib3\connection.py", line 759, in connect
    self.sock = sock = self._new_conn()
                       ^^^^^^^^^^^^^^^^
  File "C:\Users\Asus\AppData\Local\Programs\Python\Python314\Mega Downloader\venv\Lib\site-packages\yt_dlp\networking\_requests.py", line 391, in _new_conn
    raise urllib3.exceptions.NewConnectionError(
urllib3.exceptions.NewConnectionError: SocksHTTPSConnection(host='api.telegram.org', port=443): Failed to establish a new connection: [WinError 10061] No connection could be made because the target machine actively refused it

The above exception was the direct cause of the following exception:

Traceback (most recent call last):
  File "C:\Users\Asus\AppData\Local\Programs\Python\Python314\Mega Downloader\venv\Lib\site-packages\requests\adapters.py", line 696, in send
    resp = conn.urlopen(
           ^^^^^^^^^^^^^
  File "C:\Users\Asus\AppData\Local\Programs\Python\Python314\Mega Downloader\venv\Lib\site-packages\urllib3\connectionpool.py", line 842, in urlopen
    retries = retries.increment(
              ^^^^^^^^^^^^^^^^^^
  File "C:\Users\Asus\AppData\Local\Programs\Python\Python314\Mega Downloader\venv\Lib\site-packages\urllib3\util\retry.py", line 543, in increment
    raise MaxRetryError(_pool, url, reason) from reason  # type: ignore[arg-type]
    ^^^^^^^^^^^^^^^^^^^^^^^^^^^^^^^^^^^^^^^^^^^^^^^^^^^
urllib3.exceptions.MaxRetryError: SocksHTTPSConnectionPool(host='api.telegram.org', port=443): Max retries exceeded with url: /bot8893611617:***********************************/getMe (Caused by NewConnectionError("SocksHTTPSConnection(host='api.telegram.org', port=443): Failed to establish a new connection: [WinError 10061] No connection could be made because the target machine actively refused it"))

During handling of the above exception, another exception occurred:

Traceback (most recent call last):
  File "C:\Users\Asus\AppData\Local\Programs\Python\Python314\Mega Downloader\venv\Lib\site-packages\telebot\__init__.py", line 1136, in infinity_polling
    self.polling(non_stop=True, timeout=timeout, long_polling_timeout=long_polling_timeout,
  File "C:\Users\Asus\AppData\Local\Programs\Python\Python314\Mega Downloader\venv\Lib\site-packages\telebot\__init__.py", line 1221, in polling
    logger.info('Starting your bot with username: [@%s]', self.user.username)
                                                          ^^^^^^^^^
  File "C:\Users\Asus\AppData\Local\Programs\Python\Python314\Mega Downloader\venv\Lib\site-packages\telebot\__init__.py", line 308, in user
    self._user = self.get_me()
                 ^^^^^^^^^^^^^
  File "C:\Users\Asus\AppData\Local\Programs\Python\Python314\Mega Downloader\venv\Lib\site-packages\telebot\__init__.py", line 1408, in get_me
    apihelper.get_me(self.token)
  File "C:\Users\Asus\AppData\Local\Programs\Python\Python314\Mega Downloader\venv\Lib\site-packages\telebot\apihelper.py", line 204, in get_me
    return _make_request(token, method_url)
           ^^^^^^^^^^^^^^^^^^^^^^^^^^^^^^^^
  File "C:\Users\Asus\AppData\Local\Programs\Python\Python314\Mega Downloader\venv\Lib\site-packages\telebot\apihelper.py", line 162, in _make_request
    result = _get_req_session().request(
             ^^^^^^^^^^^^^^^^^^^^^^^^^^^
  File "C:\Users\Asus\AppData\Local\Programs\Python\Python314\Mega Downloader\venv\Lib\site-packages\requests\sessions.py", line 651, in request
    resp = self.send(prep, **send_kwargs)
           ^^^^^^^^^^^^^^^^^^^^^^^^^^^^^^
  File "C:\Users\Asus\AppData\Local\Programs\Python\Python314\Mega Downloader\venv\Lib\site-packages\requests\sessions.py", line 784, in send
    r = adapter.send(request, **kwargs)
        ^^^^^^^^^^^^^^^^^^^^^^^^^^^^^^^
  File "C:\Users\Asus\AppData\Local\Programs\Python\Python314\Mega Downloader\venv\Lib\site-packages\requests\adapters.py", line 729, in send
    raise ConnectionError(e, request=request)
requests.exceptions.ConnectionError: SocksHTTPSConnectionPool(host='api.telegram.org', port=443): Max retries exceeded with url: /bot8893611617:***********************************/getMe (Caused by NewConnectionError("SocksHTTPSConnection(host='api.telegram.org', port=443): Failed to establish a new connection: [WinError 10061] No connection could be made because the target machine actively refused it"))

2026-07-10 12:03:12,521 [ERROR] TeleBot: Exception traceback:
Traceback (most recent call last):
  File "C:\Users\Asus\AppData\Local\Programs\Python\Python314\Mega Downloader\venv\Lib\site-packages\yt_dlp\networking\_requests.py", line 379, in _new_conn
    return create_connection(
           ^^^^^^^^^^^^^^^^^^
  File "C:\Users\Asus\AppData\Local\Programs\Python\Python314\Mega Downloader\venv\Lib\site-packages\yt_dlp\networking\_helper.py", line 269, in create_connection
    raise err
  File "C:\Users\Asus\AppData\Local\Programs\Python\Python314\Mega Downloader\venv\Lib\site-packages\yt_dlp\networking\_helper.py", line 260, in create_connection
    sock = _create_socket_func(ip_addr, timeout, source_address)
           ^^^^^^^^^^^^^^^^^^^^^^^^^^^^^^^^^^^^^^^^^^^^^^^^^^^^^
  File "C:\Users\Asus\AppData\Local\Programs\Python\Python314\Mega Downloader\venv\Lib\site-packages\yt_dlp\networking\_helper.py", line 228, in create_socks_proxy_socket
    sock.connect(dest_addr)
  File "C:\Users\Asus\AppData\Local\Programs\Python\Python314\Mega Downloader\venv\Lib\site-packages\yt_dlp\socks.py", line 271, in connect
    self._make_proxy(socket.socket.connect, address)
  File "C:\Users\Asus\AppData\Local\Programs\Python\Python314\Mega Downloader\venv\Lib\site-packages\yt_dlp\socks.py", line 259, in _make_proxy
    result = connect_func(self, (self._proxy.host, self._proxy.port))
             ^^^^^^^^^^^^^^^^^^^^^^^^^^^^^^^^^^^^^^^^^^^^^^^^^^^^^^^^
ConnectionRefusedError: [WinError 10061] No connection could be made because the target machine actively refused it

The above exception was the direct cause of the following exception:

Traceback (most recent call last):
  File "C:\Users\Asus\AppData\Local\Programs\Python\Python314\Mega Downloader\venv\Lib\site-packages\urllib3\connectionpool.py", line 788, in urlopen
    response = self._make_request(
               ^^^^^^^^^^^^^^^^^^^
  File "C:\Users\Asus\AppData\Local\Programs\Python\Python314\Mega Downloader\venv\Lib\site-packages\urllib3\connectionpool.py", line 488, in _make_request
    raise new_e
  File "C:\Users\Asus\AppData\Local\Programs\Python\Python314\Mega Downloader\venv\Lib\site-packages\urllib3\connectionpool.py", line 464, in _make_request
    self._validate_conn(conn)
  File "C:\Users\Asus\AppData\Local\Programs\Python\Python314\Mega Downloader\venv\Lib\site-packages\urllib3\connectionpool.py", line 1106, in _validate_conn
    conn.connect()
  File "C:\Users\Asus\AppData\Local\Programs\Python\Python314\Mega Downloader\venv\Lib\site-packages\urllib3\connection.py", line 759, in connect
    self.sock = sock = self._new_conn()
                       ^^^^^^^^^^^^^^^^
  File "C:\Users\Asus\AppData\Local\Programs\Python\Python314\Mega Downloader\venv\Lib\site-packages\yt_dlp\networking\_requests.py", line 391, in _new_conn
    raise urllib3.exceptions.NewConnectionError(
urllib3.exceptions.NewConnectionError: SocksHTTPSConnection(host='api.telegram.org', port=443): Failed to establish a new connection: [WinError 10061] No connection could be made because the target machine actively refused it

The above exception was the direct cause of the following exception:

Traceback (most recent call last):
  File "C:\Users\Asus\AppData\Local\Programs\Python\Python314\Mega Downloader\venv\Lib\site-packages\requests\adapters.py", line 696, in send
    resp = conn.urlopen(
           ^^^^^^^^^^^^^
  File "C:\Users\Asus\AppData\Local\Programs\Python\Python314\Mega Downloader\venv\Lib\site-packages\urllib3\connectionpool.py", line 842, in urlopen
    retries = retries.increment(
              ^^^^^^^^^^^^^^^^^^
  File "C:\Users\Asus\AppData\Local\Programs\Python\Python314\Mega Downloader\venv\Lib\site-packages\urllib3\util\retry.py", line 543, in increment
    raise MaxRetryError(_pool, url, reason) from reason  # type: ignore[arg-type]
    ^^^^^^^^^^^^^^^^^^^^^^^^^^^^^^^^^^^^^^^^^^^^^^^^^^^
urllib3.exceptions.MaxRetryError: SocksHTTPSConnectionPool(host='api.telegram.org', port=443): Max retries exceeded with url: /bot8893611617:***********************************/getMe (Caused by NewConnectionError("SocksHTTPSConnection(host='api.telegram.org', port=443): Failed to establish a new connection: [WinError 10061] No connection could be made because the target machine actively refused it"))

During handling of the above exception, another exception occurred:

Traceback (most recent call last):
  File "C:\Users\Asus\AppData\Local\Programs\Python\Python314\Mega Downloader\venv\Lib\site-packages\telebot\__init__.py", line 1136, in infinity_polling
    self.polling(non_stop=True, timeout=timeout, long_polling_timeout=long_polling_timeout,
  File "C:\Users\Asus\AppData\Local\Programs\Python\Python314\Mega Downloader\venv\Lib\site-packages\telebot\__init__.py", line 1221, in polling
    logger.info('Starting your bot with username: [@%s]', self.user.username)
                                                          ^^^^^^^^^
  File "C:\Users\Asus\AppData\Local\Programs\Python\Python314\Mega Downloader\venv\Lib\site-packages\telebot\__init__.py", line 308, in user
    self._user = self.get_me()
                 ^^^^^^^^^^^^^
  File "C:\Users\Asus\AppData\Local\Programs\Python\Python314\Mega Downloader\venv\Lib\site-packages\telebot\__init__.py", line 1408, in get_me
    apihelper.get_me(self.token)
  File "C:\Users\Asus\AppData\Local\Programs\Python\Python314\Mega Downloader\venv\Lib\site-packages\telebot\apihelper.py", line 204, in get_me
    return _make_request(token, method_url)
           ^^^^^^^^^^^^^^^^^^^^^^^^^^^^^^^^
  File "C:\Users\Asus\AppData\Local\Programs\Python\Python314\Mega Downloader\venv\Lib\site-packages\telebot\apihelper.py", line 162, in _make_request
    result = _get_req_session().request(
             ^^^^^^^^^^^^^^^^^^^^^^^^^^^
  File "C:\Users\Asus\AppData\Local\Programs\Python\Python314\Mega Downloader\venv\Lib\site-packages\requests\sessions.py", line 651, in request
    resp = self.send(prep, **send_kwargs)
           ^^^^^^^^^^^^^^^^^^^^^^^^^^^^^^
  File "C:\Users\Asus\AppData\Local\Programs\Python\Python314\Mega Downloader\venv\Lib\site-packages\requests\sessions.py", line 784, in send
    r = adapter.send(request, **kwargs)
        ^^^^^^^^^^^^^^^^^^^^^^^^^^^^^^^
  File "C:\Users\Asus\AppData\Local\Programs\Python\Python314\Mega Downloader\venv\Lib\site-packages\requests\adapters.py", line 729, in send
    raise ConnectionError(e, request=request)
requests.exceptions.ConnectionError: SocksHTTPSConnectionPool(host='api.telegram.org', port=443): Max retries exceeded with url: /bot8893611617:***********************************/getMe (Caused by NewConnectionError("SocksHTTPSConnection(host='api.telegram.org', port=443): Failed to establish a new connection: [WinError 10061] No connection could be made because the target machine actively refused it"))

2026-07-10 12:03:17,582 [ERROR] TeleBot: Exception traceback:
Traceback (most recent call last):
  File "C:\Users\Asus\AppData\Local\Programs\Python\Python314\Mega Downloader\venv\Lib\site-packages\yt_dlp\networking\_requests.py", line 379, in _new_conn
    return create_connection(
           ^^^^^^^^^^^^^^^^^^
  File "C:\Users\Asus\AppData\Local\Programs\Python\Python314\Mega Downloader\venv\Lib\site-packages\yt_dlp\networking\_helper.py", line 269, in create_connection
    raise err
  File "C:\Users\Asus\AppData\Local\Programs\Python\Python314\Mega Downloader\venv\Lib\site-packages\yt_dlp\networking\_helper.py", line 260, in create_connection
    sock = _create_socket_func(ip_addr, timeout, source_address)
           ^^^^^^^^^^^^^^^^^^^^^^^^^^^^^^^^^^^^^^^^^^^^^^^^^^^^^
  File "C:\Users\Asus\AppData\Local\Programs\Python\Python314\Mega Downloader\venv\Lib\site-packages\yt_dlp\networking\_helper.py", line 228, in create_socks_proxy_socket
    sock.connect(dest_addr)
  File "C:\Users\Asus\AppData\Local\Programs\Python\Python314\Mega Downloader\venv\Lib\site-packages\yt_dlp\socks.py", line 271, in connect
    self._make_proxy(socket.socket.connect, address)
  File "C:\Users\Asus\AppData\Local\Programs\Python\Python314\Mega Downloader\venv\Lib\site-packages\yt_dlp\socks.py", line 259, in _make_proxy
    result = connect_func(self, (self._proxy.host, self._proxy.port))
             ^^^^^^^^^^^^^^^^^^^^^^^^^^^^^^^^^^^^^^^^^^^^^^^^^^^^^^^^
ConnectionRefusedError: [WinError 10061] No connection could be made because the target machine actively refused it

The above exception was the direct cause of the following exception:

Traceback (most recent call last):
  File "C:\Users\Asus\AppData\Local\Programs\Python\Python314\Mega Downloader\venv\Lib\site-packages\urllib3\connectionpool.py", line 788, in urlopen
    response = self._make_request(
               ^^^^^^^^^^^^^^^^^^^
  File "C:\Users\Asus\AppData\Local\Programs\Python\Python314\Mega Downloader\venv\Lib\site-packages\urllib3\connectionpool.py", line 488, in _make_request
    raise new_e
  File "C:\Users\Asus\AppData\Local\Programs\Python\Python314\Mega Downloader\venv\Lib\site-packages\urllib3\connectionpool.py", line 464, in _make_request
    self._validate_conn(conn)
  File "C:\Users\Asus\AppData\Local\Programs\Python\Python314\Mega Downloader\venv\Lib\site-packages\urllib3\connectionpool.py", line 1106, in _validate_conn
    conn.connect()
  File "C:\Users\Asus\AppData\Local\Programs\Python\Python314\Mega Downloader\venv\Lib\site-packages\urllib3\connection.py", line 759, in connect
    self.sock = sock = self._new_conn()
                       ^^^^^^^^^^^^^^^^
  File "C:\Users\Asus\AppData\Local\Programs\Python\Python314\Mega Downloader\venv\Lib\site-packages\yt_dlp\networking\_requests.py", line 391, in _new_conn
    raise urllib3.exceptions.NewConnectionError(
urllib3.exceptions.NewConnectionError: SocksHTTPSConnection(host='api.telegram.org', port=443): Failed to establish a new connection: [WinError 10061] No connection could be made because the target machine actively refused it

The above exception was the direct cause of the following exception:

Traceback (most recent call last):
  File "C:\Users\Asus\AppData\Local\Programs\Python\Python314\Mega Downloader\venv\Lib\site-packages\requests\adapters.py", line 696, in send
    resp = conn.urlopen(
           ^^^^^^^^^^^^^
  File "C:\Users\Asus\AppData\Local\Programs\Python\Python314\Mega Downloader\venv\Lib\site-packages\urllib3\connectionpool.py", line 842, in urlopen
    retries = retries.increment(
              ^^^^^^^^^^^^^^^^^^
  File "C:\Users\Asus\AppData\Local\Programs\Python\Python314\Mega Downloader\venv\Lib\site-packages\urllib3\util\retry.py", line 543, in increment
    raise MaxRetryError(_pool, url, reason) from reason  # type: ignore[arg-type]
    ^^^^^^^^^^^^^^^^^^^^^^^^^^^^^^^^^^^^^^^^^^^^^^^^^^^
urllib3.exceptions.MaxRetryError: SocksHTTPSConnectionPool(host='api.telegram.org', port=443): Max retries exceeded with url: /bot8893611617:***********************************/getMe (Caused by NewConnectionError("SocksHTTPSConnection(host='api.telegram.org', port=443): Failed to establish a new connection: [WinError 10061] No connection could be made because the target machine actively refused it"))

During handling of the above exception, another exception occurred:

Traceback (most recent call last):
  File "C:\Users\Asus\AppData\Local\Programs\Python\Python314\Mega Downloader\venv\Lib\site-packages\telebot\__init__.py", line 1136, in infinity_polling
    self.polling(non_stop=True, timeout=timeout, long_polling_timeout=long_polling_timeout,
  File "C:\Users\Asus\AppData\Local\Programs\Python\Python314\Mega Downloader\venv\Lib\site-packages\telebot\__init__.py", line 1221, in polling
    logger.info('Starting your bot with username: [@%s]', self.user.username)
                                                          ^^^^^^^^^
  File "C:\Users\Asus\AppData\Local\Programs\Python\Python314\Mega Downloader\venv\Lib\site-packages\telebot\__init__.py", line 308, in user
    self._user = self.get_me()
                 ^^^^^^^^^^^^^
  File "C:\Users\Asus\AppData\Local\Programs\Python\Python314\Mega Downloader\venv\Lib\site-packages\telebot\__init__.py", line 1408, in get_me
    apihelper.get_me(self.token)
  File "C:\Users\Asus\AppData\Local\Programs\Python\Python314\Mega Downloader\venv\Lib\site-packages\telebot\apihelper.py", line 204, in get_me
    return _make_request(token, method_url)
           ^^^^^^^^^^^^^^^^^^^^^^^^^^^^^^^^
  File "C:\Users\Asus\AppData\Local\Programs\Python\Python314\Mega Downloader\venv\Lib\site-packages\telebot\apihelper.py", line 162, in _make_request
    result = _get_req_session().request(
             ^^^^^^^^^^^^^^^^^^^^^^^^^^^
  File "C:\Users\Asus\AppData\Local\Programs\Python\Python314\Mega Downloader\venv\Lib\site-packages\requests\sessions.py", line 651, in request
    resp = self.send(prep, **send_kwargs)
           ^^^^^^^^^^^^^^^^^^^^^^^^^^^^^^
  File "C:\Users\Asus\AppData\Local\Programs\Python\Python314\Mega Downloader\venv\Lib\site-packages\requests\sessions.py", line 784, in send
    r = adapter.send(request, **kwargs)
        ^^^^^^^^^^^^^^^^^^^^^^^^^^^^^^^
  File "C:\Users\Asus\AppData\Local\Programs\Python\Python314\Mega Downloader\venv\Lib\site-packages\requests\adapters.py", line 729, in send
    raise ConnectionError(e, request=request)
requests.exceptions.ConnectionError: SocksHTTPSConnectionPool(host='api.telegram.org', port=443): Max retries exceeded with url: /bot8893611617:***********************************/getMe (Caused by NewConnectionError("SocksHTTPSConnection(host='api.telegram.org', port=443): Failed to establish a new connection: [WinError 10061] No connection could be made because the target machine actively refused it"))

2026-07-10 12:03:22,641 [ERROR] TeleBot: Exception traceback:
Traceback (most recent call last):
  File "C:\Users\Asus\AppData\Local\Programs\Python\Python314\Mega Downloader\venv\Lib\site-packages\yt_dlp\networking\_requests.py", line 379, in _new_conn
    return create_connection(
           ^^^^^^^^^^^^^^^^^^
  File "C:\Users\Asus\AppData\Local\Programs\Python\Python314\Mega Downloader\venv\Lib\site-packages\yt_dlp\networking\_helper.py", line 269, in create_connection
    raise err
  File "C:\Users\Asus\AppData\Local\Programs\Python\Python314\Mega Downloader\venv\Lib\site-packages\yt_dlp\networking\_helper.py", line 260, in create_connection
    sock = _create_socket_func(ip_addr, timeout, source_address)
           ^^^^^^^^^^^^^^^^^^^^^^^^^^^^^^^^^^^^^^^^^^^^^^^^^^^^^
  File "C:\Users\Asus\AppData\Local\Programs\Python\Python314\Mega Downloader\venv\Lib\site-packages\yt_dlp\networking\_helper.py", line 228, in create_socks_proxy_socket
    sock.connect(dest_addr)
  File "C:\Users\Asus\AppData\Local\Programs\Python\Python314\Mega Downloader\venv\Lib\site-packages\yt_dlp\socks.py", line 271, in connect
    self._make_proxy(socket.socket.connect, address)
  File "C:\Users\Asus\AppData\Local\Programs\Python\Python314\Mega Downloader\venv\Lib\site-packages\yt_dlp\socks.py", line 259, in _make_proxy
    result = connect_func(self, (self._proxy.host, self._proxy.port))
             ^^^^^^^^^^^^^^^^^^^^^^^^^^^^^^^^^^^^^^^^^^^^^^^^^^^^^^^^
ConnectionRefusedError: [WinError 10061] No connection could be made because the target machine actively refused it

The above exception was the direct cause of the following exception:

Traceback (most recent call last):
  File "C:\Users\Asus\AppData\Local\Programs\Python\Python314\Mega Downloader\venv\Lib\site-packages\urllib3\connectionpool.py", line 788, in urlopen
    response = self._make_request(
               ^^^^^^^^^^^^^^^^^^^
  File "C:\Users\Asus\AppData\Local\Programs\Python\Python314\Mega Downloader\venv\Lib\site-packages\urllib3\connectionpool.py", line 488, in _make_request
    raise new_e
  File "C:\Users\Asus\AppData\Local\Programs\Python\Python314\Mega Downloader\venv\Lib\site-packages\urllib3\connectionpool.py", line 464, in _make_request
    self._validate_conn(conn)
  File "C:\Users\Asus\AppData\Local\Programs\Python\Python314\Mega Downloader\venv\Lib\site-packages\urllib3\connectionpool.py", line 1106, in _validate_conn
    conn.connect()
  File "C:\Users\Asus\AppData\Local\Programs\Python\Python314\Mega Downloader\venv\Lib\site-packages\urllib3\connection.py", line 759, in connect
    self.sock = sock = self._new_conn()
                       ^^^^^^^^^^^^^^^^
  File "C:\Users\Asus\AppData\Local\Programs\Python\Python314\Mega Downloader\venv\Lib\site-packages\yt_dlp\networking\_requests.py", line 391, in _new_conn
    raise urllib3.exceptions.NewConnectionError(
urllib3.exceptions.NewConnectionError: SocksHTTPSConnection(host='api.telegram.org', port=443): Failed to establish a new connection: [WinError 10061] No connection could be made because the target machine actively refused it

The above exception was the direct cause of the following exception:

Traceback (most recent call last):
  File "C:\Users\Asus\AppData\Local\Programs\Python\Python314\Mega Downloader\venv\Lib\site-packages\requests\adapters.py", line 696, in send
    resp = conn.urlopen(
           ^^^^^^^^^^^^^
  File "C:\Users\Asus\AppData\Local\Programs\Python\Python314\Mega Downloader\venv\Lib\site-packages\urllib3\connectionpool.py", line 842, in urlopen
    retries = retries.increment(
              ^^^^^^^^^^^^^^^^^^
  File "C:\Users\Asus\AppData\Local\Programs\Python\Python314\Mega Downloader\venv\Lib\site-packages\urllib3\util\retry.py", line 543, in increment
    raise MaxRetryError(_pool, url, reason) from reason  # type: ignore[arg-type]
    ^^^^^^^^^^^^^^^^^^^^^^^^^^^^^^^^^^^^^^^^^^^^^^^^^^^
urllib3.exceptions.MaxRetryError: SocksHTTPSConnectionPool(host='api.telegram.org', port=443): Max retries exceeded with url: /bot8893611617:***********************************/getMe (Caused by NewConnectionError("SocksHTTPSConnection(host='api.telegram.org', port=443): Failed to establish a new connection: [WinError 10061] No connection could be made because the target machine actively refused it"))

During handling of the above exception, another exception occurred:

Traceback (most recent call last):
  File "C:\Users\Asus\AppData\Local\Programs\Python\Python314\Mega Downloader\venv\Lib\site-packages\telebot\__init__.py", line 1136, in infinity_polling
    self.polling(non_stop=True, timeout=timeout, long_polling_timeout=long_polling_timeout,
  File "C:\Users\Asus\AppData\Local\Programs\Python\Python314\Mega Downloader\venv\Lib\site-packages\telebot\__init__.py", line 1221, in polling
    logger.info('Starting your bot with username: [@%s]', self.user.username)
                                                          ^^^^^^^^^
  File "C:\Users\Asus\AppData\Local\Programs\Python\Python314\Mega Downloader\venv\Lib\site-packages\telebot\__init__.py", line 308, in user
    self._user = self.get_me()
                 ^^^^^^^^^^^^^
  File "C:\Users\Asus\AppData\Local\Programs\Python\Python314\Mega Downloader\venv\Lib\site-packages\telebot\__init__.py", line 1408, in get_me
    apihelper.get_me(self.token)
  File "C:\Users\Asus\AppData\Local\Programs\Python\Python314\Mega Downloader\venv\Lib\site-packages\telebot\apihelper.py", line 204, in get_me
    return _make_request(token, method_url)
           ^^^^^^^^^^^^^^^^^^^^^^^^^^^^^^^^
  File "C:\Users\Asus\AppData\Local\Programs\Python\Python314\Mega Downloader\venv\Lib\site-packages\telebot\apihelper.py", line 162, in _make_request
    result = _get_req_session().request(
             ^^^^^^^^^^^^^^^^^^^^^^^^^^^
  File "C:\Users\Asus\AppData\Local\Programs\Python\Python314\Mega Downloader\venv\Lib\site-packages\requests\sessions.py", line 651, in request
    resp = self.send(prep, **send_kwargs)
           ^^^^^^^^^^^^^^^^^^^^^^^^^^^^^^
  File "C:\Users\Asus\AppData\Local\Programs\Python\Python314\Mega Downloader\venv\Lib\site-packages\requests\sessions.py", line 784, in send
    r = adapter.send(request, **kwargs)
        ^^^^^^^^^^^^^^^^^^^^^^^^^^^^^^^
  File "C:\Users\Asus\AppData\Local\Programs\Python\Python314\Mega Downloader\venv\Lib\site-packages\requests\adapters.py", line 729, in send
    raise ConnectionError(e, request=request)
requests.exceptions.ConnectionError: SocksHTTPSConnectionPool(host='api.telegram.org', port=443): Max retries exceeded with url: /bot8893611617:***********************************/getMe (Caused by NewConnectionError("SocksHTTPSConnection(host='api.telegram.org', port=443): Failed to establish a new connection: [WinError 10061] No connection could be made because the target machine actively refused it"))

2026-07-10 12:03:27,706 [ERROR] TeleBot: Exception traceback:
Traceback (most recent call last):
  File "C:\Users\Asus\AppData\Local\Programs\Python\Python314\Mega Downloader\venv\Lib\site-packages\yt_dlp\networking\_requests.py", line 379, in _new_conn
    return create_connection(
           ^^^^^^^^^^^^^^^^^^
  File "C:\Users\Asus\AppData\Local\Programs\Python\Python314\Mega Downloader\venv\Lib\site-packages\yt_dlp\networking\_helper.py", line 269, in create_connection
    raise err
  File "C:\Users\Asus\AppData\Local\Programs\Python\Python314\Mega Downloader\venv\Lib\site-packages\yt_dlp\networking\_helper.py", line 260, in create_connection
    sock = _create_socket_func(ip_addr, timeout, source_address)
           ^^^^^^^^^^^^^^^^^^^^^^^^^^^^^^^^^^^^^^^^^^^^^^^^^^^^^
  File "C:\Users\Asus\AppData\Local\Programs\Python\Python314\Mega Downloader\venv\Lib\site-packages\yt_dlp\networking\_helper.py", line 228, in create_socks_proxy_socket
    sock.connect(dest_addr)
  File "C:\Users\Asus\AppData\Local\Programs\Python\Python314\Mega Downloader\venv\Lib\site-packages\yt_dlp\socks.py", line 271, in connect
    self._make_proxy(socket.socket.connect, address)
  File "C:\Users\Asus\AppData\Local\Programs\Python\Python314\Mega Downloader\venv\Lib\site-packages\yt_dlp\socks.py", line 259, in _make_proxy
    result = connect_func(self, (self._proxy.host, self._proxy.port))
             ^^^^^^^^^^^^^^^^^^^^^^^^^^^^^^^^^^^^^^^^^^^^^^^^^^^^^^^^
ConnectionRefusedError: [WinError 10061] No connection could be made because the target machine actively refused it

The above exception was the direct cause of the following exception:

Traceback (most recent call last):
  File "C:\Users\Asus\AppData\Local\Programs\Python\Python314\Mega Downloader\venv\Lib\site-packages\urllib3\connectionpool.py", line 788, in urlopen
    response = self._make_request(
               ^^^^^^^^^^^^^^^^^^^
  File "C:\Users\Asus\AppData\Local\Programs\Python\Python314\Mega Downloader\venv\Lib\site-packages\urllib3\connectionpool.py", line 488, in _make_request
    raise new_e
  File "C:\Users\Asus\AppData\Local\Programs\Python\Python314\Mega Downloader\venv\Lib\site-packages\urllib3\connectionpool.py", line 464, in _make_request
    self._validate_conn(conn)
  File "C:\Users\Asus\AppData\Local\Programs\Python\Python314\Mega Downloader\venv\Lib\site-packages\urllib3\connectionpool.py", line 1106, in _validate_conn
    conn.connect()
  File "C:\Users\Asus\AppData\Local\Programs\Python\Python314\Mega Downloader\venv\Lib\site-packages\urllib3\connection.py", line 759, in connect
    self.sock = sock = self._new_conn()
                       ^^^^^^^^^^^^^^^^
  File "C:\Users\Asus\AppData\Local\Programs\Python\Python314\Mega Downloader\venv\Lib\site-packages\yt_dlp\networking\_requests.py", line 391, in _new_conn
    raise urllib3.exceptions.NewConnectionError(
urllib3.exceptions.NewConnectionError: SocksHTTPSConnection(host='api.telegram.org', port=443): Failed to establish a new connection: [WinError 10061] No connection could be made because the target machine actively refused it

The above exception was the direct cause of the following exception:

Traceback (most recent call last):
  File "C:\Users\Asus\AppData\Local\Programs\Python\Python314\Mega Downloader\venv\Lib\site-packages\requests\adapters.py", line 696, in send
    resp = conn.urlopen(
           ^^^^^^^^^^^^^
  File "C:\Users\Asus\AppData\Local\Programs\Python\Python314\Mega Downloader\venv\Lib\site-packages\urllib3\connectionpool.py", line 842, in urlopen
    retries = retries.increment(
              ^^^^^^^^^^^^^^^^^^
  File "C:\Users\Asus\AppData\Local\Programs\Python\Python314\Mega Downloader\venv\Lib\site-packages\urllib3\util\retry.py", line 543, in increment
    raise MaxRetryError(_pool, url, reason) from reason  # type: ignore[arg-type]
    ^^^^^^^^^^^^^^^^^^^^^^^^^^^^^^^^^^^^^^^^^^^^^^^^^^^
urllib3.exceptions.MaxRetryError: SocksHTTPSConnectionPool(host='api.telegram.org', port=443): Max retries exceeded with url: /bot8893611617:***********************************/getMe (Caused by NewConnectionError("SocksHTTPSConnection(host='api.telegram.org', port=443): Failed to establish a new connection: [WinError 10061] No connection could be made because the target machine actively refused it"))

During handling of the above exception, another exception occurred:

Traceback (most recent call last):
  File "C:\Users\Asus\AppData\Local\Programs\Python\Python314\Mega Downloader\venv\Lib\site-packages\telebot\__init__.py", line 1136, in infinity_polling
    self.polling(non_stop=True, timeout=timeout, long_polling_timeout=long_polling_timeout,
  File "C:\Users\Asus\AppData\Local\Programs\Python\Python314\Mega Downloader\venv\Lib\site-packages\telebot\__init__.py", line 1221, in polling
    logger.info('Starting your bot with username: [@%s]', self.user.username)
                                                          ^^^^^^^^^
  File "C:\Users\Asus\AppData\Local\Programs\Python\Python314\Mega Downloader\venv\Lib\site-packages\telebot\__init__.py", line 308, in user
    self._user = self.get_me()
                 ^^^^^^^^^^^^^
  File "C:\Users\Asus\AppData\Local\Programs\Python\Python314\Mega Downloader\venv\Lib\site-packages\telebot\__init__.py", line 1408, in get_me
    apihelper.get_me(self.token)
  File "C:\Users\Asus\AppData\Local\Programs\Python\Python314\Mega Downloader\venv\Lib\site-packages\telebot\apihelper.py", line 204, in get_me
    return _make_request(token, method_url)
           ^^^^^^^^^^^^^^^^^^^^^^^^^^^^^^^^
  File "C:\Users\Asus\AppData\Local\Programs\Python\Python314\Mega Downloader\venv\Lib\site-packages\telebot\apihelper.py", line 162, in _make_request
    result = _get_req_session().request(
             ^^^^^^^^^^^^^^^^^^^^^^^^^^^
  File "C:\Users\Asus\AppData\Local\Programs\Python\Python314\Mega Downloader\venv\Lib\site-packages\requests\sessions.py", line 651, in request
    resp = self.send(prep, **send_kwargs)
           ^^^^^^^^^^^^^^^^^^^^^^^^^^^^^^
  File "C:\Users\Asus\AppData\Local\Programs\Python\Python314\Mega Downloader\venv\Lib\site-packages\requests\sessions.py", line 784, in send
    r = adapter.send(request, **kwargs)
        ^^^^^^^^^^^^^^^^^^^^^^^^^^^^^^^
  File "C:\Users\Asus\AppData\Local\Programs\Python\Python314\Mega Downloader\venv\Lib\site-packages\requests\adapters.py", line 729, in send
    raise ConnectionError(e, request=request)
requests.exceptions.ConnectionError: SocksHTTPSConnectionPool(host='api.telegram.org', port=443): Max retries exceeded with url: /bot8893611617:***********************************/getMe (Caused by NewConnectionError("SocksHTTPSConnection(host='api.telegram.org', port=443): Failed to establish a new connection: [WinError 10061] No connection could be made because the target machine actively refused it"))

2026-07-10 12:03:32,756 [ERROR] TeleBot: Exception traceback:
Traceback (most recent call last):
  File "C:\Users\Asus\AppData\Local\Programs\Python\Python314\Mega Downloader\venv\Lib\site-packages\yt_dlp\networking\_requests.py", line 379, in _new_conn
    return create_connection(
           ^^^^^^^^^^^^^^^^^^
  File "C:\Users\Asus\AppData\Local\Programs\Python\Python314\Mega Downloader\venv\Lib\site-packages\yt_dlp\networking\_helper.py", line 269, in create_connection
    raise err
  File "C:\Users\Asus\AppData\Local\Programs\Python\Python314\Mega Downloader\venv\Lib\site-packages\yt_dlp\networking\_helper.py", line 260, in create_connection
    sock = _create_socket_func(ip_addr, timeout, source_address)
           ^^^^^^^^^^^^^^^^^^^^^^^^^^^^^^^^^^^^^^^^^^^^^^^^^^^^^
  File "C:\Users\Asus\AppData\Local\Programs\Python\Python314\Mega Downloader\venv\Lib\site-packages\yt_dlp\networking\_helper.py", line 228, in create_socks_proxy_socket
    sock.connect(dest_addr)
  File "C:\Users\Asus\AppData\Local\Programs\Python\Python314\Mega Downloader\venv\Lib\site-packages\yt_dlp\socks.py", line 271, in connect
    self._make_proxy(socket.socket.connect, address)
  File "C:\Users\Asus\AppData\Local\Programs\Python\Python314\Mega Downloader\venv\Lib\site-packages\yt_dlp\socks.py", line 259, in _make_proxy
    result = connect_func(self, (self._proxy.host, self._proxy.port))
             ^^^^^^^^^^^^^^^^^^^^^^^^^^^^^^^^^^^^^^^^^^^^^^^^^^^^^^^^
ConnectionRefusedError: [WinError 10061] No connection could be made because the target machine actively refused it

The above exception was the direct cause of the following exception:

Traceback (most recent call last):
  File "C:\Users\Asus\AppData\Local\Programs\Python\Python314\Mega Downloader\venv\Lib\site-packages\urllib3\connectionpool.py", line 788, in urlopen
    response = self._make_request(
               ^^^^^^^^^^^^^^^^^^^
  File "C:\Users\Asus\AppData\Local\Programs\Python\Python314\Mega Downloader\venv\Lib\site-packages\urllib3\connectionpool.py", line 488, in _make_request
    raise new_e
  File "C:\Users\Asus\AppData\Local\Programs\Python\Python314\Mega Downloader\venv\Lib\site-packages\urllib3\connectionpool.py", line 464, in _make_request
    self._validate_conn(conn)
  File "C:\Users\Asus\AppData\Local\Programs\Python\Python314\Mega Downloader\venv\Lib\site-packages\urllib3\connectionpool.py", line 1106, in _validate_conn
    conn.connect()
  File "C:\Users\Asus\AppData\Local\Programs\Python\Python314\Mega Downloader\venv\Lib\site-packages\urllib3\connection.py", line 759, in connect
    self.sock = sock = self._new_conn()
                       ^^^^^^^^^^^^^^^^
  File "C:\Users\Asus\AppData\Local\Programs\Python\Python314\Mega Downloader\venv\Lib\site-packages\yt_dlp\networking\_requests.py", line 391, in _new_conn
    raise urllib3.exceptions.NewConnectionError(
urllib3.exceptions.NewConnectionError: SocksHTTPSConnection(host='api.telegram.org', port=443): Failed to establish a new connection: [WinError 10061] No connection could be made because the target machine actively refused it

The above exception was the direct cause of the following exception:

Traceback (most recent call last):
  File "C:\Users\Asus\AppData\Local\Programs\Python\Python314\Mega Downloader\venv\Lib\site-packages\requests\adapters.py", line 696, in send
    resp = conn.urlopen(
           ^^^^^^^^^^^^^
  File "C:\Users\Asus\AppData\Local\Programs\Python\Python314\Mega Downloader\venv\Lib\site-packages\urllib3\connectionpool.py", line 842, in urlopen
    retries = retries.increment(
              ^^^^^^^^^^^^^^^^^^
  File "C:\Users\Asus\AppData\Local\Programs\Python\Python314\Mega Downloader\venv\Lib\site-packages\urllib3\util\retry.py", line 543, in increment
    raise MaxRetryError(_pool, url, reason) from reason  # type: ignore[arg-type]
    ^^^^^^^^^^^^^^^^^^^^^^^^^^^^^^^^^^^^^^^^^^^^^^^^^^^
urllib3.exceptions.MaxRetryError: SocksHTTPSConnectionPool(host='api.telegram.org', port=443): Max retries exceeded with url: /bot8893611617:***********************************/getMe (Caused by NewConnectionError("SocksHTTPSConnection(host='api.telegram.org', port=443): Failed to establish a new connection: [WinError 10061] No connection could be made because the target machine actively refused it"))

During handling of the above exception, another exception occurred:

Traceback (most recent call last):
  File "C:\Users\Asus\AppData\Local\Programs\Python\Python314\Mega Downloader\venv\Lib\site-packages\telebot\__init__.py", line 1136, in infinity_polling
    self.polling(non_stop=True, timeout=timeout, long_polling_timeout=long_polling_timeout,
  File "C:\Users\Asus\AppData\Local\Programs\Python\Python314\Mega Downloader\venv\Lib\site-packages\telebot\__init__.py", line 1221, in polling
    logger.info('Starting your bot with username: [@%s]', self.user.username)
                                                          ^^^^^^^^^
  File "C:\Users\Asus\AppData\Local\Programs\Python\Python314\Mega Downloader\venv\Lib\site-packages\telebot\__init__.py", line 308, in user
    self._user = self.get_me()
                 ^^^^^^^^^^^^^
  File "C:\Users\Asus\AppData\Local\Programs\Python\Python314\Mega Downloader\venv\Lib\site-packages\telebot\__init__.py", line 1408, in get_me
    apihelper.get_me(self.token)
  File "C:\Users\Asus\AppData\Local\Programs\Python\Python314\Mega Downloader\venv\Lib\site-packages\telebot\apihelper.py", line 204, in get_me
    return _make_request(token, method_url)
           ^^^^^^^^^^^^^^^^^^^^^^^^^^^^^^^^
  File "C:\Users\Asus\AppData\Local\Programs\Python\Python314\Mega Downloader\venv\Lib\site-packages\telebot\apihelper.py", line 162, in _make_request
    result = _get_req_session().request(
             ^^^^^^^^^^^^^^^^^^^^^^^^^^^
  File "C:\Users\Asus\AppData\Local\Programs\Python\Python314\Mega Downloader\venv\Lib\site-packages\requests\sessions.py", line 651, in request
    resp = self.send(prep, **send_kwargs)
           ^^^^^^^^^^^^^^^^^^^^^^^^^^^^^^
  File "C:\Users\Asus\AppData\Local\Programs\Python\Python314\Mega Downloader\venv\Lib\site-packages\requests\sessions.py", line 784, in send
    r = adapter.send(request, **kwargs)
        ^^^^^^^^^^^^^^^^^^^^^^^^^^^^^^^
  File "C:\Users\Asus\AppData\Local\Programs\Python\Python314\Mega Downloader\venv\Lib\site-packages\requests\adapters.py", line 729, in send
    raise ConnectionError(e, request=request)
requests.exceptions.ConnectionError: SocksHTTPSConnectionPool(host='api.telegram.org', port=443): Max retries exceeded with url: /bot8893611617:***********************************/getMe (Caused by NewConnectionError("SocksHTTPSConnection(host='api.telegram.org', port=443): Failed to establish a new connection: [WinError 10061] No connection could be made because the target machine actively refused it"))

2026-07-10 12:03:37,815 [ERROR] TeleBot: Exception traceback:
Traceback (most recent call last):
  File "C:\Users\Asus\AppData\Local\Programs\Python\Python314\Mega Downloader\venv\Lib\site-packages\yt_dlp\networking\_requests.py", line 379, in _new_conn
    return create_connection(
           ^^^^^^^^^^^^^^^^^^
  File "C:\Users\Asus\AppData\Local\Programs\Python\Python314\Mega Downloader\venv\Lib\site-packages\yt_dlp\networking\_helper.py", line 269, in create_connection
    raise err
  File "C:\Users\Asus\AppData\Local\Programs\Python\Python314\Mega Downloader\venv\Lib\site-packages\yt_dlp\networking\_helper.py", line 260, in create_connection
    sock = _create_socket_func(ip_addr, timeout, source_address)
           ^^^^^^^^^^^^^^^^^^^^^^^^^^^^^^^^^^^^^^^^^^^^^^^^^^^^^
  File "C:\Users\Asus\AppData\Local\Programs\Python\Python314\Mega Downloader\venv\Lib\site-packages\yt_dlp\networking\_helper.py", line 228, in create_socks_proxy_socket
    sock.connect(dest_addr)
  File "C:\Users\Asus\AppData\Local\Programs\Python\Python314\Mega Downloader\venv\Lib\site-packages\yt_dlp\socks.py", line 271, in connect
    self._make_proxy(socket.socket.connect, address)
  File "C:\Users\Asus\AppData\Local\Programs\Python\Python314\Mega Downloader\venv\Lib\site-packages\yt_dlp\socks.py", line 259, in _make_proxy
    result = connect_func(self, (self._proxy.host, self._proxy.port))
             ^^^^^^^^^^^^^^^^^^^^^^^^^^^^^^^^^^^^^^^^^^^^^^^^^^^^^^^^
ConnectionRefusedError: [WinError 10061] No connection could be made because the target machine actively refused it

The above exception was the direct cause of the following exception:

Traceback (most recent call last):
  File "C:\Users\Asus\AppData\Local\Programs\Python\Python314\Mega Downloader\venv\Lib\site-packages\urllib3\connectionpool.py", line 788, in urlopen
    response = self._make_request(
               ^^^^^^^^^^^^^^^^^^^
  File "C:\Users\Asus\AppData\Local\Programs\Python\Python314\Mega Downloader\venv\Lib\site-packages\urllib3\connectionpool.py", line 488, in _make_request
    raise new_e
  File "C:\Users\Asus\AppData\Local\Programs\Python\Python314\Mega Downloader\venv\Lib\site-packages\urllib3\connectionpool.py", line 464, in _make_request
    self._validate_conn(conn)
  File "C:\Users\Asus\AppData\Local\Programs\Python\Python314\Mega Downloader\venv\Lib\site-packages\urllib3\connectionpool.py", line 1106, in _validate_conn
    conn.connect()
  File "C:\Users\Asus\AppData\Local\Programs\Python\Python314\Mega Downloader\venv\Lib\site-packages\urllib3\connection.py", line 759, in connect
    self.sock = sock = self._new_conn()
                       ^^^^^^^^^^^^^^^^
  File "C:\Users\Asus\AppData\Local\Programs\Python\Python314\Mega Downloader\venv\Lib\site-packages\yt_dlp\networking\_requests.py", line 391, in _new_conn
    raise urllib3.exceptions.NewConnectionError(
urllib3.exceptions.NewConnectionError: SocksHTTPSConnection(host='api.telegram.org', port=443): Failed to establish a new connection: [WinError 10061] No connection could be made because the target machine actively refused it

The above exception was the direct cause of the following exception:

Traceback (most recent call last):
  File "C:\Users\Asus\AppData\Local\Programs\Python\Python314\Mega Downloader\venv\Lib\site-packages\requests\adapters.py", line 696, in send
    resp = conn.urlopen(
           ^^^^^^^^^^^^^
  File "C:\Users\Asus\AppData\Local\Programs\Python\Python314\Mega Downloader\venv\Lib\site-packages\urllib3\connectionpool.py", line 842, in urlopen
    retries = retries.increment(
              ^^^^^^^^^^^^^^^^^^
  File "C:\Users\Asus\AppData\Local\Programs\Python\Python314\Mega Downloader\venv\Lib\site-packages\urllib3\util\retry.py", line 543, in increment
    raise MaxRetryError(_pool, url, reason) from reason  # type: ignore[arg-type]
    ^^^^^^^^^^^^^^^^^^^^^^^^^^^^^^^^^^^^^^^^^^^^^^^^^^^
urllib3.exceptions.MaxRetryError: SocksHTTPSConnectionPool(host='api.telegram.org', port=443): Max retries exceeded with url: /bot8893611617:***********************************/getMe (Caused by NewConnectionError("SocksHTTPSConnection(host='api.telegram.org', port=443): Failed to establish a new connection: [WinError 10061] No connection could be made because the target machine actively refused it"))

During handling of the above exception, another exception occurred:

Traceback (most recent call last):
  File "C:\Users\Asus\AppData\Local\Programs\Python\Python314\Mega Downloader\venv\Lib\site-packages\telebot\__init__.py", line 1136, in infinity_polling
    self.polling(non_stop=True, timeout=timeout, long_polling_timeout=long_polling_timeout,
  File "C:\Users\Asus\AppData\Local\Programs\Python\Python314\Mega Downloader\venv\Lib\site-packages\telebot\__init__.py", line 1221, in polling
    logger.info('Starting your bot with username: [@%s]', self.user.username)
                                                          ^^^^^^^^^
  File "C:\Users\Asus\AppData\Local\Programs\Python\Python314\Mega Downloader\venv\Lib\site-packages\telebot\__init__.py", line 308, in user
    self._user = self.get_me()
                 ^^^^^^^^^^^^^
  File "C:\Users\Asus\AppData\Local\Programs\Python\Python314\Mega Downloader\venv\Lib\site-packages\telebot\__init__.py", line 1408, in get_me
    apihelper.get_me(self.token)
  File "C:\Users\Asus\AppData\Local\Programs\Python\Python314\Mega Downloader\venv\Lib\site-packages\telebot\apihelper.py", line 204, in get_me
    return _make_request(token, method_url)
           ^^^^^^^^^^^^^^^^^^^^^^^^^^^^^^^^
  File "C:\Users\Asus\AppData\Local\Programs\Python\Python314\Mega Downloader\venv\Lib\site-packages\telebot\apihelper.py", line 162, in _make_request
    result = _get_req_session().request(
             ^^^^^^^^^^^^^^^^^^^^^^^^^^^
  File "C:\Users\Asus\AppData\Local\Programs\Python\Python314\Mega Downloader\venv\Lib\site-packages\requests\sessions.py", line 651, in request
    resp = self.send(prep, **send_kwargs)
           ^^^^^^^^^^^^^^^^^^^^^^^^^^^^^^
  File "C:\Users\Asus\AppData\Local\Programs\Python\Python314\Mega Downloader\venv\Lib\site-packages\requests\sessions.py", line 784, in send
    r = adapter.send(request, **kwargs)
        ^^^^^^^^^^^^^^^^^^^^^^^^^^^^^^^
  File "C:\Users\Asus\AppData\Local\Programs\Python\Python314\Mega Downloader\venv\Lib\site-packages\requests\adapters.py", line 729, in send
    raise ConnectionError(e, request=request)
requests.exceptions.ConnectionError: SocksHTTPSConnectionPool(host='api.telegram.org', port=443): Max retries exceeded with url: /bot8893611617:***********************************/getMe (Caused by NewConnectionError("SocksHTTPSConnection(host='api.telegram.org', port=443): Failed to establish a new connection: [WinError 10061] No connection could be made because the target machine actively refused it"))

2026-07-10 12:03:42,867 [ERROR] TeleBot: Exception traceback:
Traceback (most recent call last):
  File "C:\Users\Asus\AppData\Local\Programs\Python\Python314\Mega Downloader\venv\Lib\site-packages\yt_dlp\networking\_requests.py", line 379, in _new_conn
    return create_connection(
           ^^^^^^^^^^^^^^^^^^
  File "C:\Users\Asus\AppData\Local\Programs\Python\Python314\Mega Downloader\venv\Lib\site-packages\yt_dlp\networking\_helper.py", line 269, in create_connection
    raise err
  File "C:\Users\Asus\AppData\Local\Programs\Python\Python314\Mega Downloader\venv\Lib\site-packages\yt_dlp\networking\_helper.py", line 260, in create_connection
    sock = _create_socket_func(ip_addr, timeout, source_address)
           ^^^^^^^^^^^^^^^^^^^^^^^^^^^^^^^^^^^^^^^^^^^^^^^^^^^^^
  File "C:\Users\Asus\AppData\Local\Programs\Python\Python314\Mega Downloader\venv\Lib\site-packages\yt_dlp\networking\_helper.py", line 228, in create_socks_proxy_socket
    sock.connect(dest_addr)
  File "C:\Users\Asus\AppData\Local\Programs\Python\Python314\Mega Downloader\venv\Lib\site-packages\yt_dlp\socks.py", line 271, in connect
    self._make_proxy(socket.socket.connect, address)
  File "C:\Users\Asus\AppData\Local\Programs\Python\Python314\Mega Downloader\venv\Lib\site-packages\yt_dlp\socks.py", line 259, in _make_proxy
    result = connect_func(self, (self._proxy.host, self._proxy.port))
             ^^^^^^^^^^^^^^^^^^^^^^^^^^^^^^^^^^^^^^^^^^^^^^^^^^^^^^^^
ConnectionRefusedError: [WinError 10061] No connection could be made because the target machine actively refused it

The above exception was the direct cause of the following exception:

Traceback (most recent call last):
  File "C:\Users\Asus\AppData\Local\Programs\Python\Python314\Mega Downloader\venv\Lib\site-packages\urllib3\connectionpool.py", line 788, in urlopen
    response = self._make_request(
               ^^^^^^^^^^^^^^^^^^^
  File "C:\Users\Asus\AppData\Local\Programs\Python\Python314\Mega Downloader\venv\Lib\site-packages\urllib3\connectionpool.py", line 488, in _make_request
    raise new_e
  File "C:\Users\Asus\AppData\Local\Programs\Python\Python314\Mega Downloader\venv\Lib\site-packages\urllib3\connectionpool.py", line 464, in _make_request
    self._validate_conn(conn)
  File "C:\Users\Asus\AppData\Local\Programs\Python\Python314\Mega Downloader\venv\Lib\site-packages\urllib3\connectionpool.py", line 1106, in _validate_conn
    conn.connect()
  File "C:\Users\Asus\AppData\Local\Programs\Python\Python314\Mega Downloader\venv\Lib\site-packages\urllib3\connection.py", line 759, in connect
    self.sock = sock = self._new_conn()
                       ^^^^^^^^^^^^^^^^
  File "C:\Users\Asus\AppData\Local\Programs\Python\Python314\Mega Downloader\venv\Lib\site-packages\yt_dlp\networking\_requests.py", line 391, in _new_conn
    raise urllib3.exceptions.NewConnectionError(
urllib3.exceptions.NewConnectionError: SocksHTTPSConnection(host='api.telegram.org', port=443): Failed to establish a new connection: [WinError 10061] No connection could be made because the target machine actively refused it

The above exception was the direct cause of the following exception:

Traceback (most recent call last):
  File "C:\Users\Asus\AppData\Local\Programs\Python\Python314\Mega Downloader\venv\Lib\site-packages\requests\adapters.py", line 696, in send
    resp = conn.urlopen(
           ^^^^^^^^^^^^^
  File "C:\Users\Asus\AppData\Local\Programs\Python\Python314\Mega Downloader\venv\Lib\site-packages\urllib3\connectionpool.py", line 842, in urlopen
    retries = retries.increment(
              ^^^^^^^^^^^^^^^^^^
  File "C:\Users\Asus\AppData\Local\Programs\Python\Python314\Mega Downloader\venv\Lib\site-packages\urllib3\util\retry.py", line 543, in increment
    raise MaxRetryError(_pool, url, reason) from reason  # type: ignore[arg-type]
    ^^^^^^^^^^^^^^^^^^^^^^^^^^^^^^^^^^^^^^^^^^^^^^^^^^^
urllib3.exceptions.MaxRetryError: SocksHTTPSConnectionPool(host='api.telegram.org', port=443): Max retries exceeded with url: /bot8893611617:***********************************/getMe (Caused by NewConnectionError("SocksHTTPSConnection(host='api.telegram.org', port=443): Failed to establish a new connection: [WinError 10061] No connection could be made because the target machine actively refused it"))

During handling of the above exception, another exception occurred:

Traceback (most recent call last):
  File "C:\Users\Asus\AppData\Local\Programs\Python\Python314\Mega Downloader\venv\Lib\site-packages\telebot\__init__.py", line 1136, in infinity_polling
    self.polling(non_stop=True, timeout=timeout, long_polling_timeout=long_polling_timeout,
  File "C:\Users\Asus\AppData\Local\Programs\Python\Python314\Mega Downloader\venv\Lib\site-packages\telebot\__init__.py", line 1221, in polling
    logger.info('Starting your bot with username: [@%s]', self.user.username)
                                                          ^^^^^^^^^
  File "C:\Users\Asus\AppData\Local\Programs\Python\Python314\Mega Downloader\venv\Lib\site-packages\telebot\__init__.py", line 308, in user
    self._user = self.get_me()
                 ^^^^^^^^^^^^^
  File "C:\Users\Asus\AppData\Local\Programs\Python\Python314\Mega Downloader\venv\Lib\site-packages\telebot\__init__.py", line 1408, in get_me
    apihelper.get_me(self.token)
  File "C:\Users\Asus\AppData\Local\Programs\Python\Python314\Mega Downloader\venv\Lib\site-packages\telebot\apihelper.py", line 204, in get_me
    return _make_request(token, method_url)
           ^^^^^^^^^^^^^^^^^^^^^^^^^^^^^^^^
  File "C:\Users\Asus\AppData\Local\Programs\Python\Python314\Mega Downloader\venv\Lib\site-packages\telebot\apihelper.py", line 162, in _make_request
    result = _get_req_session().request(
             ^^^^^^^^^^^^^^^^^^^^^^^^^^^
  File "C:\Users\Asus\AppData\Local\Programs\Python\Python314\Mega Downloader\venv\Lib\site-packages\requests\sessions.py", line 651, in request
    resp = self.send(prep, **send_kwargs)
           ^^^^^^^^^^^^^^^^^^^^^^^^^^^^^^
  File "C:\Users\Asus\AppData\Local\Programs\Python\Python314\Mega Downloader\venv\Lib\site-packages\requests\sessions.py", line 784, in send
    r = adapter.send(request, **kwargs)
        ^^^^^^^^^^^^^^^^^^^^^^^^^^^^^^^
  File "C:\Users\Asus\AppData\Local\Programs\Python\Python314\Mega Downloader\venv\Lib\site-packages\requests\adapters.py", line 729, in send
    raise ConnectionError(e, request=request)
requests.exceptions.ConnectionError: SocksHTTPSConnectionPool(host='api.telegram.org', port=443): Max retries exceeded with url: /bot8893611617:***********************************/getMe (Caused by NewConnectionError("SocksHTTPSConnection(host='api.telegram.org', port=443): Failed to establish a new connection: [WinError 10061] No connection could be made because the target machine actively refused it"))

2026-07-10 12:03:47,923 [ERROR] TeleBot: Exception traceback:
Traceback (most recent call last):
  File "C:\Users\Asus\AppData\Local\Programs\Python\Python314\Mega Downloader\venv\Lib\site-packages\yt_dlp\networking\_requests.py", line 379, in _new_conn
    return create_connection(
           ^^^^^^^^^^^^^^^^^^
  File "C:\Users\Asus\AppData\Local\Programs\Python\Python314\Mega Downloader\venv\Lib\site-packages\yt_dlp\networking\_helper.py", line 269, in create_connection
    raise err
  File "C:\Users\Asus\AppData\Local\Programs\Python\Python314\Mega Downloader\venv\Lib\site-packages\yt_dlp\networking\_helper.py", line 260, in create_connection
    sock = _create_socket_func(ip_addr, timeout, source_address)
           ^^^^^^^^^^^^^^^^^^^^^^^^^^^^^^^^^^^^^^^^^^^^^^^^^^^^^
  File "C:\Users\Asus\AppData\Local\Programs\Python\Python314\Mega Downloader\venv\Lib\site-packages\yt_dlp\networking\_helper.py", line 228, in create_socks_proxy_socket
    sock.connect(dest_addr)
  File "C:\Users\Asus\AppData\Local\Programs\Python\Python314\Mega Downloader\venv\Lib\site-packages\yt_dlp\socks.py", line 271, in connect
    self._make_proxy(socket.socket.connect, address)
  File "C:\Users\Asus\AppData\Local\Programs\Python\Python314\Mega Downloader\venv\Lib\site-packages\yt_dlp\socks.py", line 259, in _make_proxy
    result = connect_func(self, (self._proxy.host, self._proxy.port))
             ^^^^^^^^^^^^^^^^^^^^^^^^^^^^^^^^^^^^^^^^^^^^^^^^^^^^^^^^
ConnectionRefusedError: [WinError 10061] No connection could be made because the target machine actively refused it

The above exception was the direct cause of the following exception:

Traceback (most recent call last):
  File "C:\Users\Asus\AppData\Local\Programs\Python\Python314\Mega Downloader\venv\Lib\site-packages\urllib3\connectionpool.py", line 788, in urlopen
    response = self._make_request(
               ^^^^^^^^^^^^^^^^^^^
  File "C:\Users\Asus\AppData\Local\Programs\Python\Python314\Mega Downloader\venv\Lib\site-packages\urllib3\connectionpool.py", line 488, in _make_request
    raise new_e
  File "C:\Users\Asus\AppData\Local\Programs\Python\Python314\Mega Downloader\venv\Lib\site-packages\urllib3\connectionpool.py", line 464, in _make_request
    self._validate_conn(conn)
  File "C:\Users\Asus\AppData\Local\Programs\Python\Python314\Mega Downloader\venv\Lib\site-packages\urllib3\connectionpool.py", line 1106, in _validate_conn
    conn.connect()
  File "C:\Users\Asus\AppData\Local\Programs\Python\Python314\Mega Downloader\venv\Lib\site-packages\urllib3\connection.py", line 759, in connect
    self.sock = sock = self._new_conn()
                       ^^^^^^^^^^^^^^^^
  File "C:\Users\Asus\AppData\Local\Programs\Python\Python314\Mega Downloader\venv\Lib\site-packages\yt_dlp\networking\_requests.py", line 391, in _new_conn
    raise urllib3.exceptions.NewConnectionError(
urllib3.exceptions.NewConnectionError: SocksHTTPSConnection(host='api.telegram.org', port=443): Failed to establish a new connection: [WinError 10061] No connection could be made because the target machine actively refused it

The above exception was the direct cause of the following exception:

Traceback (most recent call last):
  File "C:\Users\Asus\AppData\Local\Programs\Python\Python314\Mega Downloader\venv\Lib\site-packages\requests\adapters.py", line 696, in send
    resp = conn.urlopen(
           ^^^^^^^^^^^^^
  File "C:\Users\Asus\AppData\Local\Programs\Python\Python314\Mega Downloader\venv\Lib\site-packages\urllib3\connectionpool.py", line 842, in urlopen
    retries = retries.increment(
              ^^^^^^^^^^^^^^^^^^
  File "C:\Users\Asus\AppData\Local\Programs\Python\Python314\Mega Downloader\venv\Lib\site-packages\urllib3\util\retry.py", line 543, in increment
    raise MaxRetryError(_pool, url, reason) from reason  # type: ignore[arg-type]
    ^^^^^^^^^^^^^^^^^^^^^^^^^^^^^^^^^^^^^^^^^^^^^^^^^^^
urllib3.exceptions.MaxRetryError: SocksHTTPSConnectionPool(host='api.telegram.org', port=443): Max retries exceeded with url: /bot8893611617:***********************************/getMe (Caused by NewConnectionError("SocksHTTPSConnection(host='api.telegram.org', port=443): Failed to establish a new connection: [WinError 10061] No connection could be made because the target machine actively refused it"))

During handling of the above exception, another exception occurred:

Traceback (most recent call last):
  File "C:\Users\Asus\AppData\Local\Programs\Python\Python314\Mega Downloader\venv\Lib\site-packages\telebot\__init__.py", line 1136, in infinity_polling
    self.polling(non_stop=True, timeout=timeout, long_polling_timeout=long_polling_timeout,
  File "C:\Users\Asus\AppData\Local\Programs\Python\Python314\Mega Downloader\venv\Lib\site-packages\telebot\__init__.py", line 1221, in polling
    logger.info('Starting your bot with username: [@%s]', self.user.username)
                                                          ^^^^^^^^^
  File "C:\Users\Asus\AppData\Local\Programs\Python\Python314\Mega Downloader\venv\Lib\site-packages\telebot\__init__.py", line 308, in user
    self._user = self.get_me()
                 ^^^^^^^^^^^^^
  File "C:\Users\Asus\AppData\Local\Programs\Python\Python314\Mega Downloader\venv\Lib\site-packages\telebot\__init__.py", line 1408, in get_me
    apihelper.get_me(self.token)
  File "C:\Users\Asus\AppData\Local\Programs\Python\Python314\Mega Downloader\venv\Lib\site-packages\telebot\apihelper.py", line 204, in get_me
    return _make_request(token, method_url)
           ^^^^^^^^^^^^^^^^^^^^^^^^^^^^^^^^
  File "C:\Users\Asus\AppData\Local\Programs\Python\Python314\Mega Downloader\venv\Lib\site-packages\telebot\apihelper.py", line 162, in _make_request
    result = _get_req_session().request(
             ^^^^^^^^^^^^^^^^^^^^^^^^^^^
  File "C:\Users\Asus\AppData\Local\Programs\Python\Python314\Mega Downloader\venv\Lib\site-packages\requests\sessions.py", line 651, in request
    resp = self.send(prep, **send_kwargs)
           ^^^^^^^^^^^^^^^^^^^^^^^^^^^^^^
  File "C:\Users\Asus\AppData\Local\Programs\Python\Python314\Mega Downloader\venv\Lib\site-packages\requests\sessions.py", line 784, in send
    r = adapter.send(request, **kwargs)
        ^^^^^^^^^^^^^^^^^^^^^^^^^^^^^^^
  File "C:\Users\Asus\AppData\Local\Programs\Python\Python314\Mega Downloader\venv\Lib\site-packages\requests\adapters.py", line 729, in send
    raise ConnectionError(e, request=request)
requests.exceptions.ConnectionError: SocksHTTPSConnectionPool(host='api.telegram.org', port=443): Max retries exceeded with url: /bot8893611617:***********************************/getMe (Caused by NewConnectionError("SocksHTTPSConnection(host='api.telegram.org', port=443): Failed to establish a new connection: [WinError 10061] No connection could be made because the target machine actively refused it"))

2026-07-10 12:03:52,991 [ERROR] TeleBot: Exception traceback:
Traceback (most recent call last):
  File "C:\Users\Asus\AppData\Local\Programs\Python\Python314\Mega Downloader\venv\Lib\site-packages\yt_dlp\networking\_requests.py", line 379, in _new_conn
    return create_connection(
           ^^^^^^^^^^^^^^^^^^
  File "C:\Users\Asus\AppData\Local\Programs\Python\Python314\Mega Downloader\venv\Lib\site-packages\yt_dlp\networking\_helper.py", line 269, in create_connection
    raise err
  File "C:\Users\Asus\AppData\Local\Programs\Python\Python314\Mega Downloader\venv\Lib\site-packages\yt_dlp\networking\_helper.py", line 260, in create_connection
    sock = _create_socket_func(ip_addr, timeout, source_address)
           ^^^^^^^^^^^^^^^^^^^^^^^^^^^^^^^^^^^^^^^^^^^^^^^^^^^^^
  File "C:\Users\Asus\AppData\Local\Programs\Python\Python314\Mega Downloader\venv\Lib\site-packages\yt_dlp\networking\_helper.py", line 228, in create_socks_proxy_socket
    sock.connect(dest_addr)
  File "C:\Users\Asus\AppData\Local\Programs\Python\Python314\Mega Downloader\venv\Lib\site-packages\yt_dlp\socks.py", line 271, in connect
    self._make_proxy(socket.socket.connect, address)
  File "C:\Users\Asus\AppData\Local\Programs\Python\Python314\Mega Downloader\venv\Lib\site-packages\yt_dlp\socks.py", line 259, in _make_proxy
    result = connect_func(self, (self._proxy.host, self._proxy.port))
             ^^^^^^^^^^^^^^^^^^^^^^^^^^^^^^^^^^^^^^^^^^^^^^^^^^^^^^^^
ConnectionRefusedError: [WinError 10061] No connection could be made because the target machine actively refused it

The above exception was the direct cause of the following exception:

Traceback (most recent call last):
  File "C:\Users\Asus\AppData\Local\Programs\Python\Python314\Mega Downloader\venv\Lib\site-packages\urllib3\connectionpool.py", line 788, in urlopen
    response = self._make_request(
               ^^^^^^^^^^^^^^^^^^^
  File "C:\Users\Asus\AppData\Local\Programs\Python\Python314\Mega Downloader\venv\Lib\site-packages\urllib3\connectionpool.py", line 488, in _make_request
    raise new_e
  File "C:\Users\Asus\AppData\Local\Programs\Python\Python314\Mega Downloader\venv\Lib\site-packages\urllib3\connectionpool.py", line 464, in _make_request
    self._validate_conn(conn)
  File "C:\Users\Asus\AppData\Local\Programs\Python\Python314\Mega Downloader\venv\Lib\site-packages\urllib3\connectionpool.py", line 1106, in _validate_conn
    conn.connect()
  File "C:\Users\Asus\AppData\Local\Programs\Python\Python314\Mega Downloader\venv\Lib\site-packages\urllib3\connection.py", line 759, in connect
    self.sock = sock = self._new_conn()
                       ^^^^^^^^^^^^^^^^
  File "C:\Users\Asus\AppData\Local\Programs\Python\Python314\Mega Downloader\venv\Lib\site-packages\yt_dlp\networking\_requests.py", line 391, in _new_conn
    raise urllib3.exceptions.NewConnectionError(
urllib3.exceptions.NewConnectionError: SocksHTTPSConnection(host='api.telegram.org', port=443): Failed to establish a new connection: [WinError 10061] No connection could be made because the target machine actively refused it

The above exception was the direct cause of the following exception:

Traceback (most recent call last):
  File "C:\Users\Asus\AppData\Local\Programs\Python\Python314\Mega Downloader\venv\Lib\site-packages\requests\adapters.py", line 696, in send
    resp = conn.urlopen(
           ^^^^^^^^^^^^^
  File "C:\Users\Asus\AppData\Local\Programs\Python\Python314\Mega Downloader\venv\Lib\site-packages\urllib3\connectionpool.py", line 842, in urlopen
    retries = retries.increment(
              ^^^^^^^^^^^^^^^^^^
  File "C:\Users\Asus\AppData\Local\Programs\Python\Python314\Mega Downloader\venv\Lib\site-packages\urllib3\util\retry.py", line 543, in increment
    raise MaxRetryError(_pool, url, reason) from reason  # type: ignore[arg-type]
    ^^^^^^^^^^^^^^^^^^^^^^^^^^^^^^^^^^^^^^^^^^^^^^^^^^^
urllib3.exceptions.MaxRetryError: SocksHTTPSConnectionPool(host='api.telegram.org', port=443): Max retries exceeded with url: /bot8893611617:***********************************/getMe (Caused by NewConnectionError("SocksHTTPSConnection(host='api.telegram.org', port=443): Failed to establish a new connection: [WinError 10061] No connection could be made because the target machine actively refused it"))

During handling of the above exception, another exception occurred:

Traceback (most recent call last):
  File "C:\Users\Asus\AppData\Local\Programs\Python\Python314\Mega Downloader\venv\Lib\site-packages\telebot\__init__.py", line 1136, in infinity_polling
    self.polling(non_stop=True, timeout=timeout, long_polling_timeout=long_polling_timeout,
  File "C:\Users\Asus\AppData\Local\Programs\Python\Python314\Mega Downloader\venv\Lib\site-packages\telebot\__init__.py", line 1221, in polling
    logger.info('Starting your bot with username: [@%s]', self.user.username)
                                                          ^^^^^^^^^
  File "C:\Users\Asus\AppData\Local\Programs\Python\Python314\Mega Downloader\venv\Lib\site-packages\telebot\__init__.py", line 308, in user
    self._user = self.get_me()
                 ^^^^^^^^^^^^^
  File "C:\Users\Asus\AppData\Local\Programs\Python\Python314\Mega Downloader\venv\Lib\site-packages\telebot\__init__.py", line 1408, in get_me
    apihelper.get_me(self.token)
  File "C:\Users\Asus\AppData\Local\Programs\Python\Python314\Mega Downloader\venv\Lib\site-packages\telebot\apihelper.py", line 204, in get_me
    return _make_request(token, method_url)
           ^^^^^^^^^^^^^^^^^^^^^^^^^^^^^^^^
  File "C:\Users\Asus\AppData\Local\Programs\Python\Python314\Mega Downloader\venv\Lib\site-packages\telebot\apihelper.py", line 162, in _make_request
    result = _get_req_session().request(
             ^^^^^^^^^^^^^^^^^^^^^^^^^^^
  File "C:\Users\Asus\AppData\Local\Programs\Python\Python314\Mega Downloader\venv\Lib\site-packages\requests\sessions.py", line 651, in request
    resp = self.send(prep, **send_kwargs)
           ^^^^^^^^^^^^^^^^^^^^^^^^^^^^^^
  File "C:\Users\Asus\AppData\Local\Programs\Python\Python314\Mega Downloader\venv\Lib\site-packages\requests\sessions.py", line 784, in send
    r = adapter.send(request, **kwargs)
        ^^^^^^^^^^^^^^^^^^^^^^^^^^^^^^^
  File "C:\Users\Asus\AppData\Local\Programs\Python\Python314\Mega Downloader\venv\Lib\site-packages\requests\adapters.py", line 729, in send
    raise ConnectionError(e, request=request)
requests.exceptions.ConnectionError: SocksHTTPSConnectionPool(host='api.telegram.org', port=443): Max retries exceeded with url: /bot8893611617:***********************************/getMe (Caused by NewConnectionError("SocksHTTPSConnection(host='api.telegram.org', port=443): Failed to establish a new connection: [WinError 10061] No connection could be made because the target machine actively refused it"))

2026-07-10 12:03:58,081 [ERROR] TeleBot: Exception traceback:
Traceback (most recent call last):
  File "C:\Users\Asus\AppData\Local\Programs\Python\Python314\Mega Downloader\venv\Lib\site-packages\yt_dlp\networking\_requests.py", line 379, in _new_conn
    return create_connection(
           ^^^^^^^^^^^^^^^^^^
  File "C:\Users\Asus\AppData\Local\Programs\Python\Python314\Mega Downloader\venv\Lib\site-packages\yt_dlp\networking\_helper.py", line 269, in create_connection
    raise err
  File "C:\Users\Asus\AppData\Local\Programs\Python\Python314\Mega Downloader\venv\Lib\site-packages\yt_dlp\networking\_helper.py", line 260, in create_connection
    sock = _create_socket_func(ip_addr, timeout, source_address)
           ^^^^^^^^^^^^^^^^^^^^^^^^^^^^^^^^^^^^^^^^^^^^^^^^^^^^^
  File "C:\Users\Asus\AppData\Local\Programs\Python\Python314\Mega Downloader\venv\Lib\site-packages\yt_dlp\networking\_helper.py", line 228, in create_socks_proxy_socket
    sock.connect(dest_addr)
  File "C:\Users\Asus\AppData\Local\Programs\Python\Python314\Mega Downloader\venv\Lib\site-packages\yt_dlp\socks.py", line 271, in connect
    self._make_proxy(socket.socket.connect, address)
  File "C:\Users\Asus\AppData\Local\Programs\Python\Python314\Mega Downloader\venv\Lib\site-packages\yt_dlp\socks.py", line 259, in _make_proxy
    result = connect_func(self, (self._proxy.host, self._proxy.port))
             ^^^^^^^^^^^^^^^^^^^^^^^^^^^^^^^^^^^^^^^^^^^^^^^^^^^^^^^^
ConnectionRefusedError: [WinError 10061] No connection could be made because the target machine actively refused it

The above exception was the direct cause of the following exception:

Traceback (most recent call last):
  File "C:\Users\Asus\AppData\Local\Programs\Python\Python314\Mega Downloader\venv\Lib\site-packages\urllib3\connectionpool.py", line 788, in urlopen
    response = self._make_request(
               ^^^^^^^^^^^^^^^^^^^
  File "C:\Users\Asus\AppData\Local\Programs\Python\Python314\Mega Downloader\venv\Lib\site-packages\urllib3\connectionpool.py", line 488, in _make_request
    raise new_e
  File "C:\Users\Asus\AppData\Local\Programs\Python\Python314\Mega Downloader\venv\Lib\site-packages\urllib3\connectionpool.py", line 464, in _make_request
    self._validate_conn(conn)
  File "C:\Users\Asus\AppData\Local\Programs\Python\Python314\Mega Downloader\venv\Lib\site-packages\urllib3\connectionpool.py", line 1106, in _validate_conn
    conn.connect()
  File "C:\Users\Asus\AppData\Local\Programs\Python\Python314\Mega Downloader\venv\Lib\site-packages\urllib3\connection.py", line 759, in connect
    self.sock = sock = self._new_conn()
                       ^^^^^^^^^^^^^^^^
  File "C:\Users\Asus\AppData\Local\Programs\Python\Python314\Mega Downloader\venv\Lib\site-packages\yt_dlp\networking\_requests.py", line 391, in _new_conn
    raise urllib3.exceptions.NewConnectionError(
urllib3.exceptions.NewConnectionError: SocksHTTPSConnection(host='api.telegram.org', port=443): Failed to establish a new connection: [WinError 10061] No connection could be made because the target machine actively refused it

The above exception was the direct cause of the following exception:

Traceback (most recent call last):
  File "C:\Users\Asus\AppData\Local\Programs\Python\Python314\Mega Downloader\venv\Lib\site-packages\requests\adapters.py", line 696, in send
    resp = conn.urlopen(
           ^^^^^^^^^^^^^
  File "C:\Users\Asus\AppData\Local\Programs\Python\Python314\Mega Downloader\venv\Lib\site-packages\urllib3\connectionpool.py", line 842, in urlopen
    retries = retries.increment(
              ^^^^^^^^^^^^^^^^^^
  File "C:\Users\Asus\AppData\Local\Programs\Python\Python314\Mega Downloader\venv\Lib\site-packages\urllib3\util\retry.py", line 543, in increment
    raise MaxRetryError(_pool, url, reason) from reason  # type: ignore[arg-type]
    ^^^^^^^^^^^^^^^^^^^^^^^^^^^^^^^^^^^^^^^^^^^^^^^^^^^
urllib3.exceptions.MaxRetryError: SocksHTTPSConnectionPool(host='api.telegram.org', port=443): Max retries exceeded with url: /bot8893611617:***********************************/getMe (Caused by NewConnectionError("SocksHTTPSConnection(host='api.telegram.org', port=443): Failed to establish a new connection: [WinError 10061] No connection could be made because the target machine actively refused it"))

During handling of the above exception, another exception occurred:

Traceback (most recent call last):
  File "C:\Users\Asus\AppData\Local\Programs\Python\Python314\Mega Downloader\venv\Lib\site-packages\telebot\__init__.py", line 1136, in infinity_polling
    self.polling(non_stop=True, timeout=timeout, long_polling_timeout=long_polling_timeout,
  File "C:\Users\Asus\AppData\Local\Programs\Python\Python314\Mega Downloader\venv\Lib\site-packages\telebot\__init__.py", line 1221, in polling
    logger.info('Starting your bot with username: [@%s]', self.user.username)
                                                          ^^^^^^^^^
  File "C:\Users\Asus\AppData\Local\Programs\Python\Python314\Mega Downloader\venv\Lib\site-packages\telebot\__init__.py", line 308, in user
    self._user = self.get_me()
                 ^^^^^^^^^^^^^
  File "C:\Users\Asus\AppData\Local\Programs\Python\Python314\Mega Downloader\venv\Lib\site-packages\telebot\__init__.py", line 1408, in get_me
    apihelper.get_me(self.token)
  File "C:\Users\Asus\AppData\Local\Programs\Python\Python314\Mega Downloader\venv\Lib\site-packages\telebot\apihelper.py", line 204, in get_me
    return _make_request(token, method_url)
           ^^^^^^^^^^^^^^^^^^^^^^^^^^^^^^^^
  File "C:\Users\Asus\AppData\Local\Programs\Python\Python314\Mega Downloader\venv\Lib\site-packages\telebot\apihelper.py", line 162, in _make_request
    result = _get_req_session().request(
             ^^^^^^^^^^^^^^^^^^^^^^^^^^^
  File "C:\Users\Asus\AppData\Local\Programs\Python\Python314\Mega Downloader\venv\Lib\site-packages\requests\sessions.py", line 651, in request
    resp = self.send(prep, **send_kwargs)
           ^^^^^^^^^^^^^^^^^^^^^^^^^^^^^^
  File "C:\Users\Asus\AppData\Local\Programs\Python\Python314\Mega Downloader\venv\Lib\site-packages\requests\sessions.py", line 784, in send
    r = adapter.send(request, **kwargs)
        ^^^^^^^^^^^^^^^^^^^^^^^^^^^^^^^
  File "C:\Users\Asus\AppData\Local\Programs\Python\Python314\Mega Downloader\venv\Lib\site-packages\requests\adapters.py", line 729, in send
    raise ConnectionError(e, request=request)
requests.exceptions.ConnectionError: SocksHTTPSConnectionPool(host='api.telegram.org', port=443): Max retries exceeded with url: /bot8893611617:***********************************/getMe (Caused by NewConnectionError("SocksHTTPSConnection(host='api.telegram.org', port=443): Failed to establish a new connection: [WinError 10061] No connection could be made because the target machine actively refused it"))

2026-07-10 12:04:03,114 [ERROR] TeleBot: Exception traceback:
Traceback (most recent call last):
  File "C:\Users\Asus\AppData\Local\Programs\Python\Python314\Mega Downloader\venv\Lib\site-packages\yt_dlp\networking\_requests.py", line 379, in _new_conn
    return create_connection(
           ^^^^^^^^^^^^^^^^^^
  File "C:\Users\Asus\AppData\Local\Programs\Python\Python314\Mega Downloader\venv\Lib\site-packages\yt_dlp\networking\_helper.py", line 269, in create_connection
    raise err
  File "C:\Users\Asus\AppData\Local\Programs\Python\Python314\Mega Downloader\venv\Lib\site-packages\yt_dlp\networking\_helper.py", line 260, in create_connection
    sock = _create_socket_func(ip_addr, timeout, source_address)
           ^^^^^^^^^^^^^^^^^^^^^^^^^^^^^^^^^^^^^^^^^^^^^^^^^^^^^
  File "C:\Users\Asus\AppData\Local\Programs\Python\Python314\Mega Downloader\venv\Lib\site-packages\yt_dlp\networking\_helper.py", line 228, in create_socks_proxy_socket
    sock.connect(dest_addr)
  File "C:\Users\Asus\AppData\Local\Programs\Python\Python314\Mega Downloader\venv\Lib\site-packages\yt_dlp\socks.py", line 271, in connect
    self._make_proxy(socket.socket.connect, address)
  File "C:\Users\Asus\AppData\Local\Programs\Python\Python314\Mega Downloader\venv\Lib\site-packages\yt_dlp\socks.py", line 259, in _make_proxy
    result = connect_func(self, (self._proxy.host, self._proxy.port))
             ^^^^^^^^^^^^^^^^^^^^^^^^^^^^^^^^^^^^^^^^^^^^^^^^^^^^^^^^
ConnectionRefusedError: [WinError 10061] No connection could be made because the target machine actively refused it

The above exception was the direct cause of the following exception:

Traceback (most recent call last):
  File "C:\Users\Asus\AppData\Local\Programs\Python\Python314\Mega Downloader\venv\Lib\site-packages\urllib3\connectionpool.py", line 788, in urlopen
    response = self._make_request(
               ^^^^^^^^^^^^^^^^^^^
  File "C:\Users\Asus\AppData\Local\Programs\Python\Python314\Mega Downloader\venv\Lib\site-packages\urllib3\connectionpool.py", line 488, in _make_request
    raise new_e
  File "C:\Users\Asus\AppData\Local\Programs\Python\Python314\Mega Downloader\venv\Lib\site-packages\urllib3\connectionpool.py", line 464, in _make_request
    self._validate_conn(conn)
  File "C:\Users\Asus\AppData\Local\Programs\Python\Python314\Mega Downloader\venv\Lib\site-packages\urllib3\connectionpool.py", line 1106, in _validate_conn
    conn.connect()
  File "C:\Users\Asus\AppData\Local\Programs\Python\Python314\Mega Downloader\venv\Lib\site-packages\urllib3\connection.py", line 759, in connect
    self.sock = sock = self._new_conn()
                       ^^^^^^^^^^^^^^^^
  File "C:\Users\Asus\AppData\Local\Programs\Python\Python314\Mega Downloader\venv\Lib\site-packages\yt_dlp\networking\_requests.py", line 391, in _new_conn
    raise urllib3.exceptions.NewConnectionError(
urllib3.exceptions.NewConnectionError: SocksHTTPSConnection(host='api.telegram.org', port=443): Failed to establish a new connection: [WinError 10061] No connection could be made because the target machine actively refused it

The above exception was the direct cause of the following exception:

Traceback (most recent call last):
  File "C:\Users\Asus\AppData\Local\Programs\Python\Python314\Mega Downloader\venv\Lib\site-packages\requests\adapters.py", line 696, in send
    resp = conn.urlopen(
           ^^^^^^^^^^^^^
  File "C:\Users\Asus\AppData\Local\Programs\Python\Python314\Mega Downloader\venv\Lib\site-packages\urllib3\connectionpool.py", line 842, in urlopen
    retries = retries.increment(
              ^^^^^^^^^^^^^^^^^^
  File "C:\Users\Asus\AppData\Local\Programs\Python\Python314\Mega Downloader\venv\Lib\site-packages\urllib3\util\retry.py", line 543, in increment
    raise MaxRetryError(_pool, url, reason) from reason  # type: ignore[arg-type]
    ^^^^^^^^^^^^^^^^^^^^^^^^^^^^^^^^^^^^^^^^^^^^^^^^^^^
urllib3.exceptions.MaxRetryError: SocksHTTPSConnectionPool(host='api.telegram.org', port=443): Max retries exceeded with url: /bot8893611617:***********************************/getMe (Caused by NewConnectionError("SocksHTTPSConnection(host='api.telegram.org', port=443): Failed to establish a new connection: [WinError 10061] No connection could be made because the target machine actively refused it"))

During handling of the above exception, another exception occurred:

Traceback (most recent call last):
  File "C:\Users\Asus\AppData\Local\Programs\Python\Python314\Mega Downloader\venv\Lib\site-packages\telebot\__init__.py", line 1136, in infinity_polling
    self.polling(non_stop=True, timeout=timeout, long_polling_timeout=long_polling_timeout,
  File "C:\Users\Asus\AppData\Local\Programs\Python\Python314\Mega Downloader\venv\Lib\site-packages\telebot\__init__.py", line 1221, in polling
    logger.info('Starting your bot with username: [@%s]', self.user.username)
                                                          ^^^^^^^^^
  File "C:\Users\Asus\AppData\Local\Programs\Python\Python314\Mega Downloader\venv\Lib\site-packages\telebot\__init__.py", line 308, in user
    self._user = self.get_me()
                 ^^^^^^^^^^^^^
  File "C:\Users\Asus\AppData\Local\Programs\Python\Python314\Mega Downloader\venv\Lib\site-packages\telebot\__init__.py", line 1408, in get_me
    apihelper.get_me(self.token)
  File "C:\Users\Asus\AppData\Local\Programs\Python\Python314\Mega Downloader\venv\Lib\site-packages\telebot\apihelper.py", line 204, in get_me
    return _make_request(token, method_url)
           ^^^^^^^^^^^^^^^^^^^^^^^^^^^^^^^^
  File "C:\Users\Asus\AppData\Local\Programs\Python\Python314\Mega Downloader\venv\Lib\site-packages\telebot\apihelper.py", line 162, in _make_request
    result = _get_req_session().request(
             ^^^^^^^^^^^^^^^^^^^^^^^^^^^
  File "C:\Users\Asus\AppData\Local\Programs\Python\Python314\Mega Downloader\venv\Lib\site-packages\requests\sessions.py", line 651, in request
    resp = self.send(prep, **send_kwargs)
           ^^^^^^^^^^^^^^^^^^^^^^^^^^^^^^
  File "C:\Users\Asus\AppData\Local\Programs\Python\Python314\Mega Downloader\venv\Lib\site-packages\requests\sessions.py", line 784, in send
    r = adapter.send(request, **kwargs)
        ^^^^^^^^^^^^^^^^^^^^^^^^^^^^^^^
  File "C:\Users\Asus\AppData\Local\Programs\Python\Python314\Mega Downloader\venv\Lib\site-packages\requests\adapters.py", line 729, in send
    raise ConnectionError(e, request=request)
requests.exceptions.ConnectionError: SocksHTTPSConnectionPool(host='api.telegram.org', port=443): Max retries exceeded with url: /bot8893611617:***********************************/getMe (Caused by NewConnectionError("SocksHTTPSConnection(host='api.telegram.org', port=443): Failed to establish a new connection: [WinError 10061] No connection could be made because the target machine actively refused it"))

2026-07-10 12:04:08,169 [ERROR] TeleBot: Exception traceback:
Traceback (most recent call last):
  File "C:\Users\Asus\AppData\Local\Programs\Python\Python314\Mega Downloader\venv\Lib\site-packages\yt_dlp\networking\_requests.py", line 379, in _new_conn
    return create_connection(
           ^^^^^^^^^^^^^^^^^^
  File "C:\Users\Asus\AppData\Local\Programs\Python\Python314\Mega Downloader\venv\Lib\site-packages\yt_dlp\networking\_helper.py", line 269, in create_connection
    raise err
  File "C:\Users\Asus\AppData\Local\Programs\Python\Python314\Mega Downloader\venv\Lib\site-packages\yt_dlp\networking\_helper.py", line 260, in create_connection
    sock = _create_socket_func(ip_addr, timeout, source_address)
           ^^^^^^^^^^^^^^^^^^^^^^^^^^^^^^^^^^^^^^^^^^^^^^^^^^^^^
  File "C:\Users\Asus\AppData\Local\Programs\Python\Python314\Mega Downloader\venv\Lib\site-packages\yt_dlp\networking\_helper.py", line 228, in create_socks_proxy_socket
    sock.connect(dest_addr)
  File "C:\Users\Asus\AppData\Local\Programs\Python\Python314\Mega Downloader\venv\Lib\site-packages\yt_dlp\socks.py", line 271, in connect
    self._make_proxy(socket.socket.connect, address)
  File "C:\Users\Asus\AppData\Local\Programs\Python\Python314\Mega Downloader\venv\Lib\site-packages\yt_dlp\socks.py", line 259, in _make_proxy
    result = connect_func(self, (self._proxy.host, self._proxy.port))
             ^^^^^^^^^^^^^^^^^^^^^^^^^^^^^^^^^^^^^^^^^^^^^^^^^^^^^^^^
ConnectionRefusedError: [WinError 10061] No connection could be made because the target machine actively refused it

The above exception was the direct cause of the following exception:

Traceback (most recent call last):
  File "C:\Users\Asus\AppData\Local\Programs\Python\Python314\Mega Downloader\venv\Lib\site-packages\urllib3\connectionpool.py", line 788, in urlopen
    response = self._make_request(
               ^^^^^^^^^^^^^^^^^^^
  File "C:\Users\Asus\AppData\Local\Programs\Python\Python314\Mega Downloader\venv\Lib\site-packages\urllib3\connectionpool.py", line 488, in _make_request
    raise new_e
  File "C:\Users\Asus\AppData\Local\Programs\Python\Python314\Mega Downloader\venv\Lib\site-packages\urllib3\connectionpool.py", line 464, in _make_request
    self._validate_conn(conn)
  File "C:\Users\Asus\AppData\Local\Programs\Python\Python314\Mega Downloader\venv\Lib\site-packages\urllib3\connectionpool.py", line 1106, in _validate_conn
    conn.connect()
  File "C:\Users\Asus\AppData\Local\Programs\Python\Python314\Mega Downloader\venv\Lib\site-packages\urllib3\connection.py", line 759, in connect
    self.sock = sock = self._new_conn()
                       ^^^^^^^^^^^^^^^^
  File "C:\Users\Asus\AppData\Local\Programs\Python\Python314\Mega Downloader\venv\Lib\site-packages\yt_dlp\networking\_requests.py", line 391, in _new_conn
    raise urllib3.exceptions.NewConnectionError(
urllib3.exceptions.NewConnectionError: SocksHTTPSConnection(host='api.telegram.org', port=443): Failed to establish a new connection: [WinError 10061] No connection could be made because the target machine actively refused it

The above exception was the direct cause of the following exception:

Traceback (most recent call last):
  File "C:\Users\Asus\AppData\Local\Programs\Python\Python314\Mega Downloader\venv\Lib\site-packages\requests\adapters.py", line 696, in send
    resp = conn.urlopen(
           ^^^^^^^^^^^^^
  File "C:\Users\Asus\AppData\Local\Programs\Python\Python314\Mega Downloader\venv\Lib\site-packages\urllib3\connectionpool.py", line 842, in urlopen
    retries = retries.increment(
              ^^^^^^^^^^^^^^^^^^
  File "C:\Users\Asus\AppData\Local\Programs\Python\Python314\Mega Downloader\venv\Lib\site-packages\urllib3\util\retry.py", line 543, in increment
    raise MaxRetryError(_pool, url, reason) from reason  # type: ignore[arg-type]
    ^^^^^^^^^^^^^^^^^^^^^^^^^^^^^^^^^^^^^^^^^^^^^^^^^^^
urllib3.exceptions.MaxRetryError: SocksHTTPSConnectionPool(host='api.telegram.org', port=443): Max retries exceeded with url: /bot8893611617:***********************************/getMe (Caused by NewConnectionError("SocksHTTPSConnection(host='api.telegram.org', port=443): Failed to establish a new connection: [WinError 10061] No connection could be made because the target machine actively refused it"))

During handling of the above exception, another exception occurred:

Traceback (most recent call last):
  File "C:\Users\Asus\AppData\Local\Programs\Python\Python314\Mega Downloader\venv\Lib\site-packages\telebot\__init__.py", line 1136, in infinity_polling
    self.polling(non_stop=True, timeout=timeout, long_polling_timeout=long_polling_timeout,
  File "C:\Users\Asus\AppData\Local\Programs\Python\Python314\Mega Downloader\venv\Lib\site-packages\telebot\__init__.py", line 1221, in polling
    logger.info('Starting your bot with username: [@%s]', self.user.username)
                                                          ^^^^^^^^^
  File "C:\Users\Asus\AppData\Local\Programs\Python\Python314\Mega Downloader\venv\Lib\site-packages\telebot\__init__.py", line 308, in user
    self._user = self.get_me()
                 ^^^^^^^^^^^^^
  File "C:\Users\Asus\AppData\Local\Programs\Python\Python314\Mega Downloader\venv\Lib\site-packages\telebot\__init__.py", line 1408, in get_me
    apihelper.get_me(self.token)
  File "C:\Users\Asus\AppData\Local\Programs\Python\Python314\Mega Downloader\venv\Lib\site-packages\telebot\apihelper.py", line 204, in get_me
    return _make_request(token, method_url)
           ^^^^^^^^^^^^^^^^^^^^^^^^^^^^^^^^
  File "C:\Users\Asus\AppData\Local\Programs\Python\Python314\Mega Downloader\venv\Lib\site-packages\telebot\apihelper.py", line 162, in _make_request
    result = _get_req_session().request(
             ^^^^^^^^^^^^^^^^^^^^^^^^^^^
  File "C:\Users\Asus\AppData\Local\Programs\Python\Python314\Mega Downloader\venv\Lib\site-packages\requests\sessions.py", line 651, in request
    resp = self.send(prep, **send_kwargs)
           ^^^^^^^^^^^^^^^^^^^^^^^^^^^^^^
  File "C:\Users\Asus\AppData\Local\Programs\Python\Python314\Mega Downloader\venv\Lib\site-packages\requests\sessions.py", line 784, in send
    r = adapter.send(request, **kwargs)
        ^^^^^^^^^^^^^^^^^^^^^^^^^^^^^^^
  File "C:\Users\Asus\AppData\Local\Programs\Python\Python314\Mega Downloader\venv\Lib\site-packages\requests\adapters.py", line 729, in send
    raise ConnectionError(e, request=request)
requests.exceptions.ConnectionError: SocksHTTPSConnectionPool(host='api.telegram.org', port=443): Max retries exceeded with url: /bot8893611617:***********************************/getMe (Caused by NewConnectionError("SocksHTTPSConnection(host='api.telegram.org', port=443): Failed to establish a new connection: [WinError 10061] No connection could be made because the target machine actively refused it"))

2026-07-10 12:04:13,228 [ERROR] TeleBot: Exception traceback:
Traceback (most recent call last):
  File "C:\Users\Asus\AppData\Local\Programs\Python\Python314\Mega Downloader\venv\Lib\site-packages\yt_dlp\networking\_requests.py", line 379, in _new_conn
    return create_connection(
           ^^^^^^^^^^^^^^^^^^
  File "C:\Users\Asus\AppData\Local\Programs\Python\Python314\Mega Downloader\venv\Lib\site-packages\yt_dlp\networking\_helper.py", line 269, in create_connection
    raise err
  File "C:\Users\Asus\AppData\Local\Programs\Python\Python314\Mega Downloader\venv\Lib\site-packages\yt_dlp\networking\_helper.py", line 260, in create_connection
    sock = _create_socket_func(ip_addr, timeout, source_address)
           ^^^^^^^^^^^^^^^^^^^^^^^^^^^^^^^^^^^^^^^^^^^^^^^^^^^^^
  File "C:\Users\Asus\AppData\Local\Programs\Python\Python314\Mega Downloader\venv\Lib\site-packages\yt_dlp\networking\_helper.py", line 228, in create_socks_proxy_socket
    sock.connect(dest_addr)
  File "C:\Users\Asus\AppData\Local\Programs\Python\Python314\Mega Downloader\venv\Lib\site-packages\yt_dlp\socks.py", line 271, in connect
    self._make_proxy(socket.socket.connect, address)
  File "C:\Users\Asus\AppData\Local\Programs\Python\Python314\Mega Downloader\venv\Lib\site-packages\yt_dlp\socks.py", line 259, in _make_proxy
    result = connect_func(self, (self._proxy.host, self._proxy.port))
             ^^^^^^^^^^^^^^^^^^^^^^^^^^^^^^^^^^^^^^^^^^^^^^^^^^^^^^^^
ConnectionRefusedError: [WinError 10061] No connection could be made because the target machine actively refused it

The above exception was the direct cause of the following exception:

Traceback (most recent call last):
  File "C:\Users\Asus\AppData\Local\Programs\Python\Python314\Mega Downloader\venv\Lib\site-packages\urllib3\connectionpool.py", line 788, in urlopen
    response = self._make_request(
               ^^^^^^^^^^^^^^^^^^^
  File "C:\Users\Asus\AppData\Local\Programs\Python\Python314\Mega Downloader\venv\Lib\site-packages\urllib3\connectionpool.py", line 488, in _make_request
    raise new_e
  File "C:\Users\Asus\AppData\Local\Programs\Python\Python314\Mega Downloader\venv\Lib\site-packages\urllib3\connectionpool.py", line 464, in _make_request
    self._validate_conn(conn)
  File "C:\Users\Asus\AppData\Local\Programs\Python\Python314\Mega Downloader\venv\Lib\site-packages\urllib3\connectionpool.py", line 1106, in _validate_conn
    conn.connect()
  File "C:\Users\Asus\AppData\Local\Programs\Python\Python314\Mega Downloader\venv\Lib\site-packages\urllib3\connection.py", line 759, in connect
    self.sock = sock = self._new_conn()
                       ^^^^^^^^^^^^^^^^
  File "C:\Users\Asus\AppData\Local\Programs\Python\Python314\Mega Downloader\venv\Lib\site-packages\yt_dlp\networking\_requests.py", line 391, in _new_conn
    raise urllib3.exceptions.NewConnectionError(
urllib3.exceptions.NewConnectionError: SocksHTTPSConnection(host='api.telegram.org', port=443): Failed to establish a new connection: [WinError 10061] No connection could be made because the target machine actively refused it

The above exception was the direct cause of the following exception:

Traceback (most recent call last):
  File "C:\Users\Asus\AppData\Local\Programs\Python\Python314\Mega Downloader\venv\Lib\site-packages\requests\adapters.py", line 696, in send
    resp = conn.urlopen(
           ^^^^^^^^^^^^^
  File "C:\Users\Asus\AppData\Local\Programs\Python\Python314\Mega Downloader\venv\Lib\site-packages\urllib3\connectionpool.py", line 842, in urlopen
    retries = retries.increment(
              ^^^^^^^^^^^^^^^^^^
  File "C:\Users\Asus\AppData\Local\Programs\Python\Python314\Mega Downloader\venv\Lib\site-packages\urllib3\util\retry.py", line 543, in increment
    raise MaxRetryError(_pool, url, reason) from reason  # type: ignore[arg-type]
    ^^^^^^^^^^^^^^^^^^^^^^^^^^^^^^^^^^^^^^^^^^^^^^^^^^^
urllib3.exceptions.MaxRetryError: SocksHTTPSConnectionPool(host='api.telegram.org', port=443): Max retries exceeded with url: /bot8893611617:***********************************/getMe (Caused by NewConnectionError("SocksHTTPSConnection(host='api.telegram.org', port=443): Failed to establish a new connection: [WinError 10061] No connection could be made because the target machine actively refused it"))

During handling of the above exception, another exception occurred:

Traceback (most recent call last):
  File "C:\Users\Asus\AppData\Local\Programs\Python\Python314\Mega Downloader\venv\Lib\site-packages\telebot\__init__.py", line 1136, in infinity_polling
    self.polling(non_stop=True, timeout=timeout, long_polling_timeout=long_polling_timeout,
  File "C:\Users\Asus\AppData\Local\Programs\Python\Python314\Mega Downloader\venv\Lib\site-packages\telebot\__init__.py", line 1221, in polling
    logger.info('Starting your bot with username: [@%s]', self.user.username)
                                                          ^^^^^^^^^
  File "C:\Users\Asus\AppData\Local\Programs\Python\Python314\Mega Downloader\venv\Lib\site-packages\telebot\__init__.py", line 308, in user
    self._user = self.get_me()
                 ^^^^^^^^^^^^^
  File "C:\Users\Asus\AppData\Local\Programs\Python\Python314\Mega Downloader\venv\Lib\site-packages\telebot\__init__.py", line 1408, in get_me
    apihelper.get_me(self.token)
  File "C:\Users\Asus\AppData\Local\Programs\Python\Python314\Mega Downloader\venv\Lib\site-packages\telebot\apihelper.py", line 204, in get_me
    return _make_request(token, method_url)
           ^^^^^^^^^^^^^^^^^^^^^^^^^^^^^^^^
  File "C:\Users\Asus\AppData\Local\Programs\Python\Python314\Mega Downloader\venv\Lib\site-packages\telebot\apihelper.py", line 162, in _make_request
    result = _get_req_session().request(
             ^^^^^^^^^^^^^^^^^^^^^^^^^^^
  File "C:\Users\Asus\AppData\Local\Programs\Python\Python314\Mega Downloader\venv\Lib\site-packages\requests\sessions.py", line 651, in request
    resp = self.send(prep, **send_kwargs)
           ^^^^^^^^^^^^^^^^^^^^^^^^^^^^^^
  File "C:\Users\Asus\AppData\Local\Programs\Python\Python314\Mega Downloader\venv\Lib\site-packages\requests\sessions.py", line 784, in send
    r = adapter.send(request, **kwargs)
        ^^^^^^^^^^^^^^^^^^^^^^^^^^^^^^^
  File "C:\Users\Asus\AppData\Local\Programs\Python\Python314\Mega Downloader\venv\Lib\site-packages\requests\adapters.py", line 729, in send
    raise ConnectionError(e, request=request)
requests.exceptions.ConnectionError: SocksHTTPSConnectionPool(host='api.telegram.org', port=443): Max retries exceeded with url: /bot8893611617:***********************************/getMe (Caused by NewConnectionError("SocksHTTPSConnection(host='api.telegram.org', port=443): Failed to establish a new connection: [WinError 10061] No connection could be made because the target machine actively refused it"))

2026-07-10 12:04:18,266 [ERROR] TeleBot: Exception traceback:
Traceback (most recent call last):
  File "C:\Users\Asus\AppData\Local\Programs\Python\Python314\Mega Downloader\venv\Lib\site-packages\yt_dlp\networking\_requests.py", line 379, in _new_conn
    return create_connection(
           ^^^^^^^^^^^^^^^^^^
  File "C:\Users\Asus\AppData\Local\Programs\Python\Python314\Mega Downloader\venv\Lib\site-packages\yt_dlp\networking\_helper.py", line 269, in create_connection
    raise err
  File "C:\Users\Asus\AppData\Local\Programs\Python\Python314\Mega Downloader\venv\Lib\site-packages\yt_dlp\networking\_helper.py", line 260, in create_connection
    sock = _create_socket_func(ip_addr, timeout, source_address)
           ^^^^^^^^^^^^^^^^^^^^^^^^^^^^^^^^^^^^^^^^^^^^^^^^^^^^^
  File "C:\Users\Asus\AppData\Local\Programs\Python\Python314\Mega Downloader\venv\Lib\site-packages\yt_dlp\networking\_helper.py", line 228, in create_socks_proxy_socket
    sock.connect(dest_addr)
  File "C:\Users\Asus\AppData\Local\Programs\Python\Python314\Mega Downloader\venv\Lib\site-packages\yt_dlp\socks.py", line 271, in connect
    self._make_proxy(socket.socket.connect, address)
  File "C:\Users\Asus\AppData\Local\Programs\Python\Python314\Mega Downloader\venv\Lib\site-packages\yt_dlp\socks.py", line 259, in _make_proxy
    result = connect_func(self, (self._proxy.host, self._proxy.port))
             ^^^^^^^^^^^^^^^^^^^^^^^^^^^^^^^^^^^^^^^^^^^^^^^^^^^^^^^^
ConnectionRefusedError: [WinError 10061] No connection could be made because the target machine actively refused it

The above exception was the direct cause of the following exception:

Traceback (most recent call last):
  File "C:\Users\Asus\AppData\Local\Programs\Python\Python314\Mega Downloader\venv\Lib\site-packages\urllib3\connectionpool.py", line 788, in urlopen
    response = self._make_request(
               ^^^^^^^^^^^^^^^^^^^
  File "C:\Users\Asus\AppData\Local\Programs\Python\Python314\Mega Downloader\venv\Lib\site-packages\urllib3\connectionpool.py", line 488, in _make_request
    raise new_e
  File "C:\Users\Asus\AppData\Local\Programs\Python\Python314\Mega Downloader\venv\Lib\site-packages\urllib3\connectionpool.py", line 464, in _make_request
    self._validate_conn(conn)
  File "C:\Users\Asus\AppData\Local\Programs\Python\Python314\Mega Downloader\venv\Lib\site-packages\urllib3\connectionpool.py", line 1106, in _validate_conn
    conn.connect()
  File "C:\Users\Asus\AppData\Local\Programs\Python\Python314\Mega Downloader\venv\Lib\site-packages\urllib3\connection.py", line 759, in connect
    self.sock = sock = self._new_conn()
                       ^^^^^^^^^^^^^^^^
  File "C:\Users\Asus\AppData\Local\Programs\Python\Python314\Mega Downloader\venv\Lib\site-packages\yt_dlp\networking\_requests.py", line 391, in _new_conn
    raise urllib3.exceptions.NewConnectionError(
urllib3.exceptions.NewConnectionError: SocksHTTPSConnection(host='api.telegram.org', port=443): Failed to establish a new connection: [WinError 10061] No connection could be made because the target machine actively refused it

The above exception was the direct cause of the following exception:

Traceback (most recent call last):
  File "C:\Users\Asus\AppData\Local\Programs\Python\Python314\Mega Downloader\venv\Lib\site-packages\requests\adapters.py", line 696, in send
    resp = conn.urlopen(
           ^^^^^^^^^^^^^
  File "C:\Users\Asus\AppData\Local\Programs\Python\Python314\Mega Downloader\venv\Lib\site-packages\urllib3\connectionpool.py", line 842, in urlopen
    retries = retries.increment(
              ^^^^^^^^^^^^^^^^^^
  File "C:\Users\Asus\AppData\Local\Programs\Python\Python314\Mega Downloader\venv\Lib\site-packages\urllib3\util\retry.py", line 543, in increment
    raise MaxRetryError(_pool, url, reason) from reason  # type: ignore[arg-type]
    ^^^^^^^^^^^^^^^^^^^^^^^^^^^^^^^^^^^^^^^^^^^^^^^^^^^
urllib3.exceptions.MaxRetryError: SocksHTTPSConnectionPool(host='api.telegram.org', port=443): Max retries exceeded with url: /bot8893611617:***********************************/getMe (Caused by NewConnectionError("SocksHTTPSConnection(host='api.telegram.org', port=443): Failed to establish a new connection: [WinError 10061] No connection could be made because the target machine actively refused it"))

During handling of the above exception, another exception occurred:

Traceback (most recent call last):
  File "C:\Users\Asus\AppData\Local\Programs\Python\Python314\Mega Downloader\venv\Lib\site-packages\telebot\__init__.py", line 1136, in infinity_polling
    self.polling(non_stop=True, timeout=timeout, long_polling_timeout=long_polling_timeout,
  File "C:\Users\Asus\AppData\Local\Programs\Python\Python314\Mega Downloader\venv\Lib\site-packages\telebot\__init__.py", line 1221, in polling
    logger.info('Starting your bot with username: [@%s]', self.user.username)
                                                          ^^^^^^^^^
  File "C:\Users\Asus\AppData\Local\Programs\Python\Python314\Mega Downloader\venv\Lib\site-packages\telebot\__init__.py", line 308, in user
    self._user = self.get_me()
                 ^^^^^^^^^^^^^
  File "C:\Users\Asus\AppData\Local\Programs\Python\Python314\Mega Downloader\venv\Lib\site-packages\telebot\__init__.py", line 1408, in get_me
    apihelper.get_me(self.token)
  File "C:\Users\Asus\AppData\Local\Programs\Python\Python314\Mega Downloader\venv\Lib\site-packages\telebot\apihelper.py", line 204, in get_me
    return _make_request(token, method_url)
           ^^^^^^^^^^^^^^^^^^^^^^^^^^^^^^^^
  File "C:\Users\Asus\AppData\Local\Programs\Python\Python314\Mega Downloader\venv\Lib\site-packages\telebot\apihelper.py", line 162, in _make_request
    result = _get_req_session().request(
             ^^^^^^^^^^^^^^^^^^^^^^^^^^^
  File "C:\Users\Asus\AppData\Local\Programs\Python\Python314\Mega Downloader\venv\Lib\site-packages\requests\sessions.py", line 651, in request
    resp = self.send(prep, **send_kwargs)
           ^^^^^^^^^^^^^^^^^^^^^^^^^^^^^^
  File "C:\Users\Asus\AppData\Local\Programs\Python\Python314\Mega Downloader\venv\Lib\site-packages\requests\sessions.py", line 784, in send
    r = adapter.send(request, **kwargs)
        ^^^^^^^^^^^^^^^^^^^^^^^^^^^^^^^
  File "C:\Users\Asus\AppData\Local\Programs\Python\Python314\Mega Downloader\venv\Lib\site-packages\requests\adapters.py", line 729, in send
    raise ConnectionError(e, request=request)
requests.exceptions.ConnectionError: SocksHTTPSConnectionPool(host='api.telegram.org', port=443): Max retries exceeded with url: /bot8893611617:***********************************/getMe (Caused by NewConnectionError("SocksHTTPSConnection(host='api.telegram.org', port=443): Failed to establish a new connection: [WinError 10061] No connection could be made because the target machine actively refused it"))

2026-07-10 12:04:23,317 [ERROR] TeleBot: Exception traceback:
Traceback (most recent call last):
  File "C:\Users\Asus\AppData\Local\Programs\Python\Python314\Mega Downloader\venv\Lib\site-packages\yt_dlp\networking\_requests.py", line 379, in _new_conn
    return create_connection(
           ^^^^^^^^^^^^^^^^^^
  File "C:\Users\Asus\AppData\Local\Programs\Python\Python314\Mega Downloader\venv\Lib\site-packages\yt_dlp\networking\_helper.py", line 269, in create_connection
    raise err
  File "C:\Users\Asus\AppData\Local\Programs\Python\Python314\Mega Downloader\venv\Lib\site-packages\yt_dlp\networking\_helper.py", line 260, in create_connection
    sock = _create_socket_func(ip_addr, timeout, source_address)
           ^^^^^^^^^^^^^^^^^^^^^^^^^^^^^^^^^^^^^^^^^^^^^^^^^^^^^
  File "C:\Users\Asus\AppData\Local\Programs\Python\Python314\Mega Downloader\venv\Lib\site-packages\yt_dlp\networking\_helper.py", line 228, in create_socks_proxy_socket
    sock.connect(dest_addr)
  File "C:\Users\Asus\AppData\Local\Programs\Python\Python314\Mega Downloader\venv\Lib\site-packages\yt_dlp\socks.py", line 271, in connect
    self._make_proxy(socket.socket.connect, address)
  File "C:\Users\Asus\AppData\Local\Programs\Python\Python314\Mega Downloader\venv\Lib\site-packages\yt_dlp\socks.py", line 259, in _make_proxy
    result = connect_func(self, (self._proxy.host, self._proxy.port))
             ^^^^^^^^^^^^^^^^^^^^^^^^^^^^^^^^^^^^^^^^^^^^^^^^^^^^^^^^
ConnectionRefusedError: [WinError 10061] No connection could be made because the target machine actively refused it

The above exception was the direct cause of the following exception:

Traceback (most recent call last):
  File "C:\Users\Asus\AppData\Local\Programs\Python\Python314\Mega Downloader\venv\Lib\site-packages\urllib3\connectionpool.py", line 788, in urlopen
    response = self._make_request(
               ^^^^^^^^^^^^^^^^^^^
  File "C:\Users\Asus\AppData\Local\Programs\Python\Python314\Mega Downloader\venv\Lib\site-packages\urllib3\connectionpool.py", line 488, in _make_request
    raise new_e
  File "C:\Users\Asus\AppData\Local\Programs\Python\Python314\Mega Downloader\venv\Lib\site-packages\urllib3\connectionpool.py", line 464, in _make_request
    self._validate_conn(conn)
  File "C:\Users\Asus\AppData\Local\Programs\Python\Python314\Mega Downloader\venv\Lib\site-packages\urllib3\connectionpool.py", line 1106, in _validate_conn
    conn.connect()
  File "C:\Users\Asus\AppData\Local\Programs\Python\Python314\Mega Downloader\venv\Lib\site-packages\urllib3\connection.py", line 759, in connect
    self.sock = sock = self._new_conn()
                       ^^^^^^^^^^^^^^^^
  File "C:\Users\Asus\AppData\Local\Programs\Python\Python314\Mega Downloader\venv\Lib\site-packages\yt_dlp\networking\_requests.py", line 391, in _new_conn
    raise urllib3.exceptions.NewConnectionError(
urllib3.exceptions.NewConnectionError: SocksHTTPSConnection(host='api.telegram.org', port=443): Failed to establish a new connection: [WinError 10061] No connection could be made because the target machine actively refused it

The above exception was the direct cause of the following exception:

Traceback (most recent call last):
  File "C:\Users\Asus\AppData\Local\Programs\Python\Python314\Mega Downloader\venv\Lib\site-packages\requests\adapters.py", line 696, in send
    resp = conn.urlopen(
           ^^^^^^^^^^^^^
  File "C:\Users\Asus\AppData\Local\Programs\Python\Python314\Mega Downloader\venv\Lib\site-packages\urllib3\connectionpool.py", line 842, in urlopen
    retries = retries.increment(
              ^^^^^^^^^^^^^^^^^^
  File "C:\Users\Asus\AppData\Local\Programs\Python\Python314\Mega Downloader\venv\Lib\site-packages\urllib3\util\retry.py", line 543, in increment
    raise MaxRetryError(_pool, url, reason) from reason  # type: ignore[arg-type]
    ^^^^^^^^^^^^^^^^^^^^^^^^^^^^^^^^^^^^^^^^^^^^^^^^^^^
urllib3.exceptions.MaxRetryError: SocksHTTPSConnectionPool(host='api.telegram.org', port=443): Max retries exceeded with url: /bot8893611617:***********************************/getMe (Caused by NewConnectionError("SocksHTTPSConnection(host='api.telegram.org', port=443): Failed to establish a new connection: [WinError 10061] No connection could be made because the target machine actively refused it"))

During handling of the above exception, another exception occurred:

Traceback (most recent call last):
  File "C:\Users\Asus\AppData\Local\Programs\Python\Python314\Mega Downloader\venv\Lib\site-packages\telebot\__init__.py", line 1136, in infinity_polling
    self.polling(non_stop=True, timeout=timeout, long_polling_timeout=long_polling_timeout,
  File "C:\Users\Asus\AppData\Local\Programs\Python\Python314\Mega Downloader\venv\Lib\site-packages\telebot\__init__.py", line 1221, in polling
    logger.info('Starting your bot with username: [@%s]', self.user.username)
                                                          ^^^^^^^^^
  File "C:\Users\Asus\AppData\Local\Programs\Python\Python314\Mega Downloader\venv\Lib\site-packages\telebot\__init__.py", line 308, in user
    self._user = self.get_me()
                 ^^^^^^^^^^^^^
  File "C:\Users\Asus\AppData\Local\Programs\Python\Python314\Mega Downloader\venv\Lib\site-packages\telebot\__init__.py", line 1408, in get_me
    apihelper.get_me(self.token)
  File "C:\Users\Asus\AppData\Local\Programs\Python\Python314\Mega Downloader\venv\Lib\site-packages\telebot\apihelper.py", line 204, in get_me
    return _make_request(token, method_url)
           ^^^^^^^^^^^^^^^^^^^^^^^^^^^^^^^^
  File "C:\Users\Asus\AppData\Local\Programs\Python\Python314\Mega Downloader\venv\Lib\site-packages\telebot\apihelper.py", line 162, in _make_request
    result = _get_req_session().request(
             ^^^^^^^^^^^^^^^^^^^^^^^^^^^
  File "C:\Users\Asus\AppData\Local\Programs\Python\Python314\Mega Downloader\venv\Lib\site-packages\requests\sessions.py", line 651, in request
    resp = self.send(prep, **send_kwargs)
           ^^^^^^^^^^^^^^^^^^^^^^^^^^^^^^
  File "C:\Users\Asus\AppData\Local\Programs\Python\Python314\Mega Downloader\venv\Lib\site-packages\requests\sessions.py", line 784, in send
    r = adapter.send(request, **kwargs)
        ^^^^^^^^^^^^^^^^^^^^^^^^^^^^^^^
  File "C:\Users\Asus\AppData\Local\Programs\Python\Python314\Mega Downloader\venv\Lib\site-packages\requests\adapters.py", line 729, in send
    raise ConnectionError(e, request=request)
requests.exceptions.ConnectionError: SocksHTTPSConnectionPool(host='api.telegram.org', port=443): Max retries exceeded with url: /bot8893611617:***********************************/getMe (Caused by NewConnectionError("SocksHTTPSConnection(host='api.telegram.org', port=443): Failed to establish a new connection: [WinError 10061] No connection could be made because the target machine actively refused it"))

2026-07-10 12:04:28,371 [ERROR] TeleBot: Exception traceback:
Traceback (most recent call last):
  File "C:\Users\Asus\AppData\Local\Programs\Python\Python314\Mega Downloader\venv\Lib\site-packages\yt_dlp\networking\_requests.py", line 379, in _new_conn
    return create_connection(
           ^^^^^^^^^^^^^^^^^^
  File "C:\Users\Asus\AppData\Local\Programs\Python\Python314\Mega Downloader\venv\Lib\site-packages\yt_dlp\networking\_helper.py", line 269, in create_connection
    raise err
  File "C:\Users\Asus\AppData\Local\Programs\Python\Python314\Mega Downloader\venv\Lib\site-packages\yt_dlp\networking\_helper.py", line 260, in create_connection
    sock = _create_socket_func(ip_addr, timeout, source_address)
           ^^^^^^^^^^^^^^^^^^^^^^^^^^^^^^^^^^^^^^^^^^^^^^^^^^^^^
  File "C:\Users\Asus\AppData\Local\Programs\Python\Python314\Mega Downloader\venv\Lib\site-packages\yt_dlp\networking\_helper.py", line 228, in create_socks_proxy_socket
    sock.connect(dest_addr)
  File "C:\Users\Asus\AppData\Local\Programs\Python\Python314\Mega Downloader\venv\Lib\site-packages\yt_dlp\socks.py", line 271, in connect
    self._make_proxy(socket.socket.connect, address)
  File "C:\Users\Asus\AppData\Local\Programs\Python\Python314\Mega Downloader\venv\Lib\site-packages\yt_dlp\socks.py", line 259, in _make_proxy
    result = connect_func(self, (self._proxy.host, self._proxy.port))
             ^^^^^^^^^^^^^^^^^^^^^^^^^^^^^^^^^^^^^^^^^^^^^^^^^^^^^^^^
ConnectionRefusedError: [WinError 10061] No connection could be made because the target machine actively refused it

The above exception was the direct cause of the following exception:

Traceback (most recent call last):
  File "C:\Users\Asus\AppData\Local\Programs\Python\Python314\Mega Downloader\venv\Lib\site-packages\urllib3\connectionpool.py", line 788, in urlopen
    response = self._make_request(
               ^^^^^^^^^^^^^^^^^^^
  File "C:\Users\Asus\AppData\Local\Programs\Python\Python314\Mega Downloader\venv\Lib\site-packages\urllib3\connectionpool.py", line 488, in _make_request
    raise new_e
  File "C:\Users\Asus\AppData\Local\Programs\Python\Python314\Mega Downloader\venv\Lib\site-packages\urllib3\connectionpool.py", line 464, in _make_request
    self._validate_conn(conn)
  File "C:\Users\Asus\AppData\Local\Programs\Python\Python314\Mega Downloader\venv\Lib\site-packages\urllib3\connectionpool.py", line 1106, in _validate_conn
    conn.connect()
  File "C:\Users\Asus\AppData\Local\Programs\Python\Python314\Mega Downloader\venv\Lib\site-packages\urllib3\connection.py", line 759, in connect
    self.sock = sock = self._new_conn()
                       ^^^^^^^^^^^^^^^^
  File "C:\Users\Asus\AppData\Local\Programs\Python\Python314\Mega Downloader\venv\Lib\site-packages\yt_dlp\networking\_requests.py", line 391, in _new_conn
    raise urllib3.exceptions.NewConnectionError(
urllib3.exceptions.NewConnectionError: SocksHTTPSConnection(host='api.telegram.org', port=443): Failed to establish a new connection: [WinError 10061] No connection could be made because the target machine actively refused it

The above exception was the direct cause of the following exception:

Traceback (most recent call last):
  File "C:\Users\Asus\AppData\Local\Programs\Python\Python314\Mega Downloader\venv\Lib\site-packages\requests\adapters.py", line 696, in send
    resp = conn.urlopen(
           ^^^^^^^^^^^^^
  File "C:\Users\Asus\AppData\Local\Programs\Python\Python314\Mega Downloader\venv\Lib\site-packages\urllib3\connectionpool.py", line 842, in urlopen
    retries = retries.increment(
              ^^^^^^^^^^^^^^^^^^
  File "C:\Users\Asus\AppData\Local\Programs\Python\Python314\Mega Downloader\venv\Lib\site-packages\urllib3\util\retry.py", line 543, in increment
    raise MaxRetryError(_pool, url, reason) from reason  # type: ignore[arg-type]
    ^^^^^^^^^^^^^^^^^^^^^^^^^^^^^^^^^^^^^^^^^^^^^^^^^^^
urllib3.exceptions.MaxRetryError: SocksHTTPSConnectionPool(host='api.telegram.org', port=443): Max retries exceeded with url: /bot8893611617:***********************************/getMe (Caused by NewConnectionError("SocksHTTPSConnection(host='api.telegram.org', port=443): Failed to establish a new connection: [WinError 10061] No connection could be made because the target machine actively refused it"))

During handling of the above exception, another exception occurred:

Traceback (most recent call last):
  File "C:\Users\Asus\AppData\Local\Programs\Python\Python314\Mega Downloader\venv\Lib\site-packages\telebot\__init__.py", line 1136, in infinity_polling
    self.polling(non_stop=True, timeout=timeout, long_polling_timeout=long_polling_timeout,
  File "C:\Users\Asus\AppData\Local\Programs\Python\Python314\Mega Downloader\venv\Lib\site-packages\telebot\__init__.py", line 1221, in polling
    logger.info('Starting your bot with username: [@%s]', self.user.username)
                                                          ^^^^^^^^^
  File "C:\Users\Asus\AppData\Local\Programs\Python\Python314\Mega Downloader\venv\Lib\site-packages\telebot\__init__.py", line 308, in user
    self._user = self.get_me()
                 ^^^^^^^^^^^^^
  File "C:\Users\Asus\AppData\Local\Programs\Python\Python314\Mega Downloader\venv\Lib\site-packages\telebot\__init__.py", line 1408, in get_me
    apihelper.get_me(self.token)
  File "C:\Users\Asus\AppData\Local\Programs\Python\Python314\Mega Downloader\venv\Lib\site-packages\telebot\apihelper.py", line 204, in get_me
    return _make_request(token, method_url)
           ^^^^^^^^^^^^^^^^^^^^^^^^^^^^^^^^
  File "C:\Users\Asus\AppData\Local\Programs\Python\Python314\Mega Downloader\venv\Lib\site-packages\telebot\apihelper.py", line 162, in _make_request
    result = _get_req_session().request(
             ^^^^^^^^^^^^^^^^^^^^^^^^^^^
  File "C:\Users\Asus\AppData\Local\Programs\Python\Python314\Mega Downloader\venv\Lib\site-packages\requests\sessions.py", line 651, in request
    resp = self.send(prep, **send_kwargs)
           ^^^^^^^^^^^^^^^^^^^^^^^^^^^^^^
  File "C:\Users\Asus\AppData\Local\Programs\Python\Python314\Mega Downloader\venv\Lib\site-packages\requests\sessions.py", line 784, in send
    r = adapter.send(request, **kwargs)
        ^^^^^^^^^^^^^^^^^^^^^^^^^^^^^^^
  File "C:\Users\Asus\AppData\Local\Programs\Python\Python314\Mega Downloader\venv\Lib\site-packages\requests\adapters.py", line 729, in send
    raise ConnectionError(e, request=request)
requests.exceptions.ConnectionError: SocksHTTPSConnectionPool(host='api.telegram.org', port=443): Max retries exceeded with url: /bot8893611617:***********************************/getMe (Caused by NewConnectionError("SocksHTTPSConnection(host='api.telegram.org', port=443): Failed to establish a new connection: [WinError 10061] No connection could be made because the target machine actively refused it"))

2026-07-10 12:04:33,417 [ERROR] TeleBot: Exception traceback:
Traceback (most recent call last):
  File "C:\Users\Asus\AppData\Local\Programs\Python\Python314\Mega Downloader\venv\Lib\site-packages\yt_dlp\networking\_requests.py", line 379, in _new_conn
    return create_connection(
           ^^^^^^^^^^^^^^^^^^
  File "C:\Users\Asus\AppData\Local\Programs\Python\Python314\Mega Downloader\venv\Lib\site-packages\yt_dlp\networking\_helper.py", line 269, in create_connection
    raise err
  File "C:\Users\Asus\AppData\Local\Programs\Python\Python314\Mega Downloader\venv\Lib\site-packages\yt_dlp\networking\_helper.py", line 260, in create_connection
    sock = _create_socket_func(ip_addr, timeout, source_address)
           ^^^^^^^^^^^^^^^^^^^^^^^^^^^^^^^^^^^^^^^^^^^^^^^^^^^^^
  File "C:\Users\Asus\AppData\Local\Programs\Python\Python314\Mega Downloader\venv\Lib\site-packages\yt_dlp\networking\_helper.py", line 228, in create_socks_proxy_socket
    sock.connect(dest_addr)
  File "C:\Users\Asus\AppData\Local\Programs\Python\Python314\Mega Downloader\venv\Lib\site-packages\yt_dlp\socks.py", line 271, in connect
    self._make_proxy(socket.socket.connect, address)
  File "C:\Users\Asus\AppData\Local\Programs\Python\Python314\Mega Downloader\venv\Lib\site-packages\yt_dlp\socks.py", line 259, in _make_proxy
    result = connect_func(self, (self._proxy.host, self._proxy.port))
             ^^^^^^^^^^^^^^^^^^^^^^^^^^^^^^^^^^^^^^^^^^^^^^^^^^^^^^^^
ConnectionRefusedError: [WinError 10061] No connection could be made because the target machine actively refused it

The above exception was the direct cause of the following exception:

Traceback (most recent call last):
  File "C:\Users\Asus\AppData\Local\Programs\Python\Python314\Mega Downloader\venv\Lib\site-packages\urllib3\connectionpool.py", line 788, in urlopen
    response = self._make_request(
               ^^^^^^^^^^^^^^^^^^^
  File "C:\Users\Asus\AppData\Local\Programs\Python\Python314\Mega Downloader\venv\Lib\site-packages\urllib3\connectionpool.py", line 488, in _make_request
    raise new_e
  File "C:\Users\Asus\AppData\Local\Programs\Python\Python314\Mega Downloader\venv\Lib\site-packages\urllib3\connectionpool.py", line 464, in _make_request
    self._validate_conn(conn)
  File "C:\Users\Asus\AppData\Local\Programs\Python\Python314\Mega Downloader\venv\Lib\site-packages\urllib3\connectionpool.py", line 1106, in _validate_conn
    conn.connect()
  File "C:\Users\Asus\AppData\Local\Programs\Python\Python314\Mega Downloader\venv\Lib\site-packages\urllib3\connection.py", line 759, in connect
    self.sock = sock = self._new_conn()
                       ^^^^^^^^^^^^^^^^
  File "C:\Users\Asus\AppData\Local\Programs\Python\Python314\Mega Downloader\venv\Lib\site-packages\yt_dlp\networking\_requests.py", line 391, in _new_conn
    raise urllib3.exceptions.NewConnectionError(
urllib3.exceptions.NewConnectionError: SocksHTTPSConnection(host='api.telegram.org', port=443): Failed to establish a new connection: [WinError 10061] No connection could be made because the target machine actively refused it

The above exception was the direct cause of the following exception:

Traceback (most recent call last):
  File "C:\Users\Asus\AppData\Local\Programs\Python\Python314\Mega Downloader\venv\Lib\site-packages\requests\adapters.py", line 696, in send
    resp = conn.urlopen(
           ^^^^^^^^^^^^^
  File "C:\Users\Asus\AppData\Local\Programs\Python\Python314\Mega Downloader\venv\Lib\site-packages\urllib3\connectionpool.py", line 842, in urlopen
    retries = retries.increment(
              ^^^^^^^^^^^^^^^^^^
  File "C:\Users\Asus\AppData\Local\Programs\Python\Python314\Mega Downloader\venv\Lib\site-packages\urllib3\util\retry.py", line 543, in increment
    raise MaxRetryError(_pool, url, reason) from reason  # type: ignore[arg-type]
    ^^^^^^^^^^^^^^^^^^^^^^^^^^^^^^^^^^^^^^^^^^^^^^^^^^^
urllib3.exceptions.MaxRetryError: SocksHTTPSConnectionPool(host='api.telegram.org', port=443): Max retries exceeded with url: /bot8893611617:***********************************/getMe (Caused by NewConnectionError("SocksHTTPSConnection(host='api.telegram.org', port=443): Failed to establish a new connection: [WinError 10061] No connection could be made because the target machine actively refused it"))

During handling of the above exception, another exception occurred:

Traceback (most recent call last):
  File "C:\Users\Asus\AppData\Local\Programs\Python\Python314\Mega Downloader\venv\Lib\site-packages\telebot\__init__.py", line 1136, in infinity_polling
    self.polling(non_stop=True, timeout=timeout, long_polling_timeout=long_polling_timeout,
  File "C:\Users\Asus\AppData\Local\Programs\Python\Python314\Mega Downloader\venv\Lib\site-packages\telebot\__init__.py", line 1221, in polling
    logger.info('Starting your bot with username: [@%s]', self.user.username)
                                                          ^^^^^^^^^
  File "C:\Users\Asus\AppData\Local\Programs\Python\Python314\Mega Downloader\venv\Lib\site-packages\telebot\__init__.py", line 308, in user
    self._user = self.get_me()
                 ^^^^^^^^^^^^^
  File "C:\Users\Asus\AppData\Local\Programs\Python\Python314\Mega Downloader\venv\Lib\site-packages\telebot\__init__.py", line 1408, in get_me
    apihelper.get_me(self.token)
  File "C:\Users\Asus\AppData\Local\Programs\Python\Python314\Mega Downloader\venv\Lib\site-packages\telebot\apihelper.py", line 204, in get_me
    return _make_request(token, method_url)
           ^^^^^^^^^^^^^^^^^^^^^^^^^^^^^^^^
  File "C:\Users\Asus\AppData\Local\Programs\Python\Python314\Mega Downloader\venv\Lib\site-packages\telebot\apihelper.py", line 162, in _make_request
    result = _get_req_session().request(
             ^^^^^^^^^^^^^^^^^^^^^^^^^^^
  File "C:\Users\Asus\AppData\Local\Programs\Python\Python314\Mega Downloader\venv\Lib\site-packages\requests\sessions.py", line 651, in request
    resp = self.send(prep, **send_kwargs)
           ^^^^^^^^^^^^^^^^^^^^^^^^^^^^^^
  File "C:\Users\Asus\AppData\Local\Programs\Python\Python314\Mega Downloader\venv\Lib\site-packages\requests\sessions.py", line 784, in send
    r = adapter.send(request, **kwargs)
        ^^^^^^^^^^^^^^^^^^^^^^^^^^^^^^^
  File "C:\Users\Asus\AppData\Local\Programs\Python\Python314\Mega Downloader\venv\Lib\site-packages\requests\adapters.py", line 729, in send
    raise ConnectionError(e, request=request)
requests.exceptions.ConnectionError: SocksHTTPSConnectionPool(host='api.telegram.org', port=443): Max retries exceeded with url: /bot8893611617:***********************************/getMe (Caused by NewConnectionError("SocksHTTPSConnection(host='api.telegram.org', port=443): Failed to establish a new connection: [WinError 10061] No connection could be made because the target machine actively refused it"))

2026-07-10 12:04:38,472 [ERROR] TeleBot: Exception traceback:
Traceback (most recent call last):
  File "C:\Users\Asus\AppData\Local\Programs\Python\Python314\Mega Downloader\venv\Lib\site-packages\yt_dlp\networking\_requests.py", line 379, in _new_conn
    return create_connection(
           ^^^^^^^^^^^^^^^^^^
  File "C:\Users\Asus\AppData\Local\Programs\Python\Python314\Mega Downloader\venv\Lib\site-packages\yt_dlp\networking\_helper.py", line 269, in create_connection
    raise err
  File "C:\Users\Asus\AppData\Local\Programs\Python\Python314\Mega Downloader\venv\Lib\site-packages\yt_dlp\networking\_helper.py", line 260, in create_connection
    sock = _create_socket_func(ip_addr, timeout, source_address)
           ^^^^^^^^^^^^^^^^^^^^^^^^^^^^^^^^^^^^^^^^^^^^^^^^^^^^^
  File "C:\Users\Asus\AppData\Local\Programs\Python\Python314\Mega Downloader\venv\Lib\site-packages\yt_dlp\networking\_helper.py", line 228, in create_socks_proxy_socket
    sock.connect(dest_addr)
  File "C:\Users\Asus\AppData\Local\Programs\Python\Python314\Mega Downloader\venv\Lib\site-packages\yt_dlp\socks.py", line 271, in connect
    self._make_proxy(socket.socket.connect, address)
  File "C:\Users\Asus\AppData\Local\Programs\Python\Python314\Mega Downloader\venv\Lib\site-packages\yt_dlp\socks.py", line 259, in _make_proxy
    result = connect_func(self, (self._proxy.host, self._proxy.port))
             ^^^^^^^^^^^^^^^^^^^^^^^^^^^^^^^^^^^^^^^^^^^^^^^^^^^^^^^^
ConnectionRefusedError: [WinError 10061] No connection could be made because the target machine actively refused it

The above exception was the direct cause of the following exception:

Traceback (most recent call last):
  File "C:\Users\Asus\AppData\Local\Programs\Python\Python314\Mega Downloader\venv\Lib\site-packages\urllib3\connectionpool.py", line 788, in urlopen
    response = self._make_request(
               ^^^^^^^^^^^^^^^^^^^
  File "C:\Users\Asus\AppData\Local\Programs\Python\Python314\Mega Downloader\venv\Lib\site-packages\urllib3\connectionpool.py", line 488, in _make_request
    raise new_e
  File "C:\Users\Asus\AppData\Local\Programs\Python\Python314\Mega Downloader\venv\Lib\site-packages\urllib3\connectionpool.py", line 464, in _make_request
    self._validate_conn(conn)
  File "C:\Users\Asus\AppData\Local\Programs\Python\Python314\Mega Downloader\venv\Lib\site-packages\urllib3\connectionpool.py", line 1106, in _validate_conn
    conn.connect()
  File "C:\Users\Asus\AppData\Local\Programs\Python\Python314\Mega Downloader\venv\Lib\site-packages\urllib3\connection.py", line 759, in connect
    self.sock = sock = self._new_conn()
                       ^^^^^^^^^^^^^^^^
  File "C:\Users\Asus\AppData\Local\Programs\Python\Python314\Mega Downloader\venv\Lib\site-packages\yt_dlp\networking\_requests.py", line 391, in _new_conn
    raise urllib3.exceptions.NewConnectionError(
urllib3.exceptions.NewConnectionError: SocksHTTPSConnection(host='api.telegram.org', port=443): Failed to establish a new connection: [WinError 10061] No connection could be made because the target machine actively refused it

The above exception was the direct cause of the following exception:

Traceback (most recent call last):
  File "C:\Users\Asus\AppData\Local\Programs\Python\Python314\Mega Downloader\venv\Lib\site-packages\requests\adapters.py", line 696, in send
    resp = conn.urlopen(
           ^^^^^^^^^^^^^
  File "C:\Users\Asus\AppData\Local\Programs\Python\Python314\Mega Downloader\venv\Lib\site-packages\urllib3\connectionpool.py", line 842, in urlopen
    retries = retries.increment(
              ^^^^^^^^^^^^^^^^^^
  File "C:\Users\Asus\AppData\Local\Programs\Python\Python314\Mega Downloader\venv\Lib\site-packages\urllib3\util\retry.py", line 543, in increment
    raise MaxRetryError(_pool, url, reason) from reason  # type: ignore[arg-type]
    ^^^^^^^^^^^^^^^^^^^^^^^^^^^^^^^^^^^^^^^^^^^^^^^^^^^
urllib3.exceptions.MaxRetryError: SocksHTTPSConnectionPool(host='api.telegram.org', port=443): Max retries exceeded with url: /bot8893611617:***********************************/getMe (Caused by NewConnectionError("SocksHTTPSConnection(host='api.telegram.org', port=443): Failed to establish a new connection: [WinError 10061] No connection could be made because the target machine actively refused it"))

During handling of the above exception, another exception occurred:

Traceback (most recent call last):
  File "C:\Users\Asus\AppData\Local\Programs\Python\Python314\Mega Downloader\venv\Lib\site-packages\telebot\__init__.py", line 1136, in infinity_polling
    self.polling(non_stop=True, timeout=timeout, long_polling_timeout=long_polling_timeout,
  File "C:\Users\Asus\AppData\Local\Programs\Python\Python314\Mega Downloader\venv\Lib\site-packages\telebot\__init__.py", line 1221, in polling
    logger.info('Starting your bot with username: [@%s]', self.user.username)
                                                          ^^^^^^^^^
  File "C:\Users\Asus\AppData\Local\Programs\Python\Python314\Mega Downloader\venv\Lib\site-packages\telebot\__init__.py", line 308, in user
    self._user = self.get_me()
                 ^^^^^^^^^^^^^
  File "C:\Users\Asus\AppData\Local\Programs\Python\Python314\Mega Downloader\venv\Lib\site-packages\telebot\__init__.py", line 1408, in get_me
    apihelper.get_me(self.token)
  File "C:\Users\Asus\AppData\Local\Programs\Python\Python314\Mega Downloader\venv\Lib\site-packages\telebot\apihelper.py", line 204, in get_me
    return _make_request(token, method_url)
           ^^^^^^^^^^^^^^^^^^^^^^^^^^^^^^^^
  File "C:\Users\Asus\AppData\Local\Programs\Python\Python314\Mega Downloader\venv\Lib\site-packages\telebot\apihelper.py", line 162, in _make_request
    result = _get_req_session().request(
             ^^^^^^^^^^^^^^^^^^^^^^^^^^^
  File "C:\Users\Asus\AppData\Local\Programs\Python\Python314\Mega Downloader\venv\Lib\site-packages\requests\sessions.py", line 651, in request
    resp = self.send(prep, **send_kwargs)
           ^^^^^^^^^^^^^^^^^^^^^^^^^^^^^^
  File "C:\Users\Asus\AppData\Local\Programs\Python\Python314\Mega Downloader\venv\Lib\site-packages\requests\sessions.py", line 784, in send
    r = adapter.send(request, **kwargs)
        ^^^^^^^^^^^^^^^^^^^^^^^^^^^^^^^
  File "C:\Users\Asus\AppData\Local\Programs\Python\Python314\Mega Downloader\venv\Lib\site-packages\requests\adapters.py", line 729, in send
    raise ConnectionError(e, request=request)
requests.exceptions.ConnectionError: SocksHTTPSConnectionPool(host='api.telegram.org', port=443): Max retries exceeded with url: /bot8893611617:***********************************/getMe (Caused by NewConnectionError("SocksHTTPSConnection(host='api.telegram.org', port=443): Failed to establish a new connection: [WinError 10061] No connection could be made because the target machine actively refused it"))

2026-07-10 12:04:43,532 [ERROR] TeleBot: Exception traceback:
Traceback (most recent call last):
  File "C:\Users\Asus\AppData\Local\Programs\Python\Python314\Mega Downloader\venv\Lib\site-packages\yt_dlp\networking\_requests.py", line 379, in _new_conn
    return create_connection(
           ^^^^^^^^^^^^^^^^^^
  File "C:\Users\Asus\AppData\Local\Programs\Python\Python314\Mega Downloader\venv\Lib\site-packages\yt_dlp\networking\_helper.py", line 269, in create_connection
    raise err
  File "C:\Users\Asus\AppData\Local\Programs\Python\Python314\Mega Downloader\venv\Lib\site-packages\yt_dlp\networking\_helper.py", line 260, in create_connection
    sock = _create_socket_func(ip_addr, timeout, source_address)
           ^^^^^^^^^^^^^^^^^^^^^^^^^^^^^^^^^^^^^^^^^^^^^^^^^^^^^
  File "C:\Users\Asus\AppData\Local\Programs\Python\Python314\Mega Downloader\venv\Lib\site-packages\yt_dlp\networking\_helper.py", line 228, in create_socks_proxy_socket
    sock.connect(dest_addr)
  File "C:\Users\Asus\AppData\Local\Programs\Python\Python314\Mega Downloader\venv\Lib\site-packages\yt_dlp\socks.py", line 271, in connect
    self._make_proxy(socket.socket.connect, address)
  File "C:\Users\Asus\AppData\Local\Programs\Python\Python314\Mega Downloader\venv\Lib\site-packages\yt_dlp\socks.py", line 259, in _make_proxy
    result = connect_func(self, (self._proxy.host, self._proxy.port))
             ^^^^^^^^^^^^^^^^^^^^^^^^^^^^^^^^^^^^^^^^^^^^^^^^^^^^^^^^
ConnectionRefusedError: [WinError 10061] No connection could be made because the target machine actively refused it

The above exception was the direct cause of the following exception:

Traceback (most recent call last):
  File "C:\Users\Asus\AppData\Local\Programs\Python\Python314\Mega Downloader\venv\Lib\site-packages\urllib3\connectionpool.py", line 788, in urlopen
    response = self._make_request(
               ^^^^^^^^^^^^^^^^^^^
  File "C:\Users\Asus\AppData\Local\Programs\Python\Python314\Mega Downloader\venv\Lib\site-packages\urllib3\connectionpool.py", line 488, in _make_request
    raise new_e
  File "C:\Users\Asus\AppData\Local\Programs\Python\Python314\Mega Downloader\venv\Lib\site-packages\urllib3\connectionpool.py", line 464, in _make_request
    self._validate_conn(conn)
  File "C:\Users\Asus\AppData\Local\Programs\Python\Python314\Mega Downloader\venv\Lib\site-packages\urllib3\connectionpool.py", line 1106, in _validate_conn
    conn.connect()
  File "C:\Users\Asus\AppData\Local\Programs\Python\Python314\Mega Downloader\venv\Lib\site-packages\urllib3\connection.py", line 759, in connect
    self.sock = sock = self._new_conn()
                       ^^^^^^^^^^^^^^^^
  File "C:\Users\Asus\AppData\Local\Programs\Python\Python314\Mega Downloader\venv\Lib\site-packages\yt_dlp\networking\_requests.py", line 391, in _new_conn
    raise urllib3.exceptions.NewConnectionError(
urllib3.exceptions.NewConnectionError: SocksHTTPSConnection(host='api.telegram.org', port=443): Failed to establish a new connection: [WinError 10061] No connection could be made because the target machine actively refused it

The above exception was the direct cause of the following exception:

Traceback (most recent call last):
  File "C:\Users\Asus\AppData\Local\Programs\Python\Python314\Mega Downloader\venv\Lib\site-packages\requests\adapters.py", line 696, in send
    resp = conn.urlopen(
           ^^^^^^^^^^^^^
  File "C:\Users\Asus\AppData\Local\Programs\Python\Python314\Mega Downloader\venv\Lib\site-packages\urllib3\connectionpool.py", line 842, in urlopen
    retries = retries.increment(
              ^^^^^^^^^^^^^^^^^^
  File "C:\Users\Asus\AppData\Local\Programs\Python\Python314\Mega Downloader\venv\Lib\site-packages\urllib3\util\retry.py", line 543, in increment
    raise MaxRetryError(_pool, url, reason) from reason  # type: ignore[arg-type]
    ^^^^^^^^^^^^^^^^^^^^^^^^^^^^^^^^^^^^^^^^^^^^^^^^^^^
urllib3.exceptions.MaxRetryError: SocksHTTPSConnectionPool(host='api.telegram.org', port=443): Max retries exceeded with url: /bot8893611617:***********************************/getMe (Caused by NewConnectionError("SocksHTTPSConnection(host='api.telegram.org', port=443): Failed to establish a new connection: [WinError 10061] No connection could be made because the target machine actively refused it"))

During handling of the above exception, another exception occurred:

Traceback (most recent call last):
  File "C:\Users\Asus\AppData\Local\Programs\Python\Python314\Mega Downloader\venv\Lib\site-packages\telebot\__init__.py", line 1136, in infinity_polling
    self.polling(non_stop=True, timeout=timeout, long_polling_timeout=long_polling_timeout,
  File "C:\Users\Asus\AppData\Local\Programs\Python\Python314\Mega Downloader\venv\Lib\site-packages\telebot\__init__.py", line 1221, in polling
    logger.info('Starting your bot with username: [@%s]', self.user.username)
                                                          ^^^^^^^^^
  File "C:\Users\Asus\AppData\Local\Programs\Python\Python314\Mega Downloader\venv\Lib\site-packages\telebot\__init__.py", line 308, in user
    self._user = self.get_me()
                 ^^^^^^^^^^^^^
  File "C:\Users\Asus\AppData\Local\Programs\Python\Python314\Mega Downloader\venv\Lib\site-packages\telebot\__init__.py", line 1408, in get_me
    apihelper.get_me(self.token)
  File "C:\Users\Asus\AppData\Local\Programs\Python\Python314\Mega Downloader\venv\Lib\site-packages\telebot\apihelper.py", line 204, in get_me
    return _make_request(token, method_url)
           ^^^^^^^^^^^^^^^^^^^^^^^^^^^^^^^^
  File "C:\Users\Asus\AppData\Local\Programs\Python\Python314\Mega Downloader\venv\Lib\site-packages\telebot\apihelper.py", line 162, in _make_request
    result = _get_req_session().request(
             ^^^^^^^^^^^^^^^^^^^^^^^^^^^
  File "C:\Users\Asus\AppData\Local\Programs\Python\Python314\Mega Downloader\venv\Lib\site-packages\requests\sessions.py", line 651, in request
    resp = self.send(prep, **send_kwargs)
           ^^^^^^^^^^^^^^^^^^^^^^^^^^^^^^
  File "C:\Users\Asus\AppData\Local\Programs\Python\Python314\Mega Downloader\venv\Lib\site-packages\requests\sessions.py", line 784, in send
    r = adapter.send(request, **kwargs)
        ^^^^^^^^^^^^^^^^^^^^^^^^^^^^^^^
  File "C:\Users\Asus\AppData\Local\Programs\Python\Python314\Mega Downloader\venv\Lib\site-packages\requests\adapters.py", line 729, in send
    raise ConnectionError(e, request=request)
requests.exceptions.ConnectionError: SocksHTTPSConnectionPool(host='api.telegram.org', port=443): Max retries exceeded with url: /bot8893611617:***********************************/getMe (Caused by NewConnectionError("SocksHTTPSConnection(host='api.telegram.org', port=443): Failed to establish a new connection: [WinError 10061] No connection could be made because the target machine actively refused it"))

2026-07-10 12:04:48,568 [ERROR] TeleBot: Exception traceback:
Traceback (most recent call last):
  File "C:\Users\Asus\AppData\Local\Programs\Python\Python314\Mega Downloader\venv\Lib\site-packages\yt_dlp\networking\_requests.py", line 379, in _new_conn
    return create_connection(
           ^^^^^^^^^^^^^^^^^^
  File "C:\Users\Asus\AppData\Local\Programs\Python\Python314\Mega Downloader\venv\Lib\site-packages\yt_dlp\networking\_helper.py", line 269, in create_connection
    raise err
  File "C:\Users\Asus\AppData\Local\Programs\Python\Python314\Mega Downloader\venv\Lib\site-packages\yt_dlp\networking\_helper.py", line 260, in create_connection
    sock = _create_socket_func(ip_addr, timeout, source_address)
           ^^^^^^^^^^^^^^^^^^^^^^^^^^^^^^^^^^^^^^^^^^^^^^^^^^^^^
  File "C:\Users\Asus\AppData\Local\Programs\Python\Python314\Mega Downloader\venv\Lib\site-packages\yt_dlp\networking\_helper.py", line 228, in create_socks_proxy_socket
    sock.connect(dest_addr)
  File "C:\Users\Asus\AppData\Local\Programs\Python\Python314\Mega Downloader\venv\Lib\site-packages\yt_dlp\socks.py", line 271, in connect
    self._make_proxy(socket.socket.connect, address)
  File "C:\Users\Asus\AppData\Local\Programs\Python\Python314\Mega Downloader\venv\Lib\site-packages\yt_dlp\socks.py", line 259, in _make_proxy
    result = connect_func(self, (self._proxy.host, self._proxy.port))
             ^^^^^^^^^^^^^^^^^^^^^^^^^^^^^^^^^^^^^^^^^^^^^^^^^^^^^^^^
ConnectionRefusedError: [WinError 10061] No connection could be made because the target machine actively refused it

The above exception was the direct cause of the following exception:

Traceback (most recent call last):
  File "C:\Users\Asus\AppData\Local\Programs\Python\Python314\Mega Downloader\venv\Lib\site-packages\urllib3\connectionpool.py", line 788, in urlopen
    response = self._make_request(
               ^^^^^^^^^^^^^^^^^^^
  File "C:\Users\Asus\AppData\Local\Programs\Python\Python314\Mega Downloader\venv\Lib\site-packages\urllib3\connectionpool.py", line 488, in _make_request
    raise new_e
  File "C:\Users\Asus\AppData\Local\Programs\Python\Python314\Mega Downloader\venv\Lib\site-packages\urllib3\connectionpool.py", line 464, in _make_request
    self._validate_conn(conn)
  File "C:\Users\Asus\AppData\Local\Programs\Python\Python314\Mega Downloader\venv\Lib\site-packages\urllib3\connectionpool.py", line 1106, in _validate_conn
    conn.connect()
  File "C:\Users\Asus\AppData\Local\Programs\Python\Python314\Mega Downloader\venv\Lib\site-packages\urllib3\connection.py", line 759, in connect
    self.sock = sock = self._new_conn()
                       ^^^^^^^^^^^^^^^^
  File "C:\Users\Asus\AppData\Local\Programs\Python\Python314\Mega Downloader\venv\Lib\site-packages\yt_dlp\networking\_requests.py", line 391, in _new_conn
    raise urllib3.exceptions.NewConnectionError(
urllib3.exceptions.NewConnectionError: SocksHTTPSConnection(host='api.telegram.org', port=443): Failed to establish a new connection: [WinError 10061] No connection could be made because the target machine actively refused it

The above exception was the direct cause of the following exception:

Traceback (most recent call last):
  File "C:\Users\Asus\AppData\Local\Programs\Python\Python314\Mega Downloader\venv\Lib\site-packages\requests\adapters.py", line 696, in send
    resp = conn.urlopen(
           ^^^^^^^^^^^^^
  File "C:\Users\Asus\AppData\Local\Programs\Python\Python314\Mega Downloader\venv\Lib\site-packages\urllib3\connectionpool.py", line 842, in urlopen
    retries = retries.increment(
              ^^^^^^^^^^^^^^^^^^
  File "C:\Users\Asus\AppData\Local\Programs\Python\Python314\Mega Downloader\venv\Lib\site-packages\urllib3\util\retry.py", line 543, in increment
    raise MaxRetryError(_pool, url, reason) from reason  # type: ignore[arg-type]
    ^^^^^^^^^^^^^^^^^^^^^^^^^^^^^^^^^^^^^^^^^^^^^^^^^^^
urllib3.exceptions.MaxRetryError: SocksHTTPSConnectionPool(host='api.telegram.org', port=443): Max retries exceeded with url: /bot8893611617:***********************************/getMe (Caused by NewConnectionError("SocksHTTPSConnection(host='api.telegram.org', port=443): Failed to establish a new connection: [WinError 10061] No connection could be made because the target machine actively refused it"))

During handling of the above exception, another exception occurred:

Traceback (most recent call last):
  File "C:\Users\Asus\AppData\Local\Programs\Python\Python314\Mega Downloader\venv\Lib\site-packages\telebot\__init__.py", line 1136, in infinity_polling
    self.polling(non_stop=True, timeout=timeout, long_polling_timeout=long_polling_timeout,
  File "C:\Users\Asus\AppData\Local\Programs\Python\Python314\Mega Downloader\venv\Lib\site-packages\telebot\__init__.py", line 1221, in polling
    logger.info('Starting your bot with username: [@%s]', self.user.username)
                                                          ^^^^^^^^^
  File "C:\Users\Asus\AppData\Local\Programs\Python\Python314\Mega Downloader\venv\Lib\site-packages\telebot\__init__.py", line 308, in user
    self._user = self.get_me()
                 ^^^^^^^^^^^^^
  File "C:\Users\Asus\AppData\Local\Programs\Python\Python314\Mega Downloader\venv\Lib\site-packages\telebot\__init__.py", line 1408, in get_me
    apihelper.get_me(self.token)
  File "C:\Users\Asus\AppData\Local\Programs\Python\Python314\Mega Downloader\venv\Lib\site-packages\telebot\apihelper.py", line 204, in get_me
    return _make_request(token, method_url)
           ^^^^^^^^^^^^^^^^^^^^^^^^^^^^^^^^
  File "C:\Users\Asus\AppData\Local\Programs\Python\Python314\Mega Downloader\venv\Lib\site-packages\telebot\apihelper.py", line 162, in _make_request
    result = _get_req_session().request(
             ^^^^^^^^^^^^^^^^^^^^^^^^^^^
  File "C:\Users\Asus\AppData\Local\Programs\Python\Python314\Mega Downloader\venv\Lib\site-packages\requests\sessions.py", line 651, in request
    resp = self.send(prep, **send_kwargs)
           ^^^^^^^^^^^^^^^^^^^^^^^^^^^^^^
  File "C:\Users\Asus\AppData\Local\Programs\Python\Python314\Mega Downloader\venv\Lib\site-packages\requests\sessions.py", line 784, in send
    r = adapter.send(request, **kwargs)
        ^^^^^^^^^^^^^^^^^^^^^^^^^^^^^^^
  File "C:\Users\Asus\AppData\Local\Programs\Python\Python314\Mega Downloader\venv\Lib\site-packages\requests\adapters.py", line 729, in send
    raise ConnectionError(e, request=request)
requests.exceptions.ConnectionError: SocksHTTPSConnectionPool(host='api.telegram.org', port=443): Max retries exceeded with url: /bot8893611617:***********************************/getMe (Caused by NewConnectionError("SocksHTTPSConnection(host='api.telegram.org', port=443): Failed to establish a new connection: [WinError 10061] No connection could be made because the target machine actively refused it"))

2026-07-10 12:04:53,629 [ERROR] TeleBot: Exception traceback:
Traceback (most recent call last):
  File "C:\Users\Asus\AppData\Local\Programs\Python\Python314\Mega Downloader\venv\Lib\site-packages\yt_dlp\networking\_requests.py", line 379, in _new_conn
    return create_connection(
           ^^^^^^^^^^^^^^^^^^
  File "C:\Users\Asus\AppData\Local\Programs\Python\Python314\Mega Downloader\venv\Lib\site-packages\yt_dlp\networking\_helper.py", line 269, in create_connection
    raise err
  File "C:\Users\Asus\AppData\Local\Programs\Python\Python314\Mega Downloader\venv\Lib\site-packages\yt_dlp\networking\_helper.py", line 260, in create_connection
    sock = _create_socket_func(ip_addr, timeout, source_address)
           ^^^^^^^^^^^^^^^^^^^^^^^^^^^^^^^^^^^^^^^^^^^^^^^^^^^^^
  File "C:\Users\Asus\AppData\Local\Programs\Python\Python314\Mega Downloader\venv\Lib\site-packages\yt_dlp\networking\_helper.py", line 228, in create_socks_proxy_socket
    sock.connect(dest_addr)
  File "C:\Users\Asus\AppData\Local\Programs\Python\Python314\Mega Downloader\venv\Lib\site-packages\yt_dlp\socks.py", line 271, in connect
    self._make_proxy(socket.socket.connect, address)
  File "C:\Users\Asus\AppData\Local\Programs\Python\Python314\Mega Downloader\venv\Lib\site-packages\yt_dlp\socks.py", line 259, in _make_proxy
    result = connect_func(self, (self._proxy.host, self._proxy.port))
             ^^^^^^^^^^^^^^^^^^^^^^^^^^^^^^^^^^^^^^^^^^^^^^^^^^^^^^^^
ConnectionRefusedError: [WinError 10061] No connection could be made because the target machine actively refused it

The above exception was the direct cause of the following exception:

Traceback (most recent call last):
  File "C:\Users\Asus\AppData\Local\Programs\Python\Python314\Mega Downloader\venv\Lib\site-packages\urllib3\connectionpool.py", line 788, in urlopen
    response = self._make_request(
               ^^^^^^^^^^^^^^^^^^^
  File "C:\Users\Asus\AppData\Local\Programs\Python\Python314\Mega Downloader\venv\Lib\site-packages\urllib3\connectionpool.py", line 488, in _make_request
    raise new_e
  File "C:\Users\Asus\AppData\Local\Programs\Python\Python314\Mega Downloader\venv\Lib\site-packages\urllib3\connectionpool.py", line 464, in _make_request
    self._validate_conn(conn)
  File "C:\Users\Asus\AppData\Local\Programs\Python\Python314\Mega Downloader\venv\Lib\site-packages\urllib3\connectionpool.py", line 1106, in _validate_conn
    conn.connect()
  File "C:\Users\Asus\AppData\Local\Programs\Python\Python314\Mega Downloader\venv\Lib\site-packages\urllib3\connection.py", line 759, in connect
    self.sock = sock = self._new_conn()
                       ^^^^^^^^^^^^^^^^
  File "C:\Users\Asus\AppData\Local\Programs\Python\Python314\Mega Downloader\venv\Lib\site-packages\yt_dlp\networking\_requests.py", line 391, in _new_conn
    raise urllib3.exceptions.NewConnectionError(
urllib3.exceptions.NewConnectionError: SocksHTTPSConnection(host='api.telegram.org', port=443): Failed to establish a new connection: [WinError 10061] No connection could be made because the target machine actively refused it

The above exception was the direct cause of the following exception:

Traceback (most recent call last):
  File "C:\Users\Asus\AppData\Local\Programs\Python\Python314\Mega Downloader\venv\Lib\site-packages\requests\adapters.py", line 696, in send
    resp = conn.urlopen(
           ^^^^^^^^^^^^^
  File "C:\Users\Asus\AppData\Local\Programs\Python\Python314\Mega Downloader\venv\Lib\site-packages\urllib3\connectionpool.py", line 842, in urlopen
    retries = retries.increment(
              ^^^^^^^^^^^^^^^^^^
  File "C:\Users\Asus\AppData\Local\Programs\Python\Python314\Mega Downloader\venv\Lib\site-packages\urllib3\util\retry.py", line 543, in increment
    raise MaxRetryError(_pool, url, reason) from reason  # type: ignore[arg-type]
    ^^^^^^^^^^^^^^^^^^^^^^^^^^^^^^^^^^^^^^^^^^^^^^^^^^^
urllib3.exceptions.MaxRetryError: SocksHTTPSConnectionPool(host='api.telegram.org', port=443): Max retries exceeded with url: /bot8893611617:***********************************/getMe (Caused by NewConnectionError("SocksHTTPSConnection(host='api.telegram.org', port=443): Failed to establish a new connection: [WinError 10061] No connection could be made because the target machine actively refused it"))

During handling of the above exception, another exception occurred:

Traceback (most recent call last):
  File "C:\Users\Asus\AppData\Local\Programs\Python\Python314\Mega Downloader\venv\Lib\site-packages\telebot\__init__.py", line 1136, in infinity_polling
    self.polling(non_stop=True, timeout=timeout, long_polling_timeout=long_polling_timeout,
  File "C:\Users\Asus\AppData\Local\Programs\Python\Python314\Mega Downloader\venv\Lib\site-packages\telebot\__init__.py", line 1221, in polling
    logger.info('Starting your bot with username: [@%s]', self.user.username)
                                                          ^^^^^^^^^
  File "C:\Users\Asus\AppData\Local\Programs\Python\Python314\Mega Downloader\venv\Lib\site-packages\telebot\__init__.py", line 308, in user
    self._user = self.get_me()
                 ^^^^^^^^^^^^^
  File "C:\Users\Asus\AppData\Local\Programs\Python\Python314\Mega Downloader\venv\Lib\site-packages\telebot\__init__.py", line 1408, in get_me
    apihelper.get_me(self.token)
  File "C:\Users\Asus\AppData\Local\Programs\Python\Python314\Mega Downloader\venv\Lib\site-packages\telebot\apihelper.py", line 204, in get_me
    return _make_request(token, method_url)
           ^^^^^^^^^^^^^^^^^^^^^^^^^^^^^^^^
  File "C:\Users\Asus\AppData\Local\Programs\Python\Python314\Mega Downloader\venv\Lib\site-packages\telebot\apihelper.py", line 162, in _make_request
    result = _get_req_session().request(
             ^^^^^^^^^^^^^^^^^^^^^^^^^^^
  File "C:\Users\Asus\AppData\Local\Programs\Python\Python314\Mega Downloader\venv\Lib\site-packages\requests\sessions.py", line 651, in request
    resp = self.send(prep, **send_kwargs)
           ^^^^^^^^^^^^^^^^^^^^^^^^^^^^^^
  File "C:\Users\Asus\AppData\Local\Programs\Python\Python314\Mega Downloader\venv\Lib\site-packages\requests\sessions.py", line 784, in send
    r = adapter.send(request, **kwargs)
        ^^^^^^^^^^^^^^^^^^^^^^^^^^^^^^^
  File "C:\Users\Asus\AppData\Local\Programs\Python\Python314\Mega Downloader\venv\Lib\site-packages\requests\adapters.py", line 729, in send
    raise ConnectionError(e, request=request)
requests.exceptions.ConnectionError: SocksHTTPSConnectionPool(host='api.telegram.org', port=443): Max retries exceeded with url: /bot8893611617:***********************************/getMe (Caused by NewConnectionError("SocksHTTPSConnection(host='api.telegram.org', port=443): Failed to establish a new connection: [WinError 10061] No connection could be made because the target machine actively refused it"))

2026-07-10 12:04:58,680 [ERROR] TeleBot: Exception traceback:
Traceback (most recent call last):
  File "C:\Users\Asus\AppData\Local\Programs\Python\Python314\Mega Downloader\venv\Lib\site-packages\yt_dlp\networking\_requests.py", line 379, in _new_conn
    return create_connection(
           ^^^^^^^^^^^^^^^^^^
  File "C:\Users\Asus\AppData\Local\Programs\Python\Python314\Mega Downloader\venv\Lib\site-packages\yt_dlp\networking\_helper.py", line 269, in create_connection
    raise err
  File "C:\Users\Asus\AppData\Local\Programs\Python\Python314\Mega Downloader\venv\Lib\site-packages\yt_dlp\networking\_helper.py", line 260, in create_connection
    sock = _create_socket_func(ip_addr, timeout, source_address)
           ^^^^^^^^^^^^^^^^^^^^^^^^^^^^^^^^^^^^^^^^^^^^^^^^^^^^^
  File "C:\Users\Asus\AppData\Local\Programs\Python\Python314\Mega Downloader\venv\Lib\site-packages\yt_dlp\networking\_helper.py", line 228, in create_socks_proxy_socket
    sock.connect(dest_addr)
  File "C:\Users\Asus\AppData\Local\Programs\Python\Python314\Mega Downloader\venv\Lib\site-packages\yt_dlp\socks.py", line 271, in connect
    self._make_proxy(socket.socket.connect, address)
  File "C:\Users\Asus\AppData\Local\Programs\Python\Python314\Mega Downloader\venv\Lib\site-packages\yt_dlp\socks.py", line 259, in _make_proxy
    result = connect_func(self, (self._proxy.host, self._proxy.port))
             ^^^^^^^^^^^^^^^^^^^^^^^^^^^^^^^^^^^^^^^^^^^^^^^^^^^^^^^^
ConnectionRefusedError: [WinError 10061] No connection could be made because the target machine actively refused it

The above exception was the direct cause of the following exception:

Traceback (most recent call last):
  File "C:\Users\Asus\AppData\Local\Programs\Python\Python314\Mega Downloader\venv\Lib\site-packages\urllib3\connectionpool.py", line 788, in urlopen
    response = self._make_request(
               ^^^^^^^^^^^^^^^^^^^
  File "C:\Users\Asus\AppData\Local\Programs\Python\Python314\Mega Downloader\venv\Lib\site-packages\urllib3\connectionpool.py", line 488, in _make_request
    raise new_e
  File "C:\Users\Asus\AppData\Local\Programs\Python\Python314\Mega Downloader\venv\Lib\site-packages\urllib3\connectionpool.py", line 464, in _make_request
    self._validate_conn(conn)
  File "C:\Users\Asus\AppData\Local\Programs\Python\Python314\Mega Downloader\venv\Lib\site-packages\urllib3\connectionpool.py", line 1106, in _validate_conn
    conn.connect()
  File "C:\Users\Asus\AppData\Local\Programs\Python\Python314\Mega Downloader\venv\Lib\site-packages\urllib3\connection.py", line 759, in connect
    self.sock = sock = self._new_conn()
                       ^^^^^^^^^^^^^^^^
  File "C:\Users\Asus\AppData\Local\Programs\Python\Python314\Mega Downloader\venv\Lib\site-packages\yt_dlp\networking\_requests.py", line 391, in _new_conn
    raise urllib3.exceptions.NewConnectionError(
urllib3.exceptions.NewConnectionError: SocksHTTPSConnection(host='api.telegram.org', port=443): Failed to establish a new connection: [WinError 10061] No connection could be made because the target machine actively refused it

The above exception was the direct cause of the following exception:

Traceback (most recent call last):
  File "C:\Users\Asus\AppData\Local\Programs\Python\Python314\Mega Downloader\venv\Lib\site-packages\requests\adapters.py", line 696, in send
    resp = conn.urlopen(
           ^^^^^^^^^^^^^
  File "C:\Users\Asus\AppData\Local\Programs\Python\Python314\Mega Downloader\venv\Lib\site-packages\urllib3\connectionpool.py", line 842, in urlopen
    retries = retries.increment(
              ^^^^^^^^^^^^^^^^^^
  File "C:\Users\Asus\AppData\Local\Programs\Python\Python314\Mega Downloader\venv\Lib\site-packages\urllib3\util\retry.py", line 543, in increment
    raise MaxRetryError(_pool, url, reason) from reason  # type: ignore[arg-type]
    ^^^^^^^^^^^^^^^^^^^^^^^^^^^^^^^^^^^^^^^^^^^^^^^^^^^
urllib3.exceptions.MaxRetryError: SocksHTTPSConnectionPool(host='api.telegram.org', port=443): Max retries exceeded with url: /bot8893611617:***********************************/getMe (Caused by NewConnectionError("SocksHTTPSConnection(host='api.telegram.org', port=443): Failed to establish a new connection: [WinError 10061] No connection could be made because the target machine actively refused it"))

During handling of the above exception, another exception occurred:

Traceback (most recent call last):
  File "C:\Users\Asus\AppData\Local\Programs\Python\Python314\Mega Downloader\venv\Lib\site-packages\telebot\__init__.py", line 1136, in infinity_polling
    self.polling(non_stop=True, timeout=timeout, long_polling_timeout=long_polling_timeout,
  File "C:\Users\Asus\AppData\Local\Programs\Python\Python314\Mega Downloader\venv\Lib\site-packages\telebot\__init__.py", line 1221, in polling
    logger.info('Starting your bot with username: [@%s]', self.user.username)
                                                          ^^^^^^^^^
  File "C:\Users\Asus\AppData\Local\Programs\Python\Python314\Mega Downloader\venv\Lib\site-packages\telebot\__init__.py", line 308, in user
    self._user = self.get_me()
                 ^^^^^^^^^^^^^
  File "C:\Users\Asus\AppData\Local\Programs\Python\Python314\Mega Downloader\venv\Lib\site-packages\telebot\__init__.py", line 1408, in get_me
    apihelper.get_me(self.token)
  File "C:\Users\Asus\AppData\Local\Programs\Python\Python314\Mega Downloader\venv\Lib\site-packages\telebot\apihelper.py", line 204, in get_me
    return _make_request(token, method_url)
           ^^^^^^^^^^^^^^^^^^^^^^^^^^^^^^^^
  File "C:\Users\Asus\AppData\Local\Programs\Python\Python314\Mega Downloader\venv\Lib\site-packages\telebot\apihelper.py", line 162, in _make_request
    result = _get_req_session().request(
             ^^^^^^^^^^^^^^^^^^^^^^^^^^^
  File "C:\Users\Asus\AppData\Local\Programs\Python\Python314\Mega Downloader\venv\Lib\site-packages\requests\sessions.py", line 651, in request
    resp = self.send(prep, **send_kwargs)
           ^^^^^^^^^^^^^^^^^^^^^^^^^^^^^^
  File "C:\Users\Asus\AppData\Local\Programs\Python\Python314\Mega Downloader\venv\Lib\site-packages\requests\sessions.py", line 784, in send
    r = adapter.send(request, **kwargs)
        ^^^^^^^^^^^^^^^^^^^^^^^^^^^^^^^
  File "C:\Users\Asus\AppData\Local\Programs\Python\Python314\Mega Downloader\venv\Lib\site-packages\requests\adapters.py", line 729, in send
    raise ConnectionError(e, request=request)
requests.exceptions.ConnectionError: SocksHTTPSConnectionPool(host='api.telegram.org', port=443): Max retries exceeded with url: /bot8893611617:***********************************/getMe (Caused by NewConnectionError("SocksHTTPSConnection(host='api.telegram.org', port=443): Failed to establish a new connection: [WinError 10061] No connection could be made because the target machine actively refused it"))

2026-07-10 12:05:03,735 [ERROR] TeleBot: Exception traceback:
Traceback (most recent call last):
  File "C:\Users\Asus\AppData\Local\Programs\Python\Python314\Mega Downloader\venv\Lib\site-packages\yt_dlp\networking\_requests.py", line 379, in _new_conn
    return create_connection(
           ^^^^^^^^^^^^^^^^^^
  File "C:\Users\Asus\AppData\Local\Programs\Python\Python314\Mega Downloader\venv\Lib\site-packages\yt_dlp\networking\_helper.py", line 269, in create_connection
    raise err
  File "C:\Users\Asus\AppData\Local\Programs\Python\Python314\Mega Downloader\venv\Lib\site-packages\yt_dlp\networking\_helper.py", line 260, in create_connection
    sock = _create_socket_func(ip_addr, timeout, source_address)
           ^^^^^^^^^^^^^^^^^^^^^^^^^^^^^^^^^^^^^^^^^^^^^^^^^^^^^
  File "C:\Users\Asus\AppData\Local\Programs\Python\Python314\Mega Downloader\venv\Lib\site-packages\yt_dlp\networking\_helper.py", line 228, in create_socks_proxy_socket
    sock.connect(dest_addr)
  File "C:\Users\Asus\AppData\Local\Programs\Python\Python314\Mega Downloader\venv\Lib\site-packages\yt_dlp\socks.py", line 271, in connect
    self._make_proxy(socket.socket.connect, address)
  File "C:\Users\Asus\AppData\Local\Programs\Python\Python314\Mega Downloader\venv\Lib\site-packages\yt_dlp\socks.py", line 259, in _make_proxy
    result = connect_func(self, (self._proxy.host, self._proxy.port))
             ^^^^^^^^^^^^^^^^^^^^^^^^^^^^^^^^^^^^^^^^^^^^^^^^^^^^^^^^
ConnectionRefusedError: [WinError 10061] No connection could be made because the target machine actively refused it

The above exception was the direct cause of the following exception:

Traceback (most recent call last):
  File "C:\Users\Asus\AppData\Local\Programs\Python\Python314\Mega Downloader\venv\Lib\site-packages\urllib3\connectionpool.py", line 788, in urlopen
    response = self._make_request(
               ^^^^^^^^^^^^^^^^^^^
  File "C:\Users\Asus\AppData\Local\Programs\Python\Python314\Mega Downloader\venv\Lib\site-packages\urllib3\connectionpool.py", line 488, in _make_request
    raise new_e
  File "C:\Users\Asus\AppData\Local\Programs\Python\Python314\Mega Downloader\venv\Lib\site-packages\urllib3\connectionpool.py", line 464, in _make_request
    self._validate_conn(conn)
  File "C:\Users\Asus\AppData\Local\Programs\Python\Python314\Mega Downloader\venv\Lib\site-packages\urllib3\connectionpool.py", line 1106, in _validate_conn
    conn.connect()
  File "C:\Users\Asus\AppData\Local\Programs\Python\Python314\Mega Downloader\venv\Lib\site-packages\urllib3\connection.py", line 759, in connect
    self.sock = sock = self._new_conn()
                       ^^^^^^^^^^^^^^^^
  File "C:\Users\Asus\AppData\Local\Programs\Python\Python314\Mega Downloader\venv\Lib\site-packages\yt_dlp\networking\_requests.py", line 391, in _new_conn
    raise urllib3.exceptions.NewConnectionError(
urllib3.exceptions.NewConnectionError: SocksHTTPSConnection(host='api.telegram.org', port=443): Failed to establish a new connection: [WinError 10061] No connection could be made because the target machine actively refused it

The above exception was the direct cause of the following exception:

Traceback (most recent call last):
  File "C:\Users\Asus\AppData\Local\Programs\Python\Python314\Mega Downloader\venv\Lib\site-packages\requests\adapters.py", line 696, in send
    resp = conn.urlopen(
           ^^^^^^^^^^^^^
  File "C:\Users\Asus\AppData\Local\Programs\Python\Python314\Mega Downloader\venv\Lib\site-packages\urllib3\connectionpool.py", line 842, in urlopen
    retries = retries.increment(
              ^^^^^^^^^^^^^^^^^^
  File "C:\Users\Asus\AppData\Local\Programs\Python\Python314\Mega Downloader\venv\Lib\site-packages\urllib3\util\retry.py", line 543, in increment
    raise MaxRetryError(_pool, url, reason) from reason  # type: ignore[arg-type]
    ^^^^^^^^^^^^^^^^^^^^^^^^^^^^^^^^^^^^^^^^^^^^^^^^^^^
urllib3.exceptions.MaxRetryError: SocksHTTPSConnectionPool(host='api.telegram.org', port=443): Max retries exceeded with url: /bot8893611617:***********************************/getMe (Caused by NewConnectionError("SocksHTTPSConnection(host='api.telegram.org', port=443): Failed to establish a new connection: [WinError 10061] No connection could be made because the target machine actively refused it"))

During handling of the above exception, another exception occurred:

Traceback (most recent call last):
  File "C:\Users\Asus\AppData\Local\Programs\Python\Python314\Mega Downloader\venv\Lib\site-packages\telebot\__init__.py", line 1136, in infinity_polling
    self.polling(non_stop=True, timeout=timeout, long_polling_timeout=long_polling_timeout,
  File "C:\Users\Asus\AppData\Local\Programs\Python\Python314\Mega Downloader\venv\Lib\site-packages\telebot\__init__.py", line 1221, in polling
    logger.info('Starting your bot with username: [@%s]', self.user.username)
                                                          ^^^^^^^^^
  File "C:\Users\Asus\AppData\Local\Programs\Python\Python314\Mega Downloader\venv\Lib\site-packages\telebot\__init__.py", line 308, in user
    self._user = self.get_me()
                 ^^^^^^^^^^^^^
  File "C:\Users\Asus\AppData\Local\Programs\Python\Python314\Mega Downloader\venv\Lib\site-packages\telebot\__init__.py", line 1408, in get_me
    apihelper.get_me(self.token)
  File "C:\Users\Asus\AppData\Local\Programs\Python\Python314\Mega Downloader\venv\Lib\site-packages\telebot\apihelper.py", line 204, in get_me
    return _make_request(token, method_url)
           ^^^^^^^^^^^^^^^^^^^^^^^^^^^^^^^^
  File "C:\Users\Asus\AppData\Local\Programs\Python\Python314\Mega Downloader\venv\Lib\site-packages\telebot\apihelper.py", line 162, in _make_request
    result = _get_req_session().request(
             ^^^^^^^^^^^^^^^^^^^^^^^^^^^
  File "C:\Users\Asus\AppData\Local\Programs\Python\Python314\Mega Downloader\venv\Lib\site-packages\requests\sessions.py", line 651, in request
    resp = self.send(prep, **send_kwargs)
           ^^^^^^^^^^^^^^^^^^^^^^^^^^^^^^
  File "C:\Users\Asus\AppData\Local\Programs\Python\Python314\Mega Downloader\venv\Lib\site-packages\requests\sessions.py", line 784, in send
    r = adapter.send(request, **kwargs)
        ^^^^^^^^^^^^^^^^^^^^^^^^^^^^^^^
  File "C:\Users\Asus\AppData\Local\Programs\Python\Python314\Mega Downloader\venv\Lib\site-packages\requests\adapters.py", line 729, in send
    raise ConnectionError(e, request=request)
requests.exceptions.ConnectionError: SocksHTTPSConnectionPool(host='api.telegram.org', port=443): Max retries exceeded with url: /bot8893611617:***********************************/getMe (Caused by NewConnectionError("SocksHTTPSConnection(host='api.telegram.org', port=443): Failed to establish a new connection: [WinError 10061] No connection could be made because the target machine actively refused it"))

2026-07-10 12:05:08,784 [ERROR] TeleBot: Exception traceback:
Traceback (most recent call last):
  File "C:\Users\Asus\AppData\Local\Programs\Python\Python314\Mega Downloader\venv\Lib\site-packages\yt_dlp\networking\_requests.py", line 379, in _new_conn
    return create_connection(
           ^^^^^^^^^^^^^^^^^^
  File "C:\Users\Asus\AppData\Local\Programs\Python\Python314\Mega Downloader\venv\Lib\site-packages\yt_dlp\networking\_helper.py", line 269, in create_connection
    raise err
  File "C:\Users\Asus\AppData\Local\Programs\Python\Python314\Mega Downloader\venv\Lib\site-packages\yt_dlp\networking\_helper.py", line 260, in create_connection
    sock = _create_socket_func(ip_addr, timeout, source_address)
           ^^^^^^^^^^^^^^^^^^^^^^^^^^^^^^^^^^^^^^^^^^^^^^^^^^^^^
  File "C:\Users\Asus\AppData\Local\Programs\Python\Python314\Mega Downloader\venv\Lib\site-packages\yt_dlp\networking\_helper.py", line 228, in create_socks_proxy_socket
    sock.connect(dest_addr)
  File "C:\Users\Asus\AppData\Local\Programs\Python\Python314\Mega Downloader\venv\Lib\site-packages\yt_dlp\socks.py", line 271, in connect
    self._make_proxy(socket.socket.connect, address)
  File "C:\Users\Asus\AppData\Local\Programs\Python\Python314\Mega Downloader\venv\Lib\site-packages\yt_dlp\socks.py", line 259, in _make_proxy
    result = connect_func(self, (self._proxy.host, self._proxy.port))
             ^^^^^^^^^^^^^^^^^^^^^^^^^^^^^^^^^^^^^^^^^^^^^^^^^^^^^^^^
ConnectionRefusedError: [WinError 10061] No connection could be made because the target machine actively refused it

The above exception was the direct cause of the following exception:

Traceback (most recent call last):
  File "C:\Users\Asus\AppData\Local\Programs\Python\Python314\Mega Downloader\venv\Lib\site-packages\urllib3\connectionpool.py", line 788, in urlopen
    response = self._make_request(
               ^^^^^^^^^^^^^^^^^^^
  File "C:\Users\Asus\AppData\Local\Programs\Python\Python314\Mega Downloader\venv\Lib\site-packages\urllib3\connectionpool.py", line 488, in _make_request
    raise new_e
  File "C:\Users\Asus\AppData\Local\Programs\Python\Python314\Mega Downloader\venv\Lib\site-packages\urllib3\connectionpool.py", line 464, in _make_request
    self._validate_conn(conn)
  File "C:\Users\Asus\AppData\Local\Programs\Python\Python314\Mega Downloader\venv\Lib\site-packages\urllib3\connectionpool.py", line 1106, in _validate_conn
    conn.connect()
  File "C:\Users\Asus\AppData\Local\Programs\Python\Python314\Mega Downloader\venv\Lib\site-packages\urllib3\connection.py", line 759, in connect
    self.sock = sock = self._new_conn()
                       ^^^^^^^^^^^^^^^^
  File "C:\Users\Asus\AppData\Local\Programs\Python\Python314\Mega Downloader\venv\Lib\site-packages\yt_dlp\networking\_requests.py", line 391, in _new_conn
    raise urllib3.exceptions.NewConnectionError(
urllib3.exceptions.NewConnectionError: SocksHTTPSConnection(host='api.telegram.org', port=443): Failed to establish a new connection: [WinError 10061] No connection could be made because the target machine actively refused it

The above exception was the direct cause of the following exception:

Traceback (most recent call last):
  File "C:\Users\Asus\AppData\Local\Programs\Python\Python314\Mega Downloader\venv\Lib\site-packages\requests\adapters.py", line 696, in send
    resp = conn.urlopen(
           ^^^^^^^^^^^^^
  File "C:\Users\Asus\AppData\Local\Programs\Python\Python314\Mega Downloader\venv\Lib\site-packages\urllib3\connectionpool.py", line 842, in urlopen
    retries = retries.increment(
              ^^^^^^^^^^^^^^^^^^
  File "C:\Users\Asus\AppData\Local\Programs\Python\Python314\Mega Downloader\venv\Lib\site-packages\urllib3\util\retry.py", line 543, in increment
    raise MaxRetryError(_pool, url, reason) from reason  # type: ignore[arg-type]
    ^^^^^^^^^^^^^^^^^^^^^^^^^^^^^^^^^^^^^^^^^^^^^^^^^^^
urllib3.exceptions.MaxRetryError: SocksHTTPSConnectionPool(host='api.telegram.org', port=443): Max retries exceeded with url: /bot8893611617:***********************************/getMe (Caused by NewConnectionError("SocksHTTPSConnection(host='api.telegram.org', port=443): Failed to establish a new connection: [WinError 10061] No connection could be made because the target machine actively refused it"))

During handling of the above exception, another exception occurred:

Traceback (most recent call last):
  File "C:\Users\Asus\AppData\Local\Programs\Python\Python314\Mega Downloader\venv\Lib\site-packages\telebot\__init__.py", line 1136, in infinity_polling
    self.polling(non_stop=True, timeout=timeout, long_polling_timeout=long_polling_timeout,
  File "C:\Users\Asus\AppData\Local\Programs\Python\Python314\Mega Downloader\venv\Lib\site-packages\telebot\__init__.py", line 1221, in polling
    logger.info('Starting your bot with username: [@%s]', self.user.username)
                                                          ^^^^^^^^^
  File "C:\Users\Asus\AppData\Local\Programs\Python\Python314\Mega Downloader\venv\Lib\site-packages\telebot\__init__.py", line 308, in user
    self._user = self.get_me()
                 ^^^^^^^^^^^^^
  File "C:\Users\Asus\AppData\Local\Programs\Python\Python314\Mega Downloader\venv\Lib\site-packages\telebot\__init__.py", line 1408, in get_me
    apihelper.get_me(self.token)
  File "C:\Users\Asus\AppData\Local\Programs\Python\Python314\Mega Downloader\venv\Lib\site-packages\telebot\apihelper.py", line 204, in get_me
    return _make_request(token, method_url)
           ^^^^^^^^^^^^^^^^^^^^^^^^^^^^^^^^
  File "C:\Users\Asus\AppData\Local\Programs\Python\Python314\Mega Downloader\venv\Lib\site-packages\telebot\apihelper.py", line 162, in _make_request
    result = _get_req_session().request(
             ^^^^^^^^^^^^^^^^^^^^^^^^^^^
  File "C:\Users\Asus\AppData\Local\Programs\Python\Python314\Mega Downloader\venv\Lib\site-packages\requests\sessions.py", line 651, in request
    resp = self.send(prep, **send_kwargs)
           ^^^^^^^^^^^^^^^^^^^^^^^^^^^^^^
  File "C:\Users\Asus\AppData\Local\Programs\Python\Python314\Mega Downloader\venv\Lib\site-packages\requests\sessions.py", line 784, in send
    r = adapter.send(request, **kwargs)
        ^^^^^^^^^^^^^^^^^^^^^^^^^^^^^^^
  File "C:\Users\Asus\AppData\Local\Programs\Python\Python314\Mega Downloader\venv\Lib\site-packages\requests\adapters.py", line 729, in send
    raise ConnectionError(e, request=request)
requests.exceptions.ConnectionError: SocksHTTPSConnectionPool(host='api.telegram.org', port=443): Max retries exceeded with url: /bot8893611617:***********************************/getMe (Caused by NewConnectionError("SocksHTTPSConnection(host='api.telegram.org', port=443): Failed to establish a new connection: [WinError 10061] No connection could be made because the target machine actively refused it"))

2026-07-10 12:05:13,825 [ERROR] TeleBot: Exception traceback:
Traceback (most recent call last):
  File "C:\Users\Asus\AppData\Local\Programs\Python\Python314\Mega Downloader\venv\Lib\site-packages\yt_dlp\networking\_requests.py", line 379, in _new_conn
    return create_connection(
           ^^^^^^^^^^^^^^^^^^
  File "C:\Users\Asus\AppData\Local\Programs\Python\Python314\Mega Downloader\venv\Lib\site-packages\yt_dlp\networking\_helper.py", line 269, in create_connection
    raise err
  File "C:\Users\Asus\AppData\Local\Programs\Python\Python314\Mega Downloader\venv\Lib\site-packages\yt_dlp\networking\_helper.py", line 260, in create_connection
    sock = _create_socket_func(ip_addr, timeout, source_address)
           ^^^^^^^^^^^^^^^^^^^^^^^^^^^^^^^^^^^^^^^^^^^^^^^^^^^^^
  File "C:\Users\Asus\AppData\Local\Programs\Python\Python314\Mega Downloader\venv\Lib\site-packages\yt_dlp\networking\_helper.py", line 228, in create_socks_proxy_socket
    sock.connect(dest_addr)
  File "C:\Users\Asus\AppData\Local\Programs\Python\Python314\Mega Downloader\venv\Lib\site-packages\yt_dlp\socks.py", line 271, in connect
    self._make_proxy(socket.socket.connect, address)
  File "C:\Users\Asus\AppData\Local\Programs\Python\Python314\Mega Downloader\venv\Lib\site-packages\yt_dlp\socks.py", line 259, in _make_proxy
    result = connect_func(self, (self._proxy.host, self._proxy.port))
             ^^^^^^^^^^^^^^^^^^^^^^^^^^^^^^^^^^^^^^^^^^^^^^^^^^^^^^^^
ConnectionRefusedError: [WinError 10061] No connection could be made because the target machine actively refused it

The above exception was the direct cause of the following exception:

Traceback (most recent call last):
  File "C:\Users\Asus\AppData\Local\Programs\Python\Python314\Mega Downloader\venv\Lib\site-packages\urllib3\connectionpool.py", line 788, in urlopen
    response = self._make_request(
               ^^^^^^^^^^^^^^^^^^^
  File "C:\Users\Asus\AppData\Local\Programs\Python\Python314\Mega Downloader\venv\Lib\site-packages\urllib3\connectionpool.py", line 488, in _make_request
    raise new_e
  File "C:\Users\Asus\AppData\Local\Programs\Python\Python314\Mega Downloader\venv\Lib\site-packages\urllib3\connectionpool.py", line 464, in _make_request
    self._validate_conn(conn)
  File "C:\Users\Asus\AppData\Local\Programs\Python\Python314\Mega Downloader\venv\Lib\site-packages\urllib3\connectionpool.py", line 1106, in _validate_conn
    conn.connect()
  File "C:\Users\Asus\AppData\Local\Programs\Python\Python314\Mega Downloader\venv\Lib\site-packages\urllib3\connection.py", line 759, in connect
    self.sock = sock = self._new_conn()
                       ^^^^^^^^^^^^^^^^
  File "C:\Users\Asus\AppData\Local\Programs\Python\Python314\Mega Downloader\venv\Lib\site-packages\yt_dlp\networking\_requests.py", line 391, in _new_conn
    raise urllib3.exceptions.NewConnectionError(
urllib3.exceptions.NewConnectionError: SocksHTTPSConnection(host='api.telegram.org', port=443): Failed to establish a new connection: [WinError 10061] No connection could be made because the target machine actively refused it

The above exception was the direct cause of the following exception:

Traceback (most recent call last):
  File "C:\Users\Asus\AppData\Local\Programs\Python\Python314\Mega Downloader\venv\Lib\site-packages\requests\adapters.py", line 696, in send
    resp = conn.urlopen(
           ^^^^^^^^^^^^^
  File "C:\Users\Asus\AppData\Local\Programs\Python\Python314\Mega Downloader\venv\Lib\site-packages\urllib3\connectionpool.py", line 842, in urlopen
    retries = retries.increment(
              ^^^^^^^^^^^^^^^^^^
  File "C:\Users\Asus\AppData\Local\Programs\Python\Python314\Mega Downloader\venv\Lib\site-packages\urllib3\util\retry.py", line 543, in increment
    raise MaxRetryError(_pool, url, reason) from reason  # type: ignore[arg-type]
    ^^^^^^^^^^^^^^^^^^^^^^^^^^^^^^^^^^^^^^^^^^^^^^^^^^^
urllib3.exceptions.MaxRetryError: SocksHTTPSConnectionPool(host='api.telegram.org', port=443): Max retries exceeded with url: /bot8893611617:***********************************/getMe (Caused by NewConnectionError("SocksHTTPSConnection(host='api.telegram.org', port=443): Failed to establish a new connection: [WinError 10061] No connection could be made because the target machine actively refused it"))

During handling of the above exception, another exception occurred:

Traceback (most recent call last):
  File "C:\Users\Asus\AppData\Local\Programs\Python\Python314\Mega Downloader\venv\Lib\site-packages\telebot\__init__.py", line 1136, in infinity_polling
    self.polling(non_stop=True, timeout=timeout, long_polling_timeout=long_polling_timeout,
  File "C:\Users\Asus\AppData\Local\Programs\Python\Python314\Mega Downloader\venv\Lib\site-packages\telebot\__init__.py", line 1221, in polling
    logger.info('Starting your bot with username: [@%s]', self.user.username)
                                                          ^^^^^^^^^
  File "C:\Users\Asus\AppData\Local\Programs\Python\Python314\Mega Downloader\venv\Lib\site-packages\telebot\__init__.py", line 308, in user
    self._user = self.get_me()
                 ^^^^^^^^^^^^^
  File "C:\Users\Asus\AppData\Local\Programs\Python\Python314\Mega Downloader\venv\Lib\site-packages\telebot\__init__.py", line 1408, in get_me
    apihelper.get_me(self.token)
  File "C:\Users\Asus\AppData\Local\Programs\Python\Python314\Mega Downloader\venv\Lib\site-packages\telebot\apihelper.py", line 204, in get_me
    return _make_request(token, method_url)
           ^^^^^^^^^^^^^^^^^^^^^^^^^^^^^^^^
  File "C:\Users\Asus\AppData\Local\Programs\Python\Python314\Mega Downloader\venv\Lib\site-packages\telebot\apihelper.py", line 162, in _make_request
    result = _get_req_session().request(
             ^^^^^^^^^^^^^^^^^^^^^^^^^^^
  File "C:\Users\Asus\AppData\Local\Programs\Python\Python314\Mega Downloader\venv\Lib\site-packages\requests\sessions.py", line 651, in request
    resp = self.send(prep, **send_kwargs)
           ^^^^^^^^^^^^^^^^^^^^^^^^^^^^^^
  File "C:\Users\Asus\AppData\Local\Programs\Python\Python314\Mega Downloader\venv\Lib\site-packages\requests\sessions.py", line 784, in send
    r = adapter.send(request, **kwargs)
        ^^^^^^^^^^^^^^^^^^^^^^^^^^^^^^^
  File "C:\Users\Asus\AppData\Local\Programs\Python\Python314\Mega Downloader\venv\Lib\site-packages\requests\adapters.py", line 729, in send
    raise ConnectionError(e, request=request)
requests.exceptions.ConnectionError: SocksHTTPSConnectionPool(host='api.telegram.org', port=443): Max retries exceeded with url: /bot8893611617:***********************************/getMe (Caused by NewConnectionError("SocksHTTPSConnection(host='api.telegram.org', port=443): Failed to establish a new connection: [WinError 10061] No connection could be made because the target machine actively refused it"))

2026-07-10 12:05:18,881 [ERROR] TeleBot: Exception traceback:
Traceback (most recent call last):
  File "C:\Users\Asus\AppData\Local\Programs\Python\Python314\Mega Downloader\venv\Lib\site-packages\yt_dlp\networking\_requests.py", line 379, in _new_conn
    return create_connection(
           ^^^^^^^^^^^^^^^^^^
  File "C:\Users\Asus\AppData\Local\Programs\Python\Python314\Mega Downloader\venv\Lib\site-packages\yt_dlp\networking\_helper.py", line 269, in create_connection
    raise err
  File "C:\Users\Asus\AppData\Local\Programs\Python\Python314\Mega Downloader\venv\Lib\site-packages\yt_dlp\networking\_helper.py", line 260, in create_connection
    sock = _create_socket_func(ip_addr, timeout, source_address)
           ^^^^^^^^^^^^^^^^^^^^^^^^^^^^^^^^^^^^^^^^^^^^^^^^^^^^^
  File "C:\Users\Asus\AppData\Local\Programs\Python\Python314\Mega Downloader\venv\Lib\site-packages\yt_dlp\networking\_helper.py", line 228, in create_socks_proxy_socket
    sock.connect(dest_addr)
  File "C:\Users\Asus\AppData\Local\Programs\Python\Python314\Mega Downloader\venv\Lib\site-packages\yt_dlp\socks.py", line 271, in connect
    self._make_proxy(socket.socket.connect, address)
  File "C:\Users\Asus\AppData\Local\Programs\Python\Python314\Mega Downloader\venv\Lib\site-packages\yt_dlp\socks.py", line 259, in _make_proxy
    result = connect_func(self, (self._proxy.host, self._proxy.port))
             ^^^^^^^^^^^^^^^^^^^^^^^^^^^^^^^^^^^^^^^^^^^^^^^^^^^^^^^^
ConnectionRefusedError: [WinError 10061] No connection could be made because the target machine actively refused it

The above exception was the direct cause of the following exception:

Traceback (most recent call last):
  File "C:\Users\Asus\AppData\Local\Programs\Python\Python314\Mega Downloader\venv\Lib\site-packages\urllib3\connectionpool.py", line 788, in urlopen
    response = self._make_request(
               ^^^^^^^^^^^^^^^^^^^
  File "C:\Users\Asus\AppData\Local\Programs\Python\Python314\Mega Downloader\venv\Lib\site-packages\urllib3\connectionpool.py", line 488, in _make_request
    raise new_e
  File "C:\Users\Asus\AppData\Local\Programs\Python\Python314\Mega Downloader\venv\Lib\site-packages\urllib3\connectionpool.py", line 464, in _make_request
    self._validate_conn(conn)
  File "C:\Users\Asus\AppData\Local\Programs\Python\Python314\Mega Downloader\venv\Lib\site-packages\urllib3\connectionpool.py", line 1106, in _validate_conn
    conn.connect()
  File "C:\Users\Asus\AppData\Local\Programs\Python\Python314\Mega Downloader\venv\Lib\site-packages\urllib3\connection.py", line 759, in connect
    self.sock = sock = self._new_conn()
                       ^^^^^^^^^^^^^^^^
  File "C:\Users\Asus\AppData\Local\Programs\Python\Python314\Mega Downloader\venv\Lib\site-packages\yt_dlp\networking\_requests.py", line 391, in _new_conn
    raise urllib3.exceptions.NewConnectionError(
urllib3.exceptions.NewConnectionError: SocksHTTPSConnection(host='api.telegram.org', port=443): Failed to establish a new connection: [WinError 10061] No connection could be made because the target machine actively refused it

The above exception was the direct cause of the following exception:

Traceback (most recent call last):
  File "C:\Users\Asus\AppData\Local\Programs\Python\Python314\Mega Downloader\venv\Lib\site-packages\requests\adapters.py", line 696, in send
    resp = conn.urlopen(
           ^^^^^^^^^^^^^
  File "C:\Users\Asus\AppData\Local\Programs\Python\Python314\Mega Downloader\venv\Lib\site-packages\urllib3\connectionpool.py", line 842, in urlopen
    retries = retries.increment(
              ^^^^^^^^^^^^^^^^^^
  File "C:\Users\Asus\AppData\Local\Programs\Python\Python314\Mega Downloader\venv\Lib\site-packages\urllib3\util\retry.py", line 543, in increment
    raise MaxRetryError(_pool, url, reason) from reason  # type: ignore[arg-type]
    ^^^^^^^^^^^^^^^^^^^^^^^^^^^^^^^^^^^^^^^^^^^^^^^^^^^
urllib3.exceptions.MaxRetryError: SocksHTTPSConnectionPool(host='api.telegram.org', port=443): Max retries exceeded with url: /bot8893611617:***********************************/getMe (Caused by NewConnectionError("SocksHTTPSConnection(host='api.telegram.org', port=443): Failed to establish a new connection: [WinError 10061] No connection could be made because the target machine actively refused it"))

During handling of the above exception, another exception occurred:

Traceback (most recent call last):
  File "C:\Users\Asus\AppData\Local\Programs\Python\Python314\Mega Downloader\venv\Lib\site-packages\telebot\__init__.py", line 1136, in infinity_polling
    self.polling(non_stop=True, timeout=timeout, long_polling_timeout=long_polling_timeout,
  File "C:\Users\Asus\AppData\Local\Programs\Python\Python314\Mega Downloader\venv\Lib\site-packages\telebot\__init__.py", line 1221, in polling
    logger.info('Starting your bot with username: [@%s]', self.user.username)
                                                          ^^^^^^^^^
  File "C:\Users\Asus\AppData\Local\Programs\Python\Python314\Mega Downloader\venv\Lib\site-packages\telebot\__init__.py", line 308, in user
    self._user = self.get_me()
                 ^^^^^^^^^^^^^
  File "C:\Users\Asus\AppData\Local\Programs\Python\Python314\Mega Downloader\venv\Lib\site-packages\telebot\__init__.py", line 1408, in get_me
    apihelper.get_me(self.token)
  File "C:\Users\Asus\AppData\Local\Programs\Python\Python314\Mega Downloader\venv\Lib\site-packages\telebot\apihelper.py", line 204, in get_me
    return _make_request(token, method_url)
           ^^^^^^^^^^^^^^^^^^^^^^^^^^^^^^^^
  File "C:\Users\Asus\AppData\Local\Programs\Python\Python314\Mega Downloader\venv\Lib\site-packages\telebot\apihelper.py", line 162, in _make_request
    result = _get_req_session().request(
             ^^^^^^^^^^^^^^^^^^^^^^^^^^^
  File "C:\Users\Asus\AppData\Local\Programs\Python\Python314\Mega Downloader\venv\Lib\site-packages\requests\sessions.py", line 651, in request
    resp = self.send(prep, **send_kwargs)
           ^^^^^^^^^^^^^^^^^^^^^^^^^^^^^^
  File "C:\Users\Asus\AppData\Local\Programs\Python\Python314\Mega Downloader\venv\Lib\site-packages\requests\sessions.py", line 784, in send
    r = adapter.send(request, **kwargs)
        ^^^^^^^^^^^^^^^^^^^^^^^^^^^^^^^
  File "C:\Users\Asus\AppData\Local\Programs\Python\Python314\Mega Downloader\venv\Lib\site-packages\requests\adapters.py", line 729, in send
    raise ConnectionError(e, request=request)
requests.exceptions.ConnectionError: SocksHTTPSConnectionPool(host='api.telegram.org', port=443): Max retries exceeded with url: /bot8893611617:***********************************/getMe (Caused by NewConnectionError("SocksHTTPSConnection(host='api.telegram.org', port=443): Failed to establish a new connection: [WinError 10061] No connection could be made because the target machine actively refused it"))

2026-07-10 12:05:23,927 [ERROR] TeleBot: Exception traceback:
Traceback (most recent call last):
  File "C:\Users\Asus\AppData\Local\Programs\Python\Python314\Mega Downloader\venv\Lib\site-packages\yt_dlp\networking\_requests.py", line 379, in _new_conn
    return create_connection(
           ^^^^^^^^^^^^^^^^^^
  File "C:\Users\Asus\AppData\Local\Programs\Python\Python314\Mega Downloader\venv\Lib\site-packages\yt_dlp\networking\_helper.py", line 269, in create_connection
    raise err
  File "C:\Users\Asus\AppData\Local\Programs\Python\Python314\Mega Downloader\venv\Lib\site-packages\yt_dlp\networking\_helper.py", line 260, in create_connection
    sock = _create_socket_func(ip_addr, timeout, source_address)
           ^^^^^^^^^^^^^^^^^^^^^^^^^^^^^^^^^^^^^^^^^^^^^^^^^^^^^
  File "C:\Users\Asus\AppData\Local\Programs\Python\Python314\Mega Downloader\venv\Lib\site-packages\yt_dlp\networking\_helper.py", line 228, in create_socks_proxy_socket
    sock.connect(dest_addr)
  File "C:\Users\Asus\AppData\Local\Programs\Python\Python314\Mega Downloader\venv\Lib\site-packages\yt_dlp\socks.py", line 271, in connect
    self._make_proxy(socket.socket.connect, address)
  File "C:\Users\Asus\AppData\Local\Programs\Python\Python314\Mega Downloader\venv\Lib\site-packages\yt_dlp\socks.py", line 259, in _make_proxy
    result = connect_func(self, (self._proxy.host, self._proxy.port))
             ^^^^^^^^^^^^^^^^^^^^^^^^^^^^^^^^^^^^^^^^^^^^^^^^^^^^^^^^
ConnectionRefusedError: [WinError 10061] No connection could be made because the target machine actively refused it

The above exception was the direct cause of the following exception:

Traceback (most recent call last):
  File "C:\Users\Asus\AppData\Local\Programs\Python\Python314\Mega Downloader\venv\Lib\site-packages\urllib3\connectionpool.py", line 788, in urlopen
    response = self._make_request(
               ^^^^^^^^^^^^^^^^^^^
  File "C:\Users\Asus\AppData\Local\Programs\Python\Python314\Mega Downloader\venv\Lib\site-packages\urllib3\connectionpool.py", line 488, in _make_request
    raise new_e
  File "C:\Users\Asus\AppData\Local\Programs\Python\Python314\Mega Downloader\venv\Lib\site-packages\urllib3\connectionpool.py", line 464, in _make_request
    self._validate_conn(conn)
  File "C:\Users\Asus\AppData\Local\Programs\Python\Python314\Mega Downloader\venv\Lib\site-packages\urllib3\connectionpool.py", line 1106, in _validate_conn
    conn.connect()
  File "C:\Users\Asus\AppData\Local\Programs\Python\Python314\Mega Downloader\venv\Lib\site-packages\urllib3\connection.py", line 759, in connect
    self.sock = sock = self._new_conn()
                       ^^^^^^^^^^^^^^^^
  File "C:\Users\Asus\AppData\Local\Programs\Python\Python314\Mega Downloader\venv\Lib\site-packages\yt_dlp\networking\_requests.py", line 391, in _new_conn
    raise urllib3.exceptions.NewConnectionError(
urllib3.exceptions.NewConnectionError: SocksHTTPSConnection(host='api.telegram.org', port=443): Failed to establish a new connection: [WinError 10061] No connection could be made because the target machine actively refused it

The above exception was the direct cause of the following exception:

Traceback (most recent call last):
  File "C:\Users\Asus\AppData\Local\Programs\Python\Python314\Mega Downloader\venv\Lib\site-packages\requests\adapters.py", line 696, in send
    resp = conn.urlopen(
           ^^^^^^^^^^^^^
  File "C:\Users\Asus\AppData\Local\Programs\Python\Python314\Mega Downloader\venv\Lib\site-packages\urllib3\connectionpool.py", line 842, in urlopen
    retries = retries.increment(
              ^^^^^^^^^^^^^^^^^^
  File "C:\Users\Asus\AppData\Local\Programs\Python\Python314\Mega Downloader\venv\Lib\site-packages\urllib3\util\retry.py", line 543, in increment
    raise MaxRetryError(_pool, url, reason) from reason  # type: ignore[arg-type]
    ^^^^^^^^^^^^^^^^^^^^^^^^^^^^^^^^^^^^^^^^^^^^^^^^^^^
urllib3.exceptions.MaxRetryError: SocksHTTPSConnectionPool(host='api.telegram.org', port=443): Max retries exceeded with url: /bot8893611617:***********************************/getMe (Caused by NewConnectionError("SocksHTTPSConnection(host='api.telegram.org', port=443): Failed to establish a new connection: [WinError 10061] No connection could be made because the target machine actively refused it"))

During handling of the above exception, another exception occurred:

Traceback (most recent call last):
  File "C:\Users\Asus\AppData\Local\Programs\Python\Python314\Mega Downloader\venv\Lib\site-packages\telebot\__init__.py", line 1136, in infinity_polling
    self.polling(non_stop=True, timeout=timeout, long_polling_timeout=long_polling_timeout,
  File "C:\Users\Asus\AppData\Local\Programs\Python\Python314\Mega Downloader\venv\Lib\site-packages\telebot\__init__.py", line 1221, in polling
    logger.info('Starting your bot with username: [@%s]', self.user.username)
                                                          ^^^^^^^^^
  File "C:\Users\Asus\AppData\Local\Programs\Python\Python314\Mega Downloader\venv\Lib\site-packages\telebot\__init__.py", line 308, in user
    self._user = self.get_me()
                 ^^^^^^^^^^^^^
  File "C:\Users\Asus\AppData\Local\Programs\Python\Python314\Mega Downloader\venv\Lib\site-packages\telebot\__init__.py", line 1408, in get_me
    apihelper.get_me(self.token)
  File "C:\Users\Asus\AppData\Local\Programs\Python\Python314\Mega Downloader\venv\Lib\site-packages\telebot\apihelper.py", line 204, in get_me
    return _make_request(token, method_url)
           ^^^^^^^^^^^^^^^^^^^^^^^^^^^^^^^^
  File "C:\Users\Asus\AppData\Local\Programs\Python\Python314\Mega Downloader\venv\Lib\site-packages\telebot\apihelper.py", line 162, in _make_request
    result = _get_req_session().request(
             ^^^^^^^^^^^^^^^^^^^^^^^^^^^
  File "C:\Users\Asus\AppData\Local\Programs\Python\Python314\Mega Downloader\venv\Lib\site-packages\requests\sessions.py", line 651, in request
    resp = self.send(prep, **send_kwargs)
           ^^^^^^^^^^^^^^^^^^^^^^^^^^^^^^
  File "C:\Users\Asus\AppData\Local\Programs\Python\Python314\Mega Downloader\venv\Lib\site-packages\requests\sessions.py", line 784, in send
    r = adapter.send(request, **kwargs)
        ^^^^^^^^^^^^^^^^^^^^^^^^^^^^^^^
  File "C:\Users\Asus\AppData\Local\Programs\Python\Python314\Mega Downloader\venv\Lib\site-packages\requests\adapters.py", line 729, in send
    raise ConnectionError(e, request=request)
requests.exceptions.ConnectionError: SocksHTTPSConnectionPool(host='api.telegram.org', port=443): Max retries exceeded with url: /bot8893611617:***********************************/getMe (Caused by NewConnectionError("SocksHTTPSConnection(host='api.telegram.org', port=443): Failed to establish a new connection: [WinError 10061] No connection could be made because the target machine actively refused it"))

2026-07-10 12:05:28,984 [ERROR] TeleBot: Exception traceback:
Traceback (most recent call last):
  File "C:\Users\Asus\AppData\Local\Programs\Python\Python314\Mega Downloader\venv\Lib\site-packages\yt_dlp\networking\_requests.py", line 379, in _new_conn
    return create_connection(
           ^^^^^^^^^^^^^^^^^^
  File "C:\Users\Asus\AppData\Local\Programs\Python\Python314\Mega Downloader\venv\Lib\site-packages\yt_dlp\networking\_helper.py", line 269, in create_connection
    raise err
  File "C:\Users\Asus\AppData\Local\Programs\Python\Python314\Mega Downloader\venv\Lib\site-packages\yt_dlp\networking\_helper.py", line 260, in create_connection
    sock = _create_socket_func(ip_addr, timeout, source_address)
           ^^^^^^^^^^^^^^^^^^^^^^^^^^^^^^^^^^^^^^^^^^^^^^^^^^^^^
  File "C:\Users\Asus\AppData\Local\Programs\Python\Python314\Mega Downloader\venv\Lib\site-packages\yt_dlp\networking\_helper.py", line 228, in create_socks_proxy_socket
    sock.connect(dest_addr)
  File "C:\Users\Asus\AppData\Local\Programs\Python\Python314\Mega Downloader\venv\Lib\site-packages\yt_dlp\socks.py", line 271, in connect
    self._make_proxy(socket.socket.connect, address)
  File "C:\Users\Asus\AppData\Local\Programs\Python\Python314\Mega Downloader\venv\Lib\site-packages\yt_dlp\socks.py", line 259, in _make_proxy
    result = connect_func(self, (self._proxy.host, self._proxy.port))
             ^^^^^^^^^^^^^^^^^^^^^^^^^^^^^^^^^^^^^^^^^^^^^^^^^^^^^^^^
ConnectionRefusedError: [WinError 10061] No connection could be made because the target machine actively refused it

The above exception was the direct cause of the following exception:

Traceback (most recent call last):
  File "C:\Users\Asus\AppData\Local\Programs\Python\Python314\Mega Downloader\venv\Lib\site-packages\urllib3\connectionpool.py", line 788, in urlopen
    response = self._make_request(
               ^^^^^^^^^^^^^^^^^^^
  File "C:\Users\Asus\AppData\Local\Programs\Python\Python314\Mega Downloader\venv\Lib\site-packages\urllib3\connectionpool.py", line 488, in _make_request
    raise new_e
  File "C:\Users\Asus\AppData\Local\Programs\Python\Python314\Mega Downloader\venv\Lib\site-packages\urllib3\connectionpool.py", line 464, in _make_request
    self._validate_conn(conn)
  File "C:\Users\Asus\AppData\Local\Programs\Python\Python314\Mega Downloader\venv\Lib\site-packages\urllib3\connectionpool.py", line 1106, in _validate_conn
    conn.connect()
  File "C:\Users\Asus\AppData\Local\Programs\Python\Python314\Mega Downloader\venv\Lib\site-packages\urllib3\connection.py", line 759, in connect
    self.sock = sock = self._new_conn()
                       ^^^^^^^^^^^^^^^^
  File "C:\Users\Asus\AppData\Local\Programs\Python\Python314\Mega Downloader\venv\Lib\site-packages\yt_dlp\networking\_requests.py", line 391, in _new_conn
    raise urllib3.exceptions.NewConnectionError(
urllib3.exceptions.NewConnectionError: SocksHTTPSConnection(host='api.telegram.org', port=443): Failed to establish a new connection: [WinError 10061] No connection could be made because the target machine actively refused it

The above exception was the direct cause of the following exception:

Traceback (most recent call last):
  File "C:\Users\Asus\AppData\Local\Programs\Python\Python314\Mega Downloader\venv\Lib\site-packages\requests\adapters.py", line 696, in send
    resp = conn.urlopen(
           ^^^^^^^^^^^^^
  File "C:\Users\Asus\AppData\Local\Programs\Python\Python314\Mega Downloader\venv\Lib\site-packages\urllib3\connectionpool.py", line 842, in urlopen
    retries = retries.increment(
              ^^^^^^^^^^^^^^^^^^
  File "C:\Users\Asus\AppData\Local\Programs\Python\Python314\Mega Downloader\venv\Lib\site-packages\urllib3\util\retry.py", line 543, in increment
    raise MaxRetryError(_pool, url, reason) from reason  # type: ignore[arg-type]
    ^^^^^^^^^^^^^^^^^^^^^^^^^^^^^^^^^^^^^^^^^^^^^^^^^^^
urllib3.exceptions.MaxRetryError: SocksHTTPSConnectionPool(host='api.telegram.org', port=443): Max retries exceeded with url: /bot8893611617:***********************************/getMe (Caused by NewConnectionError("SocksHTTPSConnection(host='api.telegram.org', port=443): Failed to establish a new connection: [WinError 10061] No connection could be made because the target machine actively refused it"))

During handling of the above exception, another exception occurred:

Traceback (most recent call last):
  File "C:\Users\Asus\AppData\Local\Programs\Python\Python314\Mega Downloader\venv\Lib\site-packages\telebot\__init__.py", line 1136, in infinity_polling
    self.polling(non_stop=True, timeout=timeout, long_polling_timeout=long_polling_timeout,
  File "C:\Users\Asus\AppData\Local\Programs\Python\Python314\Mega Downloader\venv\Lib\site-packages\telebot\__init__.py", line 1221, in polling
    logger.info('Starting your bot with username: [@%s]', self.user.username)
                                                          ^^^^^^^^^
  File "C:\Users\Asus\AppData\Local\Programs\Python\Python314\Mega Downloader\venv\Lib\site-packages\telebot\__init__.py", line 308, in user
    self._user = self.get_me()
                 ^^^^^^^^^^^^^
  File "C:\Users\Asus\AppData\Local\Programs\Python\Python314\Mega Downloader\venv\Lib\site-packages\telebot\__init__.py", line 1408, in get_me
    apihelper.get_me(self.token)
  File "C:\Users\Asus\AppData\Local\Programs\Python\Python314\Mega Downloader\venv\Lib\site-packages\telebot\apihelper.py", line 204, in get_me
    return _make_request(token, method_url)
           ^^^^^^^^^^^^^^^^^^^^^^^^^^^^^^^^
  File "C:\Users\Asus\AppData\Local\Programs\Python\Python314\Mega Downloader\venv\Lib\site-packages\telebot\apihelper.py", line 162, in _make_request
    result = _get_req_session().request(
             ^^^^^^^^^^^^^^^^^^^^^^^^^^^
  File "C:\Users\Asus\AppData\Local\Programs\Python\Python314\Mega Downloader\venv\Lib\site-packages\requests\sessions.py", line 651, in request
    resp = self.send(prep, **send_kwargs)
           ^^^^^^^^^^^^^^^^^^^^^^^^^^^^^^
  File "C:\Users\Asus\AppData\Local\Programs\Python\Python314\Mega Downloader\venv\Lib\site-packages\requests\sessions.py", line 784, in send
    r = adapter.send(request, **kwargs)
        ^^^^^^^^^^^^^^^^^^^^^^^^^^^^^^^
  File "C:\Users\Asus\AppData\Local\Programs\Python\Python314\Mega Downloader\venv\Lib\site-packages\requests\adapters.py", line 729, in send
    raise ConnectionError(e, request=request)
requests.exceptions.ConnectionError: SocksHTTPSConnectionPool(host='api.telegram.org', port=443): Max retries exceeded with url: /bot8893611617:***********************************/getMe (Caused by NewConnectionError("SocksHTTPSConnection(host='api.telegram.org', port=443): Failed to establish a new connection: [WinError 10061] No connection could be made because the target machine actively refused it"))

2026-07-10 12:05:34,062 [ERROR] TeleBot: Exception traceback:
Traceback (most recent call last):
  File "C:\Users\Asus\AppData\Local\Programs\Python\Python314\Mega Downloader\venv\Lib\site-packages\yt_dlp\networking\_requests.py", line 379, in _new_conn
    return create_connection(
           ^^^^^^^^^^^^^^^^^^
  File "C:\Users\Asus\AppData\Local\Programs\Python\Python314\Mega Downloader\venv\Lib\site-packages\yt_dlp\networking\_helper.py", line 269, in create_connection
    raise err
  File "C:\Users\Asus\AppData\Local\Programs\Python\Python314\Mega Downloader\venv\Lib\site-packages\yt_dlp\networking\_helper.py", line 260, in create_connection
    sock = _create_socket_func(ip_addr, timeout, source_address)
           ^^^^^^^^^^^^^^^^^^^^^^^^^^^^^^^^^^^^^^^^^^^^^^^^^^^^^
  File "C:\Users\Asus\AppData\Local\Programs\Python\Python314\Mega Downloader\venv\Lib\site-packages\yt_dlp\networking\_helper.py", line 228, in create_socks_proxy_socket
    sock.connect(dest_addr)
  File "C:\Users\Asus\AppData\Local\Programs\Python\Python314\Mega Downloader\venv\Lib\site-packages\yt_dlp\socks.py", line 271, in connect
    self._make_proxy(socket.socket.connect, address)
  File "C:\Users\Asus\AppData\Local\Programs\Python\Python314\Mega Downloader\venv\Lib\site-packages\yt_dlp\socks.py", line 259, in _make_proxy
    result = connect_func(self, (self._proxy.host, self._proxy.port))
             ^^^^^^^^^^^^^^^^^^^^^^^^^^^^^^^^^^^^^^^^^^^^^^^^^^^^^^^^
ConnectionRefusedError: [WinError 10061] No connection could be made because the target machine actively refused it

The above exception was the direct cause of the following exception:

Traceback (most recent call last):
  File "C:\Users\Asus\AppData\Local\Programs\Python\Python314\Mega Downloader\venv\Lib\site-packages\urllib3\connectionpool.py", line 788, in urlopen
    response = self._make_request(
               ^^^^^^^^^^^^^^^^^^^
  File "C:\Users\Asus\AppData\Local\Programs\Python\Python314\Mega Downloader\venv\Lib\site-packages\urllib3\connectionpool.py", line 488, in _make_request
    raise new_e
  File "C:\Users\Asus\AppData\Local\Programs\Python\Python314\Mega Downloader\venv\Lib\site-packages\urllib3\connectionpool.py", line 464, in _make_request
    self._validate_conn(conn)
  File "C:\Users\Asus\AppData\Local\Programs\Python\Python314\Mega Downloader\venv\Lib\site-packages\urllib3\connectionpool.py", line 1106, in _validate_conn
    conn.connect()
  File "C:\Users\Asus\AppData\Local\Programs\Python\Python314\Mega Downloader\venv\Lib\site-packages\urllib3\connection.py", line 759, in connect
    self.sock = sock = self._new_conn()
                       ^^^^^^^^^^^^^^^^
  File "C:\Users\Asus\AppData\Local\Programs\Python\Python314\Mega Downloader\venv\Lib\site-packages\yt_dlp\networking\_requests.py", line 391, in _new_conn
    raise urllib3.exceptions.NewConnectionError(
urllib3.exceptions.NewConnectionError: SocksHTTPSConnection(host='api.telegram.org', port=443): Failed to establish a new connection: [WinError 10061] No connection could be made because the target machine actively refused it

The above exception was the direct cause of the following exception:

Traceback (most recent call last):
  File "C:\Users\Asus\AppData\Local\Programs\Python\Python314\Mega Downloader\venv\Lib\site-packages\requests\adapters.py", line 696, in send
    resp = conn.urlopen(
           ^^^^^^^^^^^^^
  File "C:\Users\Asus\AppData\Local\Programs\Python\Python314\Mega Downloader\venv\Lib\site-packages\urllib3\connectionpool.py", line 842, in urlopen
    retries = retries.increment(
              ^^^^^^^^^^^^^^^^^^
  File "C:\Users\Asus\AppData\Local\Programs\Python\Python314\Mega Downloader\venv\Lib\site-packages\urllib3\util\retry.py", line 543, in increment
    raise MaxRetryError(_pool, url, reason) from reason  # type: ignore[arg-type]
    ^^^^^^^^^^^^^^^^^^^^^^^^^^^^^^^^^^^^^^^^^^^^^^^^^^^
urllib3.exceptions.MaxRetryError: SocksHTTPSConnectionPool(host='api.telegram.org', port=443): Max retries exceeded with url: /bot8893611617:***********************************/getMe (Caused by NewConnectionError("SocksHTTPSConnection(host='api.telegram.org', port=443): Failed to establish a new connection: [WinError 10061] No connection could be made because the target machine actively refused it"))

During handling of the above exception, another exception occurred:

Traceback (most recent call last):
  File "C:\Users\Asus\AppData\Local\Programs\Python\Python314\Mega Downloader\venv\Lib\site-packages\telebot\__init__.py", line 1136, in infinity_polling
    self.polling(non_stop=True, timeout=timeout, long_polling_timeout=long_polling_timeout,
  File "C:\Users\Asus\AppData\Local\Programs\Python\Python314\Mega Downloader\venv\Lib\site-packages\telebot\__init__.py", line 1221, in polling
    logger.info('Starting your bot with username: [@%s]', self.user.username)
                                                          ^^^^^^^^^
  File "C:\Users\Asus\AppData\Local\Programs\Python\Python314\Mega Downloader\venv\Lib\site-packages\telebot\__init__.py", line 308, in user
    self._user = self.get_me()
                 ^^^^^^^^^^^^^
  File "C:\Users\Asus\AppData\Local\Programs\Python\Python314\Mega Downloader\venv\Lib\site-packages\telebot\__init__.py", line 1408, in get_me
    apihelper.get_me(self.token)
  File "C:\Users\Asus\AppData\Local\Programs\Python\Python314\Mega Downloader\venv\Lib\site-packages\telebot\apihelper.py", line 204, in get_me
    return _make_request(token, method_url)
           ^^^^^^^^^^^^^^^^^^^^^^^^^^^^^^^^
  File "C:\Users\Asus\AppData\Local\Programs\Python\Python314\Mega Downloader\venv\Lib\site-packages\telebot\apihelper.py", line 162, in _make_request
    result = _get_req_session().request(
             ^^^^^^^^^^^^^^^^^^^^^^^^^^^
  File "C:\Users\Asus\AppData\Local\Programs\Python\Python314\Mega Downloader\venv\Lib\site-packages\requests\sessions.py", line 651, in request
    resp = self.send(prep, **send_kwargs)
           ^^^^^^^^^^^^^^^^^^^^^^^^^^^^^^
  File "C:\Users\Asus\AppData\Local\Programs\Python\Python314\Mega Downloader\venv\Lib\site-packages\requests\sessions.py", line 784, in send
    r = adapter.send(request, **kwargs)
        ^^^^^^^^^^^^^^^^^^^^^^^^^^^^^^^
  File "C:\Users\Asus\AppData\Local\Programs\Python\Python314\Mega Downloader\venv\Lib\site-packages\requests\adapters.py", line 729, in send
    raise ConnectionError(e, request=request)
requests.exceptions.ConnectionError: SocksHTTPSConnectionPool(host='api.telegram.org', port=443): Max retries exceeded with url: /bot8893611617:***********************************/getMe (Caused by NewConnectionError("SocksHTTPSConnection(host='api.telegram.org', port=443): Failed to establish a new connection: [WinError 10061] No connection could be made because the target machine actively refused it"))

2026-07-10 12:05:39,098 [ERROR] TeleBot: Exception traceback:
Traceback (most recent call last):
  File "C:\Users\Asus\AppData\Local\Programs\Python\Python314\Mega Downloader\venv\Lib\site-packages\yt_dlp\networking\_requests.py", line 379, in _new_conn
    return create_connection(
           ^^^^^^^^^^^^^^^^^^
  File "C:\Users\Asus\AppData\Local\Programs\Python\Python314\Mega Downloader\venv\Lib\site-packages\yt_dlp\networking\_helper.py", line 269, in create_connection
    raise err
  File "C:\Users\Asus\AppData\Local\Programs\Python\Python314\Mega Downloader\venv\Lib\site-packages\yt_dlp\networking\_helper.py", line 260, in create_connection
    sock = _create_socket_func(ip_addr, timeout, source_address)
           ^^^^^^^^^^^^^^^^^^^^^^^^^^^^^^^^^^^^^^^^^^^^^^^^^^^^^
  File "C:\Users\Asus\AppData\Local\Programs\Python\Python314\Mega Downloader\venv\Lib\site-packages\yt_dlp\networking\_helper.py", line 228, in create_socks_proxy_socket
    sock.connect(dest_addr)
  File "C:\Users\Asus\AppData\Local\Programs\Python\Python314\Mega Downloader\venv\Lib\site-packages\yt_dlp\socks.py", line 271, in connect
    self._make_proxy(socket.socket.connect, address)
  File "C:\Users\Asus\AppData\Local\Programs\Python\Python314\Mega Downloader\venv\Lib\site-packages\yt_dlp\socks.py", line 259, in _make_proxy
    result = connect_func(self, (self._proxy.host, self._proxy.port))
             ^^^^^^^^^^^^^^^^^^^^^^^^^^^^^^^^^^^^^^^^^^^^^^^^^^^^^^^^
ConnectionRefusedError: [WinError 10061] No connection could be made because the target machine actively refused it

The above exception was the direct cause of the following exception:

Traceback (most recent call last):
  File "C:\Users\Asus\AppData\Local\Programs\Python\Python314\Mega Downloader\venv\Lib\site-packages\urllib3\connectionpool.py", line 788, in urlopen
    response = self._make_request(
               ^^^^^^^^^^^^^^^^^^^
  File "C:\Users\Asus\AppData\Local\Programs\Python\Python314\Mega Downloader\venv\Lib\site-packages\urllib3\connectionpool.py", line 488, in _make_request
    raise new_e
  File "C:\Users\Asus\AppData\Local\Programs\Python\Python314\Mega Downloader\venv\Lib\site-packages\urllib3\connectionpool.py", line 464, in _make_request
    self._validate_conn(conn)
  File "C:\Users\Asus\AppData\Local\Programs\Python\Python314\Mega Downloader\venv\Lib\site-packages\urllib3\connectionpool.py", line 1106, in _validate_conn
    conn.connect()
  File "C:\Users\Asus\AppData\Local\Programs\Python\Python314\Mega Downloader\venv\Lib\site-packages\urllib3\connection.py", line 759, in connect
    self.sock = sock = self._new_conn()
                       ^^^^^^^^^^^^^^^^
  File "C:\Users\Asus\AppData\Local\Programs\Python\Python314\Mega Downloader\venv\Lib\site-packages\yt_dlp\networking\_requests.py", line 391, in _new_conn
    raise urllib3.exceptions.NewConnectionError(
urllib3.exceptions.NewConnectionError: SocksHTTPSConnection(host='api.telegram.org', port=443): Failed to establish a new connection: [WinError 10061] No connection could be made because the target machine actively refused it

The above exception was the direct cause of the following exception:

Traceback (most recent call last):
  File "C:\Users\Asus\AppData\Local\Programs\Python\Python314\Mega Downloader\venv\Lib\site-packages\requests\adapters.py", line 696, in send
    resp = conn.urlopen(
           ^^^^^^^^^^^^^
  File "C:\Users\Asus\AppData\Local\Programs\Python\Python314\Mega Downloader\venv\Lib\site-packages\urllib3\connectionpool.py", line 842, in urlopen
    retries = retries.increment(
              ^^^^^^^^^^^^^^^^^^
  File "C:\Users\Asus\AppData\Local\Programs\Python\Python314\Mega Downloader\venv\Lib\site-packages\urllib3\util\retry.py", line 543, in increment
    raise MaxRetryError(_pool, url, reason) from reason  # type: ignore[arg-type]
    ^^^^^^^^^^^^^^^^^^^^^^^^^^^^^^^^^^^^^^^^^^^^^^^^^^^
urllib3.exceptions.MaxRetryError: SocksHTTPSConnectionPool(host='api.telegram.org', port=443): Max retries exceeded with url: /bot8893611617:***********************************/getMe (Caused by NewConnectionError("SocksHTTPSConnection(host='api.telegram.org', port=443): Failed to establish a new connection: [WinError 10061] No connection could be made because the target machine actively refused it"))

During handling of the above exception, another exception occurred:

Traceback (most recent call last):
  File "C:\Users\Asus\AppData\Local\Programs\Python\Python314\Mega Downloader\venv\Lib\site-packages\telebot\__init__.py", line 1136, in infinity_polling
    self.polling(non_stop=True, timeout=timeout, long_polling_timeout=long_polling_timeout,
  File "C:\Users\Asus\AppData\Local\Programs\Python\Python314\Mega Downloader\venv\Lib\site-packages\telebot\__init__.py", line 1221, in polling
    logger.info('Starting your bot with username: [@%s]', self.user.username)
                                                          ^^^^^^^^^
  File "C:\Users\Asus\AppData\Local\Programs\Python\Python314\Mega Downloader\venv\Lib\site-packages\telebot\__init__.py", line 308, in user
    self._user = self.get_me()
                 ^^^^^^^^^^^^^
  File "C:\Users\Asus\AppData\Local\Programs\Python\Python314\Mega Downloader\venv\Lib\site-packages\telebot\__init__.py", line 1408, in get_me
    apihelper.get_me(self.token)
  File "C:\Users\Asus\AppData\Local\Programs\Python\Python314\Mega Downloader\venv\Lib\site-packages\telebot\apihelper.py", line 204, in get_me
    return _make_request(token, method_url)
           ^^^^^^^^^^^^^^^^^^^^^^^^^^^^^^^^
  File "C:\Users\Asus\AppData\Local\Programs\Python\Python314\Mega Downloader\venv\Lib\site-packages\telebot\apihelper.py", line 162, in _make_request
    result = _get_req_session().request(
             ^^^^^^^^^^^^^^^^^^^^^^^^^^^
  File "C:\Users\Asus\AppData\Local\Programs\Python\Python314\Mega Downloader\venv\Lib\site-packages\requests\sessions.py", line 651, in request
    resp = self.send(prep, **send_kwargs)
           ^^^^^^^^^^^^^^^^^^^^^^^^^^^^^^
  File "C:\Users\Asus\AppData\Local\Programs\Python\Python314\Mega Downloader\venv\Lib\site-packages\requests\sessions.py", line 784, in send
    r = adapter.send(request, **kwargs)
        ^^^^^^^^^^^^^^^^^^^^^^^^^^^^^^^
  File "C:\Users\Asus\AppData\Local\Programs\Python\Python314\Mega Downloader\venv\Lib\site-packages\requests\adapters.py", line 729, in send
    raise ConnectionError(e, request=request)
requests.exceptions.ConnectionError: SocksHTTPSConnectionPool(host='api.telegram.org', port=443): Max retries exceeded with url: /bot8893611617:***********************************/getMe (Caused by NewConnectionError("SocksHTTPSConnection(host='api.telegram.org', port=443): Failed to establish a new connection: [WinError 10061] No connection could be made because the target machine actively refused it"))

2026-07-10 12:05:44,137 [ERROR] TeleBot: Exception traceback:
Traceback (most recent call last):
  File "C:\Users\Asus\AppData\Local\Programs\Python\Python314\Mega Downloader\venv\Lib\site-packages\yt_dlp\networking\_requests.py", line 379, in _new_conn
    return create_connection(
           ^^^^^^^^^^^^^^^^^^
  File "C:\Users\Asus\AppData\Local\Programs\Python\Python314\Mega Downloader\venv\Lib\site-packages\yt_dlp\networking\_helper.py", line 269, in create_connection
    raise err
  File "C:\Users\Asus\AppData\Local\Programs\Python\Python314\Mega Downloader\venv\Lib\site-packages\yt_dlp\networking\_helper.py", line 260, in create_connection
    sock = _create_socket_func(ip_addr, timeout, source_address)
           ^^^^^^^^^^^^^^^^^^^^^^^^^^^^^^^^^^^^^^^^^^^^^^^^^^^^^
  File "C:\Users\Asus\AppData\Local\Programs\Python\Python314\Mega Downloader\venv\Lib\site-packages\yt_dlp\networking\_helper.py", line 228, in create_socks_proxy_socket
    sock.connect(dest_addr)
  File "C:\Users\Asus\AppData\Local\Programs\Python\Python314\Mega Downloader\venv\Lib\site-packages\yt_dlp\socks.py", line 271, in connect
    self._make_proxy(socket.socket.connect, address)
  File "C:\Users\Asus\AppData\Local\Programs\Python\Python314\Mega Downloader\venv\Lib\site-packages\yt_dlp\socks.py", line 259, in _make_proxy
    result = connect_func(self, (self._proxy.host, self._proxy.port))
             ^^^^^^^^^^^^^^^^^^^^^^^^^^^^^^^^^^^^^^^^^^^^^^^^^^^^^^^^
ConnectionRefusedError: [WinError 10061] No connection could be made because the target machine actively refused it

The above exception was the direct cause of the following exception:

Traceback (most recent call last):
  File "C:\Users\Asus\AppData\Local\Programs\Python\Python314\Mega Downloader\venv\Lib\site-packages\urllib3\connectionpool.py", line 788, in urlopen
    response = self._make_request(
               ^^^^^^^^^^^^^^^^^^^
  File "C:\Users\Asus\AppData\Local\Programs\Python\Python314\Mega Downloader\venv\Lib\site-packages\urllib3\connectionpool.py", line 488, in _make_request
    raise new_e
  File "C:\Users\Asus\AppData\Local\Programs\Python\Python314\Mega Downloader\venv\Lib\site-packages\urllib3\connectionpool.py", line 464, in _make_request
    self._validate_conn(conn)
  File "C:\Users\Asus\AppData\Local\Programs\Python\Python314\Mega Downloader\venv\Lib\site-packages\urllib3\connectionpool.py", line 1106, in _validate_conn
    conn.connect()
  File "C:\Users\Asus\AppData\Local\Programs\Python\Python314\Mega Downloader\venv\Lib\site-packages\urllib3\connection.py", line 759, in connect
    self.sock = sock = self._new_conn()
                       ^^^^^^^^^^^^^^^^
  File "C:\Users\Asus\AppData\Local\Programs\Python\Python314\Mega Downloader\venv\Lib\site-packages\yt_dlp\networking\_requests.py", line 391, in _new_conn
    raise urllib3.exceptions.NewConnectionError(
urllib3.exceptions.NewConnectionError: SocksHTTPSConnection(host='api.telegram.org', port=443): Failed to establish a new connection: [WinError 10061] No connection could be made because the target machine actively refused it

The above exception was the direct cause of the following exception:

Traceback (most recent call last):
  File "C:\Users\Asus\AppData\Local\Programs\Python\Python314\Mega Downloader\venv\Lib\site-packages\requests\adapters.py", line 696, in send
    resp = conn.urlopen(
           ^^^^^^^^^^^^^
  File "C:\Users\Asus\AppData\Local\Programs\Python\Python314\Mega Downloader\venv\Lib\site-packages\urllib3\connectionpool.py", line 842, in urlopen
    retries = retries.increment(
              ^^^^^^^^^^^^^^^^^^
  File "C:\Users\Asus\AppData\Local\Programs\Python\Python314\Mega Downloader\venv\Lib\site-packages\urllib3\util\retry.py", line 543, in increment
    raise MaxRetryError(_pool, url, reason) from reason  # type: ignore[arg-type]
    ^^^^^^^^^^^^^^^^^^^^^^^^^^^^^^^^^^^^^^^^^^^^^^^^^^^
urllib3.exceptions.MaxRetryError: SocksHTTPSConnectionPool(host='api.telegram.org', port=443): Max retries exceeded with url: /bot8893611617:***********************************/getMe (Caused by NewConnectionError("SocksHTTPSConnection(host='api.telegram.org', port=443): Failed to establish a new connection: [WinError 10061] No connection could be made because the target machine actively refused it"))

During handling of the above exception, another exception occurred:

Traceback (most recent call last):
  File "C:\Users\Asus\AppData\Local\Programs\Python\Python314\Mega Downloader\venv\Lib\site-packages\telebot\__init__.py", line 1136, in infinity_polling
    self.polling(non_stop=True, timeout=timeout, long_polling_timeout=long_polling_timeout,
  File "C:\Users\Asus\AppData\Local\Programs\Python\Python314\Mega Downloader\venv\Lib\site-packages\telebot\__init__.py", line 1221, in polling
    logger.info('Starting your bot with username: [@%s]', self.user.username)
                                                          ^^^^^^^^^
  File "C:\Users\Asus\AppData\Local\Programs\Python\Python314\Mega Downloader\venv\Lib\site-packages\telebot\__init__.py", line 308, in user
    self._user = self.get_me()
                 ^^^^^^^^^^^^^
  File "C:\Users\Asus\AppData\Local\Programs\Python\Python314\Mega Downloader\venv\Lib\site-packages\telebot\__init__.py", line 1408, in get_me
    apihelper.get_me(self.token)
  File "C:\Users\Asus\AppData\Local\Programs\Python\Python314\Mega Downloader\venv\Lib\site-packages\telebot\apihelper.py", line 204, in get_me
    return _make_request(token, method_url)
           ^^^^^^^^^^^^^^^^^^^^^^^^^^^^^^^^
  File "C:\Users\Asus\AppData\Local\Programs\Python\Python314\Mega Downloader\venv\Lib\site-packages\telebot\apihelper.py", line 162, in _make_request
    result = _get_req_session().request(
             ^^^^^^^^^^^^^^^^^^^^^^^^^^^
  File "C:\Users\Asus\AppData\Local\Programs\Python\Python314\Mega Downloader\venv\Lib\site-packages\requests\sessions.py", line 651, in request
    resp = self.send(prep, **send_kwargs)
           ^^^^^^^^^^^^^^^^^^^^^^^^^^^^^^
  File "C:\Users\Asus\AppData\Local\Programs\Python\Python314\Mega Downloader\venv\Lib\site-packages\requests\sessions.py", line 784, in send
    r = adapter.send(request, **kwargs)
        ^^^^^^^^^^^^^^^^^^^^^^^^^^^^^^^
  File "C:\Users\Asus\AppData\Local\Programs\Python\Python314\Mega Downloader\venv\Lib\site-packages\requests\adapters.py", line 729, in send
    raise ConnectionError(e, request=request)
requests.exceptions.ConnectionError: SocksHTTPSConnectionPool(host='api.telegram.org', port=443): Max retries exceeded with url: /bot8893611617:***********************************/getMe (Caused by NewConnectionError("SocksHTTPSConnection(host='api.telegram.org', port=443): Failed to establish a new connection: [WinError 10061] No connection could be made because the target machine actively refused it"))

2026-07-10 12:05:49,186 [ERROR] TeleBot: Exception traceback:
Traceback (most recent call last):
  File "C:\Users\Asus\AppData\Local\Programs\Python\Python314\Mega Downloader\venv\Lib\site-packages\yt_dlp\networking\_requests.py", line 379, in _new_conn
    return create_connection(
           ^^^^^^^^^^^^^^^^^^
  File "C:\Users\Asus\AppData\Local\Programs\Python\Python314\Mega Downloader\venv\Lib\site-packages\yt_dlp\networking\_helper.py", line 269, in create_connection
    raise err
  File "C:\Users\Asus\AppData\Local\Programs\Python\Python314\Mega Downloader\venv\Lib\site-packages\yt_dlp\networking\_helper.py", line 260, in create_connection
    sock = _create_socket_func(ip_addr, timeout, source_address)
           ^^^^^^^^^^^^^^^^^^^^^^^^^^^^^^^^^^^^^^^^^^^^^^^^^^^^^
  File "C:\Users\Asus\AppData\Local\Programs\Python\Python314\Mega Downloader\venv\Lib\site-packages\yt_dlp\networking\_helper.py", line 228, in create_socks_proxy_socket
    sock.connect(dest_addr)
  File "C:\Users\Asus\AppData\Local\Programs\Python\Python314\Mega Downloader\venv\Lib\site-packages\yt_dlp\socks.py", line 271, in connect
    self._make_proxy(socket.socket.connect, address)
  File "C:\Users\Asus\AppData\Local\Programs\Python\Python314\Mega Downloader\venv\Lib\site-packages\yt_dlp\socks.py", line 259, in _make_proxy
    result = connect_func(self, (self._proxy.host, self._proxy.port))
             ^^^^^^^^^^^^^^^^^^^^^^^^^^^^^^^^^^^^^^^^^^^^^^^^^^^^^^^^
ConnectionRefusedError: [WinError 10061] No connection could be made because the target machine actively refused it

The above exception was the direct cause of the following exception:

Traceback (most recent call last):
  File "C:\Users\Asus\AppData\Local\Programs\Python\Python314\Mega Downloader\venv\Lib\site-packages\urllib3\connectionpool.py", line 788, in urlopen
    response = self._make_request(
               ^^^^^^^^^^^^^^^^^^^
  File "C:\Users\Asus\AppData\Local\Programs\Python\Python314\Mega Downloader\venv\Lib\site-packages\urllib3\connectionpool.py", line 488, in _make_request
    raise new_e
  File "C:\Users\Asus\AppData\Local\Programs\Python\Python314\Mega Downloader\venv\Lib\site-packages\urllib3\connectionpool.py", line 464, in _make_request
    self._validate_conn(conn)
  File "C:\Users\Asus\AppData\Local\Programs\Python\Python314\Mega Downloader\venv\Lib\site-packages\urllib3\connectionpool.py", line 1106, in _validate_conn
    conn.connect()
  File "C:\Users\Asus\AppData\Local\Programs\Python\Python314\Mega Downloader\venv\Lib\site-packages\urllib3\connection.py", line 759, in connect
    self.sock = sock = self._new_conn()
                       ^^^^^^^^^^^^^^^^
  File "C:\Users\Asus\AppData\Local\Programs\Python\Python314\Mega Downloader\venv\Lib\site-packages\yt_dlp\networking\_requests.py", line 391, in _new_conn
    raise urllib3.exceptions.NewConnectionError(
urllib3.exceptions.NewConnectionError: SocksHTTPSConnection(host='api.telegram.org', port=443): Failed to establish a new connection: [WinError 10061] No connection could be made because the target machine actively refused it

The above exception was the direct cause of the following exception:

Traceback (most recent call last):
  File "C:\Users\Asus\AppData\Local\Programs\Python\Python314\Mega Downloader\venv\Lib\site-packages\requests\adapters.py", line 696, in send
    resp = conn.urlopen(
           ^^^^^^^^^^^^^
  File "C:\Users\Asus\AppData\Local\Programs\Python\Python314\Mega Downloader\venv\Lib\site-packages\urllib3\connectionpool.py", line 842, in urlopen
    retries = retries.increment(
              ^^^^^^^^^^^^^^^^^^
  File "C:\Users\Asus\AppData\Local\Programs\Python\Python314\Mega Downloader\venv\Lib\site-packages\urllib3\util\retry.py", line 543, in increment
    raise MaxRetryError(_pool, url, reason) from reason  # type: ignore[arg-type]
    ^^^^^^^^^^^^^^^^^^^^^^^^^^^^^^^^^^^^^^^^^^^^^^^^^^^
urllib3.exceptions.MaxRetryError: SocksHTTPSConnectionPool(host='api.telegram.org', port=443): Max retries exceeded with url: /bot8893611617:***********************************/getMe (Caused by NewConnectionError("SocksHTTPSConnection(host='api.telegram.org', port=443): Failed to establish a new connection: [WinError 10061] No connection could be made because the target machine actively refused it"))

During handling of the above exception, another exception occurred:

Traceback (most recent call last):
  File "C:\Users\Asus\AppData\Local\Programs\Python\Python314\Mega Downloader\venv\Lib\site-packages\telebot\__init__.py", line 1136, in infinity_polling
    self.polling(non_stop=True, timeout=timeout, long_polling_timeout=long_polling_timeout,
  File "C:\Users\Asus\AppData\Local\Programs\Python\Python314\Mega Downloader\venv\Lib\site-packages\telebot\__init__.py", line 1221, in polling
    logger.info('Starting your bot with username: [@%s]', self.user.username)
                                                          ^^^^^^^^^
  File "C:\Users\Asus\AppData\Local\Programs\Python\Python314\Mega Downloader\venv\Lib\site-packages\telebot\__init__.py", line 308, in user
    self._user = self.get_me()
                 ^^^^^^^^^^^^^
  File "C:\Users\Asus\AppData\Local\Programs\Python\Python314\Mega Downloader\venv\Lib\site-packages\telebot\__init__.py", line 1408, in get_me
    apihelper.get_me(self.token)
  File "C:\Users\Asus\AppData\Local\Programs\Python\Python314\Mega Downloader\venv\Lib\site-packages\telebot\apihelper.py", line 204, in get_me
    return _make_request(token, method_url)
           ^^^^^^^^^^^^^^^^^^^^^^^^^^^^^^^^
  File "C:\Users\Asus\AppData\Local\Programs\Python\Python314\Mega Downloader\venv\Lib\site-packages\telebot\apihelper.py", line 162, in _make_request
    result = _get_req_session().request(
             ^^^^^^^^^^^^^^^^^^^^^^^^^^^
  File "C:\Users\Asus\AppData\Local\Programs\Python\Python314\Mega Downloader\venv\Lib\site-packages\requests\sessions.py", line 651, in request
    resp = self.send(prep, **send_kwargs)
           ^^^^^^^^^^^^^^^^^^^^^^^^^^^^^^
  File "C:\Users\Asus\AppData\Local\Programs\Python\Python314\Mega Downloader\venv\Lib\site-packages\requests\sessions.py", line 784, in send
    r = adapter.send(request, **kwargs)
        ^^^^^^^^^^^^^^^^^^^^^^^^^^^^^^^
  File "C:\Users\Asus\AppData\Local\Programs\Python\Python314\Mega Downloader\venv\Lib\site-packages\requests\adapters.py", line 729, in send
    raise ConnectionError(e, request=request)
requests.exceptions.ConnectionError: SocksHTTPSConnectionPool(host='api.telegram.org', port=443): Max retries exceeded with url: /bot8893611617:***********************************/getMe (Caused by NewConnectionError("SocksHTTPSConnection(host='api.telegram.org', port=443): Failed to establish a new connection: [WinError 10061] No connection could be made because the target machine actively refused it"))

2026-07-10 12:05:54,229 [ERROR] TeleBot: Exception traceback:
Traceback (most recent call last):
  File "C:\Users\Asus\AppData\Local\Programs\Python\Python314\Mega Downloader\venv\Lib\site-packages\yt_dlp\networking\_requests.py", line 379, in _new_conn
    return create_connection(
           ^^^^^^^^^^^^^^^^^^
  File "C:\Users\Asus\AppData\Local\Programs\Python\Python314\Mega Downloader\venv\Lib\site-packages\yt_dlp\networking\_helper.py", line 269, in create_connection
    raise err
  File "C:\Users\Asus\AppData\Local\Programs\Python\Python314\Mega Downloader\venv\Lib\site-packages\yt_dlp\networking\_helper.py", line 260, in create_connection
    sock = _create_socket_func(ip_addr, timeout, source_address)
           ^^^^^^^^^^^^^^^^^^^^^^^^^^^^^^^^^^^^^^^^^^^^^^^^^^^^^
  File "C:\Users\Asus\AppData\Local\Programs\Python\Python314\Mega Downloader\venv\Lib\site-packages\yt_dlp\networking\_helper.py", line 228, in create_socks_proxy_socket
    sock.connect(dest_addr)
  File "C:\Users\Asus\AppData\Local\Programs\Python\Python314\Mega Downloader\venv\Lib\site-packages\yt_dlp\socks.py", line 271, in connect
    self._make_proxy(socket.socket.connect, address)
  File "C:\Users\Asus\AppData\Local\Programs\Python\Python314\Mega Downloader\venv\Lib\site-packages\yt_dlp\socks.py", line 259, in _make_proxy
    result = connect_func(self, (self._proxy.host, self._proxy.port))
             ^^^^^^^^^^^^^^^^^^^^^^^^^^^^^^^^^^^^^^^^^^^^^^^^^^^^^^^^
ConnectionRefusedError: [WinError 10061] No connection could be made because the target machine actively refused it

The above exception was the direct cause of the following exception:

Traceback (most recent call last):
  File "C:\Users\Asus\AppData\Local\Programs\Python\Python314\Mega Downloader\venv\Lib\site-packages\urllib3\connectionpool.py", line 788, in urlopen
    response = self._make_request(
               ^^^^^^^^^^^^^^^^^^^
  File "C:\Users\Asus\AppData\Local\Programs\Python\Python314\Mega Downloader\venv\Lib\site-packages\urllib3\connectionpool.py", line 488, in _make_request
    raise new_e
  File "C:\Users\Asus\AppData\Local\Programs\Python\Python314\Mega Downloader\venv\Lib\site-packages\urllib3\connectionpool.py", line 464, in _make_request
    self._validate_conn(conn)
  File "C:\Users\Asus\AppData\Local\Programs\Python\Python314\Mega Downloader\venv\Lib\site-packages\urllib3\connectionpool.py", line 1106, in _validate_conn
    conn.connect()
  File "C:\Users\Asus\AppData\Local\Programs\Python\Python314\Mega Downloader\venv\Lib\site-packages\urllib3\connection.py", line 759, in connect
    self.sock = sock = self._new_conn()
                       ^^^^^^^^^^^^^^^^
  File "C:\Users\Asus\AppData\Local\Programs\Python\Python314\Mega Downloader\venv\Lib\site-packages\yt_dlp\networking\_requests.py", line 391, in _new_conn
    raise urllib3.exceptions.NewConnectionError(
urllib3.exceptions.NewConnectionError: SocksHTTPSConnection(host='api.telegram.org', port=443): Failed to establish a new connection: [WinError 10061] No connection could be made because the target machine actively refused it

The above exception was the direct cause of the following exception:

Traceback (most recent call last):
  File "C:\Users\Asus\AppData\Local\Programs\Python\Python314\Mega Downloader\venv\Lib\site-packages\requests\adapters.py", line 696, in send
    resp = conn.urlopen(
           ^^^^^^^^^^^^^
  File "C:\Users\Asus\AppData\Local\Programs\Python\Python314\Mega Downloader\venv\Lib\site-packages\urllib3\connectionpool.py", line 842, in urlopen
    retries = retries.increment(
              ^^^^^^^^^^^^^^^^^^
  File "C:\Users\Asus\AppData\Local\Programs\Python\Python314\Mega Downloader\venv\Lib\site-packages\urllib3\util\retry.py", line 543, in increment
    raise MaxRetryError(_pool, url, reason) from reason  # type: ignore[arg-type]
    ^^^^^^^^^^^^^^^^^^^^^^^^^^^^^^^^^^^^^^^^^^^^^^^^^^^
urllib3.exceptions.MaxRetryError: SocksHTTPSConnectionPool(host='api.telegram.org', port=443): Max retries exceeded with url: /bot8893611617:***********************************/getMe (Caused by NewConnectionError("SocksHTTPSConnection(host='api.telegram.org', port=443): Failed to establish a new connection: [WinError 10061] No connection could be made because the target machine actively refused it"))

During handling of the above exception, another exception occurred:

Traceback (most recent call last):
  File "C:\Users\Asus\AppData\Local\Programs\Python\Python314\Mega Downloader\venv\Lib\site-packages\telebot\__init__.py", line 1136, in infinity_polling
    self.polling(non_stop=True, timeout=timeout, long_polling_timeout=long_polling_timeout,
  File "C:\Users\Asus\AppData\Local\Programs\Python\Python314\Mega Downloader\venv\Lib\site-packages\telebot\__init__.py", line 1221, in polling
    logger.info('Starting your bot with username: [@%s]', self.user.username)
                                                          ^^^^^^^^^
  File "C:\Users\Asus\AppData\Local\Programs\Python\Python314\Mega Downloader\venv\Lib\site-packages\telebot\__init__.py", line 308, in user
    self._user = self.get_me()
                 ^^^^^^^^^^^^^
  File "C:\Users\Asus\AppData\Local\Programs\Python\Python314\Mega Downloader\venv\Lib\site-packages\telebot\__init__.py", line 1408, in get_me
    apihelper.get_me(self.token)
  File "C:\Users\Asus\AppData\Local\Programs\Python\Python314\Mega Downloader\venv\Lib\site-packages\telebot\apihelper.py", line 204, in get_me
    return _make_request(token, method_url)
           ^^^^^^^^^^^^^^^^^^^^^^^^^^^^^^^^
  File "C:\Users\Asus\AppData\Local\Programs\Python\Python314\Mega Downloader\venv\Lib\site-packages\telebot\apihelper.py", line 162, in _make_request
    result = _get_req_session().request(
             ^^^^^^^^^^^^^^^^^^^^^^^^^^^
  File "C:\Users\Asus\AppData\Local\Programs\Python\Python314\Mega Downloader\venv\Lib\site-packages\requests\sessions.py", line 651, in request
    resp = self.send(prep, **send_kwargs)
           ^^^^^^^^^^^^^^^^^^^^^^^^^^^^^^
  File "C:\Users\Asus\AppData\Local\Programs\Python\Python314\Mega Downloader\venv\Lib\site-packages\requests\sessions.py", line 784, in send
    r = adapter.send(request, **kwargs)
        ^^^^^^^^^^^^^^^^^^^^^^^^^^^^^^^
  File "C:\Users\Asus\AppData\Local\Programs\Python\Python314\Mega Downloader\venv\Lib\site-packages\requests\adapters.py", line 729, in send
    raise ConnectionError(e, request=request)
requests.exceptions.ConnectionError: SocksHTTPSConnectionPool(host='api.telegram.org', port=443): Max retries exceeded with url: /bot8893611617:***********************************/getMe (Caused by NewConnectionError("SocksHTTPSConnection(host='api.telegram.org', port=443): Failed to establish a new connection: [WinError 10061] No connection could be made because the target machine actively refused it"))

2026-07-10 12:05:59,272 [ERROR] TeleBot: Exception traceback:
Traceback (most recent call last):
  File "C:\Users\Asus\AppData\Local\Programs\Python\Python314\Mega Downloader\venv\Lib\site-packages\yt_dlp\networking\_requests.py", line 379, in _new_conn
    return create_connection(
           ^^^^^^^^^^^^^^^^^^
  File "C:\Users\Asus\AppData\Local\Programs\Python\Python314\Mega Downloader\venv\Lib\site-packages\yt_dlp\networking\_helper.py", line 269, in create_connection
    raise err
  File "C:\Users\Asus\AppData\Local\Programs\Python\Python314\Mega Downloader\venv\Lib\site-packages\yt_dlp\networking\_helper.py", line 260, in create_connection
    sock = _create_socket_func(ip_addr, timeout, source_address)
           ^^^^^^^^^^^^^^^^^^^^^^^^^^^^^^^^^^^^^^^^^^^^^^^^^^^^^
  File "C:\Users\Asus\AppData\Local\Programs\Python\Python314\Mega Downloader\venv\Lib\site-packages\yt_dlp\networking\_helper.py", line 228, in create_socks_proxy_socket
    sock.connect(dest_addr)
  File "C:\Users\Asus\AppData\Local\Programs\Python\Python314\Mega Downloader\venv\Lib\site-packages\yt_dlp\socks.py", line 271, in connect
    self._make_proxy(socket.socket.connect, address)
  File "C:\Users\Asus\AppData\Local\Programs\Python\Python314\Mega Downloader\venv\Lib\site-packages\yt_dlp\socks.py", line 259, in _make_proxy
    result = connect_func(self, (self._proxy.host, self._proxy.port))
             ^^^^^^^^^^^^^^^^^^^^^^^^^^^^^^^^^^^^^^^^^^^^^^^^^^^^^^^^
ConnectionRefusedError: [WinError 10061] No connection could be made because the target machine actively refused it

The above exception was the direct cause of the following exception:

Traceback (most recent call last):
  File "C:\Users\Asus\AppData\Local\Programs\Python\Python314\Mega Downloader\venv\Lib\site-packages\urllib3\connectionpool.py", line 788, in urlopen
    response = self._make_request(
               ^^^^^^^^^^^^^^^^^^^
  File "C:\Users\Asus\AppData\Local\Programs\Python\Python314\Mega Downloader\venv\Lib\site-packages\urllib3\connectionpool.py", line 488, in _make_request
    raise new_e
  File "C:\Users\Asus\AppData\Local\Programs\Python\Python314\Mega Downloader\venv\Lib\site-packages\urllib3\connectionpool.py", line 464, in _make_request
    self._validate_conn(conn)
  File "C:\Users\Asus\AppData\Local\Programs\Python\Python314\Mega Downloader\venv\Lib\site-packages\urllib3\connectionpool.py", line 1106, in _validate_conn
    conn.connect()
  File "C:\Users\Asus\AppData\Local\Programs\Python\Python314\Mega Downloader\venv\Lib\site-packages\urllib3\connection.py", line 759, in connect
    self.sock = sock = self._new_conn()
                       ^^^^^^^^^^^^^^^^
  File "C:\Users\Asus\AppData\Local\Programs\Python\Python314\Mega Downloader\venv\Lib\site-packages\yt_dlp\networking\_requests.py", line 391, in _new_conn
    raise urllib3.exceptions.NewConnectionError(
urllib3.exceptions.NewConnectionError: SocksHTTPSConnection(host='api.telegram.org', port=443): Failed to establish a new connection: [WinError 10061] No connection could be made because the target machine actively refused it

The above exception was the direct cause of the following exception:

Traceback (most recent call last):
  File "C:\Users\Asus\AppData\Local\Programs\Python\Python314\Mega Downloader\venv\Lib\site-packages\requests\adapters.py", line 696, in send
    resp = conn.urlopen(
           ^^^^^^^^^^^^^
  File "C:\Users\Asus\AppData\Local\Programs\Python\Python314\Mega Downloader\venv\Lib\site-packages\urllib3\connectionpool.py", line 842, in urlopen
    retries = retries.increment(
              ^^^^^^^^^^^^^^^^^^
  File "C:\Users\Asus\AppData\Local\Programs\Python\Python314\Mega Downloader\venv\Lib\site-packages\urllib3\util\retry.py", line 543, in increment
    raise MaxRetryError(_pool, url, reason) from reason  # type: ignore[arg-type]
    ^^^^^^^^^^^^^^^^^^^^^^^^^^^^^^^^^^^^^^^^^^^^^^^^^^^
urllib3.exceptions.MaxRetryError: SocksHTTPSConnectionPool(host='api.telegram.org', port=443): Max retries exceeded with url: /bot8893611617:***********************************/getMe (Caused by NewConnectionError("SocksHTTPSConnection(host='api.telegram.org', port=443): Failed to establish a new connection: [WinError 10061] No connection could be made because the target machine actively refused it"))

During handling of the above exception, another exception occurred:

Traceback (most recent call last):
  File "C:\Users\Asus\AppData\Local\Programs\Python\Python314\Mega Downloader\venv\Lib\site-packages\telebot\__init__.py", line 1136, in infinity_polling
    self.polling(non_stop=True, timeout=timeout, long_polling_timeout=long_polling_timeout,
  File "C:\Users\Asus\AppData\Local\Programs\Python\Python314\Mega Downloader\venv\Lib\site-packages\telebot\__init__.py", line 1221, in polling
    logger.info('Starting your bot with username: [@%s]', self.user.username)
                                                          ^^^^^^^^^
  File "C:\Users\Asus\AppData\Local\Programs\Python\Python314\Mega Downloader\venv\Lib\site-packages\telebot\__init__.py", line 308, in user
    self._user = self.get_me()
                 ^^^^^^^^^^^^^
  File "C:\Users\Asus\AppData\Local\Programs\Python\Python314\Mega Downloader\venv\Lib\site-packages\telebot\__init__.py", line 1408, in get_me
    apihelper.get_me(self.token)
  File "C:\Users\Asus\AppData\Local\Programs\Python\Python314\Mega Downloader\venv\Lib\site-packages\telebot\apihelper.py", line 204, in get_me
    return _make_request(token, method_url)
           ^^^^^^^^^^^^^^^^^^^^^^^^^^^^^^^^
  File "C:\Users\Asus\AppData\Local\Programs\Python\Python314\Mega Downloader\venv\Lib\site-packages\telebot\apihelper.py", line 162, in _make_request
    result = _get_req_session().request(
             ^^^^^^^^^^^^^^^^^^^^^^^^^^^
  File "C:\Users\Asus\AppData\Local\Programs\Python\Python314\Mega Downloader\venv\Lib\site-packages\requests\sessions.py", line 651, in request
    resp = self.send(prep, **send_kwargs)
           ^^^^^^^^^^^^^^^^^^^^^^^^^^^^^^
  File "C:\Users\Asus\AppData\Local\Programs\Python\Python314\Mega Downloader\venv\Lib\site-packages\requests\sessions.py", line 784, in send
    r = adapter.send(request, **kwargs)
        ^^^^^^^^^^^^^^^^^^^^^^^^^^^^^^^
  File "C:\Users\Asus\AppData\Local\Programs\Python\Python314\Mega Downloader\venv\Lib\site-packages\requests\adapters.py", line 729, in send
    raise ConnectionError(e, request=request)
requests.exceptions.ConnectionError: SocksHTTPSConnectionPool(host='api.telegram.org', port=443): Max retries exceeded with url: /bot8893611617:***********************************/getMe (Caused by NewConnectionError("SocksHTTPSConnection(host='api.telegram.org', port=443): Failed to establish a new connection: [WinError 10061] No connection could be made because the target machine actively refused it"))

2026-07-10 12:06:04,317 [ERROR] TeleBot: Exception traceback:
Traceback (most recent call last):
  File "C:\Users\Asus\AppData\Local\Programs\Python\Python314\Mega Downloader\venv\Lib\site-packages\yt_dlp\networking\_requests.py", line 379, in _new_conn
    return create_connection(
           ^^^^^^^^^^^^^^^^^^
  File "C:\Users\Asus\AppData\Local\Programs\Python\Python314\Mega Downloader\venv\Lib\site-packages\yt_dlp\networking\_helper.py", line 269, in create_connection
    raise err
  File "C:\Users\Asus\AppData\Local\Programs\Python\Python314\Mega Downloader\venv\Lib\site-packages\yt_dlp\networking\_helper.py", line 260, in create_connection
    sock = _create_socket_func(ip_addr, timeout, source_address)
           ^^^^^^^^^^^^^^^^^^^^^^^^^^^^^^^^^^^^^^^^^^^^^^^^^^^^^
  File "C:\Users\Asus\AppData\Local\Programs\Python\Python314\Mega Downloader\venv\Lib\site-packages\yt_dlp\networking\_helper.py", line 228, in create_socks_proxy_socket
    sock.connect(dest_addr)
  File "C:\Users\Asus\AppData\Local\Programs\Python\Python314\Mega Downloader\venv\Lib\site-packages\yt_dlp\socks.py", line 271, in connect
    self._make_proxy(socket.socket.connect, address)
  File "C:\Users\Asus\AppData\Local\Programs\Python\Python314\Mega Downloader\venv\Lib\site-packages\yt_dlp\socks.py", line 259, in _make_proxy
    result = connect_func(self, (self._proxy.host, self._proxy.port))
             ^^^^^^^^^^^^^^^^^^^^^^^^^^^^^^^^^^^^^^^^^^^^^^^^^^^^^^^^
ConnectionRefusedError: [WinError 10061] No connection could be made because the target machine actively refused it

The above exception was the direct cause of the following exception:

Traceback (most recent call last):
  File "C:\Users\Asus\AppData\Local\Programs\Python\Python314\Mega Downloader\venv\Lib\site-packages\urllib3\connectionpool.py", line 788, in urlopen
    response = self._make_request(
               ^^^^^^^^^^^^^^^^^^^
  File "C:\Users\Asus\AppData\Local\Programs\Python\Python314\Mega Downloader\venv\Lib\site-packages\urllib3\connectionpool.py", line 488, in _make_request
    raise new_e
  File "C:\Users\Asus\AppData\Local\Programs\Python\Python314\Mega Downloader\venv\Lib\site-packages\urllib3\connectionpool.py", line 464, in _make_request
    self._validate_conn(conn)
  File "C:\Users\Asus\AppData\Local\Programs\Python\Python314\Mega Downloader\venv\Lib\site-packages\urllib3\connectionpool.py", line 1106, in _validate_conn
    conn.connect()
  File "C:\Users\Asus\AppData\Local\Programs\Python\Python314\Mega Downloader\venv\Lib\site-packages\urllib3\connection.py", line 759, in connect
    self.sock = sock = self._new_conn()
                       ^^^^^^^^^^^^^^^^
  File "C:\Users\Asus\AppData\Local\Programs\Python\Python314\Mega Downloader\venv\Lib\site-packages\yt_dlp\networking\_requests.py", line 391, in _new_conn
    raise urllib3.exceptions.NewConnectionError(
urllib3.exceptions.NewConnectionError: SocksHTTPSConnection(host='api.telegram.org', port=443): Failed to establish a new connection: [WinError 10061] No connection could be made because the target machine actively refused it

The above exception was the direct cause of the following exception:

Traceback (most recent call last):
  File "C:\Users\Asus\AppData\Local\Programs\Python\Python314\Mega Downloader\venv\Lib\site-packages\requests\adapters.py", line 696, in send
    resp = conn.urlopen(
           ^^^^^^^^^^^^^
  File "C:\Users\Asus\AppData\Local\Programs\Python\Python314\Mega Downloader\venv\Lib\site-packages\urllib3\connectionpool.py", line 842, in urlopen
    retries = retries.increment(
              ^^^^^^^^^^^^^^^^^^
  File "C:\Users\Asus\AppData\Local\Programs\Python\Python314\Mega Downloader\venv\Lib\site-packages\urllib3\util\retry.py", line 543, in increment
    raise MaxRetryError(_pool, url, reason) from reason  # type: ignore[arg-type]
    ^^^^^^^^^^^^^^^^^^^^^^^^^^^^^^^^^^^^^^^^^^^^^^^^^^^
urllib3.exceptions.MaxRetryError: SocksHTTPSConnectionPool(host='api.telegram.org', port=443): Max retries exceeded with url: /bot8893611617:***********************************/getMe (Caused by NewConnectionError("SocksHTTPSConnection(host='api.telegram.org', port=443): Failed to establish a new connection: [WinError 10061] No connection could be made because the target machine actively refused it"))

During handling of the above exception, another exception occurred:

Traceback (most recent call last):
  File "C:\Users\Asus\AppData\Local\Programs\Python\Python314\Mega Downloader\venv\Lib\site-packages\telebot\__init__.py", line 1136, in infinity_polling
    self.polling(non_stop=True, timeout=timeout, long_polling_timeout=long_polling_timeout,
  File "C:\Users\Asus\AppData\Local\Programs\Python\Python314\Mega Downloader\venv\Lib\site-packages\telebot\__init__.py", line 1221, in polling
    logger.info('Starting your bot with username: [@%s]', self.user.username)
                                                          ^^^^^^^^^
  File "C:\Users\Asus\AppData\Local\Programs\Python\Python314\Mega Downloader\venv\Lib\site-packages\telebot\__init__.py", line 308, in user
    self._user = self.get_me()
                 ^^^^^^^^^^^^^
  File "C:\Users\Asus\AppData\Local\Programs\Python\Python314\Mega Downloader\venv\Lib\site-packages\telebot\__init__.py", line 1408, in get_me
    apihelper.get_me(self.token)
  File "C:\Users\Asus\AppData\Local\Programs\Python\Python314\Mega Downloader\venv\Lib\site-packages\telebot\apihelper.py", line 204, in get_me
    return _make_request(token, method_url)
           ^^^^^^^^^^^^^^^^^^^^^^^^^^^^^^^^
  File "C:\Users\Asus\AppData\Local\Programs\Python\Python314\Mega Downloader\venv\Lib\site-packages\telebot\apihelper.py", line 162, in _make_request
    result = _get_req_session().request(
             ^^^^^^^^^^^^^^^^^^^^^^^^^^^
  File "C:\Users\Asus\AppData\Local\Programs\Python\Python314\Mega Downloader\venv\Lib\site-packages\requests\sessions.py", line 651, in request
    resp = self.send(prep, **send_kwargs)
           ^^^^^^^^^^^^^^^^^^^^^^^^^^^^^^
  File "C:\Users\Asus\AppData\Local\Programs\Python\Python314\Mega Downloader\venv\Lib\site-packages\requests\sessions.py", line 784, in send
    r = adapter.send(request, **kwargs)
        ^^^^^^^^^^^^^^^^^^^^^^^^^^^^^^^
  File "C:\Users\Asus\AppData\Local\Programs\Python\Python314\Mega Downloader\venv\Lib\site-packages\requests\adapters.py", line 729, in send
    raise ConnectionError(e, request=request)
requests.exceptions.ConnectionError: SocksHTTPSConnectionPool(host='api.telegram.org', port=443): Max retries exceeded with url: /bot8893611617:***********************************/getMe (Caused by NewConnectionError("SocksHTTPSConnection(host='api.telegram.org', port=443): Failed to establish a new connection: [WinError 10061] No connection could be made because the target machine actively refused it"))

2026-07-10 12:06:09,375 [ERROR] TeleBot: Exception traceback:
Traceback (most recent call last):
  File "C:\Users\Asus\AppData\Local\Programs\Python\Python314\Mega Downloader\venv\Lib\site-packages\yt_dlp\networking\_requests.py", line 379, in _new_conn
    return create_connection(
           ^^^^^^^^^^^^^^^^^^
  File "C:\Users\Asus\AppData\Local\Programs\Python\Python314\Mega Downloader\venv\Lib\site-packages\yt_dlp\networking\_helper.py", line 269, in create_connection
    raise err
  File "C:\Users\Asus\AppData\Local\Programs\Python\Python314\Mega Downloader\venv\Lib\site-packages\yt_dlp\networking\_helper.py", line 260, in create_connection
    sock = _create_socket_func(ip_addr, timeout, source_address)
           ^^^^^^^^^^^^^^^^^^^^^^^^^^^^^^^^^^^^^^^^^^^^^^^^^^^^^
  File "C:\Users\Asus\AppData\Local\Programs\Python\Python314\Mega Downloader\venv\Lib\site-packages\yt_dlp\networking\_helper.py", line 228, in create_socks_proxy_socket
    sock.connect(dest_addr)
  File "C:\Users\Asus\AppData\Local\Programs\Python\Python314\Mega Downloader\venv\Lib\site-packages\yt_dlp\socks.py", line 271, in connect
    self._make_proxy(socket.socket.connect, address)
  File "C:\Users\Asus\AppData\Local\Programs\Python\Python314\Mega Downloader\venv\Lib\site-packages\yt_dlp\socks.py", line 259, in _make_proxy
    result = connect_func(self, (self._proxy.host, self._proxy.port))
             ^^^^^^^^^^^^^^^^^^^^^^^^^^^^^^^^^^^^^^^^^^^^^^^^^^^^^^^^
ConnectionRefusedError: [WinError 10061] No connection could be made because the target machine actively refused it

The above exception was the direct cause of the following exception:

Traceback (most recent call last):
  File "C:\Users\Asus\AppData\Local\Programs\Python\Python314\Mega Downloader\venv\Lib\site-packages\urllib3\connectionpool.py", line 788, in urlopen
    response = self._make_request(
               ^^^^^^^^^^^^^^^^^^^
  File "C:\Users\Asus\AppData\Local\Programs\Python\Python314\Mega Downloader\venv\Lib\site-packages\urllib3\connectionpool.py", line 488, in _make_request
    raise new_e
  File "C:\Users\Asus\AppData\Local\Programs\Python\Python314\Mega Downloader\venv\Lib\site-packages\urllib3\connectionpool.py", line 464, in _make_request
    self._validate_conn(conn)
  File "C:\Users\Asus\AppData\Local\Programs\Python\Python314\Mega Downloader\venv\Lib\site-packages\urllib3\connectionpool.py", line 1106, in _validate_conn
    conn.connect()
  File "C:\Users\Asus\AppData\Local\Programs\Python\Python314\Mega Downloader\venv\Lib\site-packages\urllib3\connection.py", line 759, in connect
    self.sock = sock = self._new_conn()
                       ^^^^^^^^^^^^^^^^
  File "C:\Users\Asus\AppData\Local\Programs\Python\Python314\Mega Downloader\venv\Lib\site-packages\yt_dlp\networking\_requests.py", line 391, in _new_conn
    raise urllib3.exceptions.NewConnectionError(
urllib3.exceptions.NewConnectionError: SocksHTTPSConnection(host='api.telegram.org', port=443): Failed to establish a new connection: [WinError 10061] No connection could be made because the target machine actively refused it

The above exception was the direct cause of the following exception:

Traceback (most recent call last):
  File "C:\Users\Asus\AppData\Local\Programs\Python\Python314\Mega Downloader\venv\Lib\site-packages\requests\adapters.py", line 696, in send
    resp = conn.urlopen(
           ^^^^^^^^^^^^^
  File "C:\Users\Asus\AppData\Local\Programs\Python\Python314\Mega Downloader\venv\Lib\site-packages\urllib3\connectionpool.py", line 842, in urlopen
    retries = retries.increment(
              ^^^^^^^^^^^^^^^^^^
  File "C:\Users\Asus\AppData\Local\Programs\Python\Python314\Mega Downloader\venv\Lib\site-packages\urllib3\util\retry.py", line 543, in increment
    raise MaxRetryError(_pool, url, reason) from reason  # type: ignore[arg-type]
    ^^^^^^^^^^^^^^^^^^^^^^^^^^^^^^^^^^^^^^^^^^^^^^^^^^^
urllib3.exceptions.MaxRetryError: SocksHTTPSConnectionPool(host='api.telegram.org', port=443): Max retries exceeded with url: /bot8893611617:***********************************/getMe (Caused by NewConnectionError("SocksHTTPSConnection(host='api.telegram.org', port=443): Failed to establish a new connection: [WinError 10061] No connection could be made because the target machine actively refused it"))

During handling of the above exception, another exception occurred:

Traceback (most recent call last):
  File "C:\Users\Asus\AppData\Local\Programs\Python\Python314\Mega Downloader\venv\Lib\site-packages\telebot\__init__.py", line 1136, in infinity_polling
    self.polling(non_stop=True, timeout=timeout, long_polling_timeout=long_polling_timeout,
  File "C:\Users\Asus\AppData\Local\Programs\Python\Python314\Mega Downloader\venv\Lib\site-packages\telebot\__init__.py", line 1221, in polling
    logger.info('Starting your bot with username: [@%s]', self.user.username)
                                                          ^^^^^^^^^
  File "C:\Users\Asus\AppData\Local\Programs\Python\Python314\Mega Downloader\venv\Lib\site-packages\telebot\__init__.py", line 308, in user
    self._user = self.get_me()
                 ^^^^^^^^^^^^^
  File "C:\Users\Asus\AppData\Local\Programs\Python\Python314\Mega Downloader\venv\Lib\site-packages\telebot\__init__.py", line 1408, in get_me
    apihelper.get_me(self.token)
  File "C:\Users\Asus\AppData\Local\Programs\Python\Python314\Mega Downloader\venv\Lib\site-packages\telebot\apihelper.py", line 204, in get_me
    return _make_request(token, method_url)
           ^^^^^^^^^^^^^^^^^^^^^^^^^^^^^^^^
  File "C:\Users\Asus\AppData\Local\Programs\Python\Python314\Mega Downloader\venv\Lib\site-packages\telebot\apihelper.py", line 162, in _make_request
    result = _get_req_session().request(
             ^^^^^^^^^^^^^^^^^^^^^^^^^^^
  File "C:\Users\Asus\AppData\Local\Programs\Python\Python314\Mega Downloader\venv\Lib\site-packages\requests\sessions.py", line 651, in request
    resp = self.send(prep, **send_kwargs)
           ^^^^^^^^^^^^^^^^^^^^^^^^^^^^^^
  File "C:\Users\Asus\AppData\Local\Programs\Python\Python314\Mega Downloader\venv\Lib\site-packages\requests\sessions.py", line 784, in send
    r = adapter.send(request, **kwargs)
        ^^^^^^^^^^^^^^^^^^^^^^^^^^^^^^^
  File "C:\Users\Asus\AppData\Local\Programs\Python\Python314\Mega Downloader\venv\Lib\site-packages\requests\adapters.py", line 729, in send
    raise ConnectionError(e, request=request)
requests.exceptions.ConnectionError: SocksHTTPSConnectionPool(host='api.telegram.org', port=443): Max retries exceeded with url: /bot8893611617:***********************************/getMe (Caused by NewConnectionError("SocksHTTPSConnection(host='api.telegram.org', port=443): Failed to establish a new connection: [WinError 10061] No connection could be made because the target machine actively refused it"))

2026-07-10 12:06:14,434 [ERROR] TeleBot: Exception traceback:
Traceback (most recent call last):
  File "C:\Users\Asus\AppData\Local\Programs\Python\Python314\Mega Downloader\venv\Lib\site-packages\yt_dlp\networking\_requests.py", line 379, in _new_conn
    return create_connection(
           ^^^^^^^^^^^^^^^^^^
  File "C:\Users\Asus\AppData\Local\Programs\Python\Python314\Mega Downloader\venv\Lib\site-packages\yt_dlp\networking\_helper.py", line 269, in create_connection
    raise err
  File "C:\Users\Asus\AppData\Local\Programs\Python\Python314\Mega Downloader\venv\Lib\site-packages\yt_dlp\networking\_helper.py", line 260, in create_connection
    sock = _create_socket_func(ip_addr, timeout, source_address)
           ^^^^^^^^^^^^^^^^^^^^^^^^^^^^^^^^^^^^^^^^^^^^^^^^^^^^^
  File "C:\Users\Asus\AppData\Local\Programs\Python\Python314\Mega Downloader\venv\Lib\site-packages\yt_dlp\networking\_helper.py", line 228, in create_socks_proxy_socket
    sock.connect(dest_addr)
  File "C:\Users\Asus\AppData\Local\Programs\Python\Python314\Mega Downloader\venv\Lib\site-packages\yt_dlp\socks.py", line 271, in connect
    self._make_proxy(socket.socket.connect, address)
  File "C:\Users\Asus\AppData\Local\Programs\Python\Python314\Mega Downloader\venv\Lib\site-packages\yt_dlp\socks.py", line 259, in _make_proxy
    result = connect_func(self, (self._proxy.host, self._proxy.port))
             ^^^^^^^^^^^^^^^^^^^^^^^^^^^^^^^^^^^^^^^^^^^^^^^^^^^^^^^^
ConnectionRefusedError: [WinError 10061] No connection could be made because the target machine actively refused it

The above exception was the direct cause of the following exception:

Traceback (most recent call last):
  File "C:\Users\Asus\AppData\Local\Programs\Python\Python314\Mega Downloader\venv\Lib\site-packages\urllib3\connectionpool.py", line 788, in urlopen
    response = self._make_request(
               ^^^^^^^^^^^^^^^^^^^
  File "C:\Users\Asus\AppData\Local\Programs\Python\Python314\Mega Downloader\venv\Lib\site-packages\urllib3\connectionpool.py", line 488, in _make_request
    raise new_e
  File "C:\Users\Asus\AppData\Local\Programs\Python\Python314\Mega Downloader\venv\Lib\site-packages\urllib3\connectionpool.py", line 464, in _make_request
    self._validate_conn(conn)
  File "C:\Users\Asus\AppData\Local\Programs\Python\Python314\Mega Downloader\venv\Lib\site-packages\urllib3\connectionpool.py", line 1106, in _validate_conn
    conn.connect()
  File "C:\Users\Asus\AppData\Local\Programs\Python\Python314\Mega Downloader\venv\Lib\site-packages\urllib3\connection.py", line 759, in connect
    self.sock = sock = self._new_conn()
                       ^^^^^^^^^^^^^^^^
  File "C:\Users\Asus\AppData\Local\Programs\Python\Python314\Mega Downloader\venv\Lib\site-packages\yt_dlp\networking\_requests.py", line 391, in _new_conn
    raise urllib3.exceptions.NewConnectionError(
urllib3.exceptions.NewConnectionError: SocksHTTPSConnection(host='api.telegram.org', port=443): Failed to establish a new connection: [WinError 10061] No connection could be made because the target machine actively refused it

The above exception was the direct cause of the following exception:

Traceback (most recent call last):
  File "C:\Users\Asus\AppData\Local\Programs\Python\Python314\Mega Downloader\venv\Lib\site-packages\requests\adapters.py", line 696, in send
    resp = conn.urlopen(
           ^^^^^^^^^^^^^
  File "C:\Users\Asus\AppData\Local\Programs\Python\Python314\Mega Downloader\venv\Lib\site-packages\urllib3\connectionpool.py", line 842, in urlopen
    retries = retries.increment(
              ^^^^^^^^^^^^^^^^^^
  File "C:\Users\Asus\AppData\Local\Programs\Python\Python314\Mega Downloader\venv\Lib\site-packages\urllib3\util\retry.py", line 543, in increment
    raise MaxRetryError(_pool, url, reason) from reason  # type: ignore[arg-type]
    ^^^^^^^^^^^^^^^^^^^^^^^^^^^^^^^^^^^^^^^^^^^^^^^^^^^
urllib3.exceptions.MaxRetryError: SocksHTTPSConnectionPool(host='api.telegram.org', port=443): Max retries exceeded with url: /bot8893611617:***********************************/getMe (Caused by NewConnectionError("SocksHTTPSConnection(host='api.telegram.org', port=443): Failed to establish a new connection: [WinError 10061] No connection could be made because the target machine actively refused it"))

During handling of the above exception, another exception occurred:

Traceback (most recent call last):
  File "C:\Users\Asus\AppData\Local\Programs\Python\Python314\Mega Downloader\venv\Lib\site-packages\telebot\__init__.py", line 1136, in infinity_polling
    self.polling(non_stop=True, timeout=timeout, long_polling_timeout=long_polling_timeout,
  File "C:\Users\Asus\AppData\Local\Programs\Python\Python314\Mega Downloader\venv\Lib\site-packages\telebot\__init__.py", line 1221, in polling
    logger.info('Starting your bot with username: [@%s]', self.user.username)
                                                          ^^^^^^^^^
  File "C:\Users\Asus\AppData\Local\Programs\Python\Python314\Mega Downloader\venv\Lib\site-packages\telebot\__init__.py", line 308, in user
    self._user = self.get_me()
                 ^^^^^^^^^^^^^
  File "C:\Users\Asus\AppData\Local\Programs\Python\Python314\Mega Downloader\venv\Lib\site-packages\telebot\__init__.py", line 1408, in get_me
    apihelper.get_me(self.token)
  File "C:\Users\Asus\AppData\Local\Programs\Python\Python314\Mega Downloader\venv\Lib\site-packages\telebot\apihelper.py", line 204, in get_me
    return _make_request(token, method_url)
           ^^^^^^^^^^^^^^^^^^^^^^^^^^^^^^^^
  File "C:\Users\Asus\AppData\Local\Programs\Python\Python314\Mega Downloader\venv\Lib\site-packages\telebot\apihelper.py", line 162, in _make_request
    result = _get_req_session().request(
             ^^^^^^^^^^^^^^^^^^^^^^^^^^^
  File "C:\Users\Asus\AppData\Local\Programs\Python\Python314\Mega Downloader\venv\Lib\site-packages\requests\sessions.py", line 651, in request
    resp = self.send(prep, **send_kwargs)
           ^^^^^^^^^^^^^^^^^^^^^^^^^^^^^^
  File "C:\Users\Asus\AppData\Local\Programs\Python\Python314\Mega Downloader\venv\Lib\site-packages\requests\sessions.py", line 784, in send
    r = adapter.send(request, **kwargs)
        ^^^^^^^^^^^^^^^^^^^^^^^^^^^^^^^
  File "C:\Users\Asus\AppData\Local\Programs\Python\Python314\Mega Downloader\venv\Lib\site-packages\requests\adapters.py", line 729, in send
    raise ConnectionError(e, request=request)
requests.exceptions.ConnectionError: SocksHTTPSConnectionPool(host='api.telegram.org', port=443): Max retries exceeded with url: /bot8893611617:***********************************/getMe (Caused by NewConnectionError("SocksHTTPSConnection(host='api.telegram.org', port=443): Failed to establish a new connection: [WinError 10061] No connection could be made because the target machine actively refused it"))

2026-07-10 12:06:19,488 [ERROR] TeleBot: Exception traceback:
Traceback (most recent call last):
  File "C:\Users\Asus\AppData\Local\Programs\Python\Python314\Mega Downloader\venv\Lib\site-packages\yt_dlp\networking\_requests.py", line 379, in _new_conn
    return create_connection(
           ^^^^^^^^^^^^^^^^^^
  File "C:\Users\Asus\AppData\Local\Programs\Python\Python314\Mega Downloader\venv\Lib\site-packages\yt_dlp\networking\_helper.py", line 269, in create_connection
    raise err
  File "C:\Users\Asus\AppData\Local\Programs\Python\Python314\Mega Downloader\venv\Lib\site-packages\yt_dlp\networking\_helper.py", line 260, in create_connection
    sock = _create_socket_func(ip_addr, timeout, source_address)
           ^^^^^^^^^^^^^^^^^^^^^^^^^^^^^^^^^^^^^^^^^^^^^^^^^^^^^
  File "C:\Users\Asus\AppData\Local\Programs\Python\Python314\Mega Downloader\venv\Lib\site-packages\yt_dlp\networking\_helper.py", line 228, in create_socks_proxy_socket
    sock.connect(dest_addr)
  File "C:\Users\Asus\AppData\Local\Programs\Python\Python314\Mega Downloader\venv\Lib\site-packages\yt_dlp\socks.py", line 271, in connect
    self._make_proxy(socket.socket.connect, address)
  File "C:\Users\Asus\AppData\Local\Programs\Python\Python314\Mega Downloader\venv\Lib\site-packages\yt_dlp\socks.py", line 259, in _make_proxy
    result = connect_func(self, (self._proxy.host, self._proxy.port))
             ^^^^^^^^^^^^^^^^^^^^^^^^^^^^^^^^^^^^^^^^^^^^^^^^^^^^^^^^
ConnectionRefusedError: [WinError 10061] No connection could be made because the target machine actively refused it

The above exception was the direct cause of the following exception:

Traceback (most recent call last):
  File "C:\Users\Asus\AppData\Local\Programs\Python\Python314\Mega Downloader\venv\Lib\site-packages\urllib3\connectionpool.py", line 788, in urlopen
    response = self._make_request(
               ^^^^^^^^^^^^^^^^^^^
  File "C:\Users\Asus\AppData\Local\Programs\Python\Python314\Mega Downloader\venv\Lib\site-packages\urllib3\connectionpool.py", line 488, in _make_request
    raise new_e
  File "C:\Users\Asus\AppData\Local\Programs\Python\Python314\Mega Downloader\venv\Lib\site-packages\urllib3\connectionpool.py", line 464, in _make_request
    self._validate_conn(conn)
  File "C:\Users\Asus\AppData\Local\Programs\Python\Python314\Mega Downloader\venv\Lib\site-packages\urllib3\connectionpool.py", line 1106, in _validate_conn
    conn.connect()
  File "C:\Users\Asus\AppData\Local\Programs\Python\Python314\Mega Downloader\venv\Lib\site-packages\urllib3\connection.py", line 759, in connect
    self.sock = sock = self._new_conn()
                       ^^^^^^^^^^^^^^^^
  File "C:\Users\Asus\AppData\Local\Programs\Python\Python314\Mega Downloader\venv\Lib\site-packages\yt_dlp\networking\_requests.py", line 391, in _new_conn
    raise urllib3.exceptions.NewConnectionError(
urllib3.exceptions.NewConnectionError: SocksHTTPSConnection(host='api.telegram.org', port=443): Failed to establish a new connection: [WinError 10061] No connection could be made because the target machine actively refused it

The above exception was the direct cause of the following exception:

Traceback (most recent call last):
  File "C:\Users\Asus\AppData\Local\Programs\Python\Python314\Mega Downloader\venv\Lib\site-packages\requests\adapters.py", line 696, in send
    resp = conn.urlopen(
           ^^^^^^^^^^^^^
  File "C:\Users\Asus\AppData\Local\Programs\Python\Python314\Mega Downloader\venv\Lib\site-packages\urllib3\connectionpool.py", line 842, in urlopen
    retries = retries.increment(
              ^^^^^^^^^^^^^^^^^^
  File "C:\Users\Asus\AppData\Local\Programs\Python\Python314\Mega Downloader\venv\Lib\site-packages\urllib3\util\retry.py", line 543, in increment
    raise MaxRetryError(_pool, url, reason) from reason  # type: ignore[arg-type]
    ^^^^^^^^^^^^^^^^^^^^^^^^^^^^^^^^^^^^^^^^^^^^^^^^^^^
urllib3.exceptions.MaxRetryError: SocksHTTPSConnectionPool(host='api.telegram.org', port=443): Max retries exceeded with url: /bot8893611617:***********************************/getMe (Caused by NewConnectionError("SocksHTTPSConnection(host='api.telegram.org', port=443): Failed to establish a new connection: [WinError 10061] No connection could be made because the target machine actively refused it"))

During handling of the above exception, another exception occurred:

Traceback (most recent call last):
  File "C:\Users\Asus\AppData\Local\Programs\Python\Python314\Mega Downloader\venv\Lib\site-packages\telebot\__init__.py", line 1136, in infinity_polling
    self.polling(non_stop=True, timeout=timeout, long_polling_timeout=long_polling_timeout,
  File "C:\Users\Asus\AppData\Local\Programs\Python\Python314\Mega Downloader\venv\Lib\site-packages\telebot\__init__.py", line 1221, in polling
    logger.info('Starting your bot with username: [@%s]', self.user.username)
                                                          ^^^^^^^^^
  File "C:\Users\Asus\AppData\Local\Programs\Python\Python314\Mega Downloader\venv\Lib\site-packages\telebot\__init__.py", line 308, in user
    self._user = self.get_me()
                 ^^^^^^^^^^^^^
  File "C:\Users\Asus\AppData\Local\Programs\Python\Python314\Mega Downloader\venv\Lib\site-packages\telebot\__init__.py", line 1408, in get_me
    apihelper.get_me(self.token)
  File "C:\Users\Asus\AppData\Local\Programs\Python\Python314\Mega Downloader\venv\Lib\site-packages\telebot\apihelper.py", line 204, in get_me
    return _make_request(token, method_url)
           ^^^^^^^^^^^^^^^^^^^^^^^^^^^^^^^^
  File "C:\Users\Asus\AppData\Local\Programs\Python\Python314\Mega Downloader\venv\Lib\site-packages\telebot\apihelper.py", line 162, in _make_request
    result = _get_req_session().request(
             ^^^^^^^^^^^^^^^^^^^^^^^^^^^
  File "C:\Users\Asus\AppData\Local\Programs\Python\Python314\Mega Downloader\venv\Lib\site-packages\requests\sessions.py", line 651, in request
    resp = self.send(prep, **send_kwargs)
           ^^^^^^^^^^^^^^^^^^^^^^^^^^^^^^
  File "C:\Users\Asus\AppData\Local\Programs\Python\Python314\Mega Downloader\venv\Lib\site-packages\requests\sessions.py", line 784, in send
    r = adapter.send(request, **kwargs)
        ^^^^^^^^^^^^^^^^^^^^^^^^^^^^^^^
  File "C:\Users\Asus\AppData\Local\Programs\Python\Python314\Mega Downloader\venv\Lib\site-packages\requests\adapters.py", line 729, in send
    raise ConnectionError(e, request=request)
requests.exceptions.ConnectionError: SocksHTTPSConnectionPool(host='api.telegram.org', port=443): Max retries exceeded with url: /bot8893611617:***********************************/getMe (Caused by NewConnectionError("SocksHTTPSConnection(host='api.telegram.org', port=443): Failed to establish a new connection: [WinError 10061] No connection could be made because the target machine actively refused it"))

2026-07-10 12:06:24,543 [ERROR] TeleBot: Exception traceback:
Traceback (most recent call last):
  File "C:\Users\Asus\AppData\Local\Programs\Python\Python314\Mega Downloader\venv\Lib\site-packages\yt_dlp\networking\_requests.py", line 379, in _new_conn
    return create_connection(
           ^^^^^^^^^^^^^^^^^^
  File "C:\Users\Asus\AppData\Local\Programs\Python\Python314\Mega Downloader\venv\Lib\site-packages\yt_dlp\networking\_helper.py", line 269, in create_connection
    raise err
  File "C:\Users\Asus\AppData\Local\Programs\Python\Python314\Mega Downloader\venv\Lib\site-packages\yt_dlp\networking\_helper.py", line 260, in create_connection
    sock = _create_socket_func(ip_addr, timeout, source_address)
           ^^^^^^^^^^^^^^^^^^^^^^^^^^^^^^^^^^^^^^^^^^^^^^^^^^^^^
  File "C:\Users\Asus\AppData\Local\Programs\Python\Python314\Mega Downloader\venv\Lib\site-packages\yt_dlp\networking\_helper.py", line 228, in create_socks_proxy_socket
    sock.connect(dest_addr)
  File "C:\Users\Asus\AppData\Local\Programs\Python\Python314\Mega Downloader\venv\Lib\site-packages\yt_dlp\socks.py", line 271, in connect
    self._make_proxy(socket.socket.connect, address)
  File "C:\Users\Asus\AppData\Local\Programs\Python\Python314\Mega Downloader\venv\Lib\site-packages\yt_dlp\socks.py", line 259, in _make_proxy
    result = connect_func(self, (self._proxy.host, self._proxy.port))
             ^^^^^^^^^^^^^^^^^^^^^^^^^^^^^^^^^^^^^^^^^^^^^^^^^^^^^^^^
ConnectionRefusedError: [WinError 10061] No connection could be made because the target machine actively refused it

The above exception was the direct cause of the following exception:

Traceback (most recent call last):
  File "C:\Users\Asus\AppData\Local\Programs\Python\Python314\Mega Downloader\venv\Lib\site-packages\urllib3\connectionpool.py", line 788, in urlopen
    response = self._make_request(
               ^^^^^^^^^^^^^^^^^^^
  File "C:\Users\Asus\AppData\Local\Programs\Python\Python314\Mega Downloader\venv\Lib\site-packages\urllib3\connectionpool.py", line 488, in _make_request
    raise new_e
  File "C:\Users\Asus\AppData\Local\Programs\Python\Python314\Mega Downloader\venv\Lib\site-packages\urllib3\connectionpool.py", line 464, in _make_request
    self._validate_conn(conn)
  File "C:\Users\Asus\AppData\Local\Programs\Python\Python314\Mega Downloader\venv\Lib\site-packages\urllib3\connectionpool.py", line 1106, in _validate_conn
    conn.connect()
  File "C:\Users\Asus\AppData\Local\Programs\Python\Python314\Mega Downloader\venv\Lib\site-packages\urllib3\connection.py", line 759, in connect
    self.sock = sock = self._new_conn()
                       ^^^^^^^^^^^^^^^^
  File "C:\Users\Asus\AppData\Local\Programs\Python\Python314\Mega Downloader\venv\Lib\site-packages\yt_dlp\networking\_requests.py", line 391, in _new_conn
    raise urllib3.exceptions.NewConnectionError(
urllib3.exceptions.NewConnectionError: SocksHTTPSConnection(host='api.telegram.org', port=443): Failed to establish a new connection: [WinError 10061] No connection could be made because the target machine actively refused it

The above exception was the direct cause of the following exception:

Traceback (most recent call last):
  File "C:\Users\Asus\AppData\Local\Programs\Python\Python314\Mega Downloader\venv\Lib\site-packages\requests\adapters.py", line 696, in send
    resp = conn.urlopen(
           ^^^^^^^^^^^^^
  File "C:\Users\Asus\AppData\Local\Programs\Python\Python314\Mega Downloader\venv\Lib\site-packages\urllib3\connectionpool.py", line 842, in urlopen
    retries = retries.increment(
              ^^^^^^^^^^^^^^^^^^
  File "C:\Users\Asus\AppData\Local\Programs\Python\Python314\Mega Downloader\venv\Lib\site-packages\urllib3\util\retry.py", line 543, in increment
    raise MaxRetryError(_pool, url, reason) from reason  # type: ignore[arg-type]
    ^^^^^^^^^^^^^^^^^^^^^^^^^^^^^^^^^^^^^^^^^^^^^^^^^^^
urllib3.exceptions.MaxRetryError: SocksHTTPSConnectionPool(host='api.telegram.org', port=443): Max retries exceeded with url: /bot8893611617:***********************************/getMe (Caused by NewConnectionError("SocksHTTPSConnection(host='api.telegram.org', port=443): Failed to establish a new connection: [WinError 10061] No connection could be made because the target machine actively refused it"))

During handling of the above exception, another exception occurred:

Traceback (most recent call last):
  File "C:\Users\Asus\AppData\Local\Programs\Python\Python314\Mega Downloader\venv\Lib\site-packages\telebot\__init__.py", line 1136, in infinity_polling
    self.polling(non_stop=True, timeout=timeout, long_polling_timeout=long_polling_timeout,
  File "C:\Users\Asus\AppData\Local\Programs\Python\Python314\Mega Downloader\venv\Lib\site-packages\telebot\__init__.py", line 1221, in polling
    logger.info('Starting your bot with username: [@%s]', self.user.username)
                                                          ^^^^^^^^^
  File "C:\Users\Asus\AppData\Local\Programs\Python\Python314\Mega Downloader\venv\Lib\site-packages\telebot\__init__.py", line 308, in user
    self._user = self.get_me()
                 ^^^^^^^^^^^^^
  File "C:\Users\Asus\AppData\Local\Programs\Python\Python314\Mega Downloader\venv\Lib\site-packages\telebot\__init__.py", line 1408, in get_me
    apihelper.get_me(self.token)
  File "C:\Users\Asus\AppData\Local\Programs\Python\Python314\Mega Downloader\venv\Lib\site-packages\telebot\apihelper.py", line 204, in get_me
    return _make_request(token, method_url)
           ^^^^^^^^^^^^^^^^^^^^^^^^^^^^^^^^
  File "C:\Users\Asus\AppData\Local\Programs\Python\Python314\Mega Downloader\venv\Lib\site-packages\telebot\apihelper.py", line 162, in _make_request
    result = _get_req_session().request(
             ^^^^^^^^^^^^^^^^^^^^^^^^^^^
  File "C:\Users\Asus\AppData\Local\Programs\Python\Python314\Mega Downloader\venv\Lib\site-packages\requests\sessions.py", line 651, in request
    resp = self.send(prep, **send_kwargs)
           ^^^^^^^^^^^^^^^^^^^^^^^^^^^^^^
  File "C:\Users\Asus\AppData\Local\Programs\Python\Python314\Mega Downloader\venv\Lib\site-packages\requests\sessions.py", line 784, in send
    r = adapter.send(request, **kwargs)
        ^^^^^^^^^^^^^^^^^^^^^^^^^^^^^^^
  File "C:\Users\Asus\AppData\Local\Programs\Python\Python314\Mega Downloader\venv\Lib\site-packages\requests\adapters.py", line 729, in send
    raise ConnectionError(e, request=request)
requests.exceptions.ConnectionError: SocksHTTPSConnectionPool(host='api.telegram.org', port=443): Max retries exceeded with url: /bot8893611617:***********************************/getMe (Caused by NewConnectionError("SocksHTTPSConnection(host='api.telegram.org', port=443): Failed to establish a new connection: [WinError 10061] No connection could be made because the target machine actively refused it"))

2026-07-10 12:06:29,607 [ERROR] TeleBot: Exception traceback:
Traceback (most recent call last):
  File "C:\Users\Asus\AppData\Local\Programs\Python\Python314\Mega Downloader\venv\Lib\site-packages\yt_dlp\networking\_requests.py", line 379, in _new_conn
    return create_connection(
           ^^^^^^^^^^^^^^^^^^
  File "C:\Users\Asus\AppData\Local\Programs\Python\Python314\Mega Downloader\venv\Lib\site-packages\yt_dlp\networking\_helper.py", line 269, in create_connection
    raise err
  File "C:\Users\Asus\AppData\Local\Programs\Python\Python314\Mega Downloader\venv\Lib\site-packages\yt_dlp\networking\_helper.py", line 260, in create_connection
    sock = _create_socket_func(ip_addr, timeout, source_address)
           ^^^^^^^^^^^^^^^^^^^^^^^^^^^^^^^^^^^^^^^^^^^^^^^^^^^^^
  File "C:\Users\Asus\AppData\Local\Programs\Python\Python314\Mega Downloader\venv\Lib\site-packages\yt_dlp\networking\_helper.py", line 228, in create_socks_proxy_socket
    sock.connect(dest_addr)
  File "C:\Users\Asus\AppData\Local\Programs\Python\Python314\Mega Downloader\venv\Lib\site-packages\yt_dlp\socks.py", line 271, in connect
    self._make_proxy(socket.socket.connect, address)
  File "C:\Users\Asus\AppData\Local\Programs\Python\Python314\Mega Downloader\venv\Lib\site-packages\yt_dlp\socks.py", line 259, in _make_proxy
    result = connect_func(self, (self._proxy.host, self._proxy.port))
             ^^^^^^^^^^^^^^^^^^^^^^^^^^^^^^^^^^^^^^^^^^^^^^^^^^^^^^^^
ConnectionRefusedError: [WinError 10061] No connection could be made because the target machine actively refused it

The above exception was the direct cause of the following exception:

Traceback (most recent call last):
  File "C:\Users\Asus\AppData\Local\Programs\Python\Python314\Mega Downloader\venv\Lib\site-packages\urllib3\connectionpool.py", line 788, in urlopen
    response = self._make_request(
               ^^^^^^^^^^^^^^^^^^^
  File "C:\Users\Asus\AppData\Local\Programs\Python\Python314\Mega Downloader\venv\Lib\site-packages\urllib3\connectionpool.py", line 488, in _make_request
    raise new_e
  File "C:\Users\Asus\AppData\Local\Programs\Python\Python314\Mega Downloader\venv\Lib\site-packages\urllib3\connectionpool.py", line 464, in _make_request
    self._validate_conn(conn)
  File "C:\Users\Asus\AppData\Local\Programs\Python\Python314\Mega Downloader\venv\Lib\site-packages\urllib3\connectionpool.py", line 1106, in _validate_conn
    conn.connect()
  File "C:\Users\Asus\AppData\Local\Programs\Python\Python314\Mega Downloader\venv\Lib\site-packages\urllib3\connection.py", line 759, in connect
    self.sock = sock = self._new_conn()
                       ^^^^^^^^^^^^^^^^
  File "C:\Users\Asus\AppData\Local\Programs\Python\Python314\Mega Downloader\venv\Lib\site-packages\yt_dlp\networking\_requests.py", line 391, in _new_conn
    raise urllib3.exceptions.NewConnectionError(
urllib3.exceptions.NewConnectionError: SocksHTTPSConnection(host='api.telegram.org', port=443): Failed to establish a new connection: [WinError 10061] No connection could be made because the target machine actively refused it

The above exception was the direct cause of the following exception:

Traceback (most recent call last):
  File "C:\Users\Asus\AppData\Local\Programs\Python\Python314\Mega Downloader\venv\Lib\site-packages\requests\adapters.py", line 696, in send
    resp = conn.urlopen(
           ^^^^^^^^^^^^^
  File "C:\Users\Asus\AppData\Local\Programs\Python\Python314\Mega Downloader\venv\Lib\site-packages\urllib3\connectionpool.py", line 842, in urlopen
    retries = retries.increment(
              ^^^^^^^^^^^^^^^^^^
  File "C:\Users\Asus\AppData\Local\Programs\Python\Python314\Mega Downloader\venv\Lib\site-packages\urllib3\util\retry.py", line 543, in increment
    raise MaxRetryError(_pool, url, reason) from reason  # type: ignore[arg-type]
    ^^^^^^^^^^^^^^^^^^^^^^^^^^^^^^^^^^^^^^^^^^^^^^^^^^^
urllib3.exceptions.MaxRetryError: SocksHTTPSConnectionPool(host='api.telegram.org', port=443): Max retries exceeded with url: /bot8893611617:***********************************/getMe (Caused by NewConnectionError("SocksHTTPSConnection(host='api.telegram.org', port=443): Failed to establish a new connection: [WinError 10061] No connection could be made because the target machine actively refused it"))

During handling of the above exception, another exception occurred:

Traceback (most recent call last):
  File "C:\Users\Asus\AppData\Local\Programs\Python\Python314\Mega Downloader\venv\Lib\site-packages\telebot\__init__.py", line 1136, in infinity_polling
    self.polling(non_stop=True, timeout=timeout, long_polling_timeout=long_polling_timeout,
  File "C:\Users\Asus\AppData\Local\Programs\Python\Python314\Mega Downloader\venv\Lib\site-packages\telebot\__init__.py", line 1221, in polling
    logger.info('Starting your bot with username: [@%s]', self.user.username)
                                                          ^^^^^^^^^
  File "C:\Users\Asus\AppData\Local\Programs\Python\Python314\Mega Downloader\venv\Lib\site-packages\telebot\__init__.py", line 308, in user
    self._user = self.get_me()
                 ^^^^^^^^^^^^^
  File "C:\Users\Asus\AppData\Local\Programs\Python\Python314\Mega Downloader\venv\Lib\site-packages\telebot\__init__.py", line 1408, in get_me
    apihelper.get_me(self.token)
  File "C:\Users\Asus\AppData\Local\Programs\Python\Python314\Mega Downloader\venv\Lib\site-packages\telebot\apihelper.py", line 204, in get_me
    return _make_request(token, method_url)
           ^^^^^^^^^^^^^^^^^^^^^^^^^^^^^^^^
  File "C:\Users\Asus\AppData\Local\Programs\Python\Python314\Mega Downloader\venv\Lib\site-packages\telebot\apihelper.py", line 162, in _make_request
    result = _get_req_session().request(
             ^^^^^^^^^^^^^^^^^^^^^^^^^^^
  File "C:\Users\Asus\AppData\Local\Programs\Python\Python314\Mega Downloader\venv\Lib\site-packages\requests\sessions.py", line 651, in request
    resp = self.send(prep, **send_kwargs)
           ^^^^^^^^^^^^^^^^^^^^^^^^^^^^^^
  File "C:\Users\Asus\AppData\Local\Programs\Python\Python314\Mega Downloader\venv\Lib\site-packages\requests\sessions.py", line 784, in send
    r = adapter.send(request, **kwargs)
        ^^^^^^^^^^^^^^^^^^^^^^^^^^^^^^^
  File "C:\Users\Asus\AppData\Local\Programs\Python\Python314\Mega Downloader\venv\Lib\site-packages\requests\adapters.py", line 729, in send
    raise ConnectionError(e, request=request)
requests.exceptions.ConnectionError: SocksHTTPSConnectionPool(host='api.telegram.org', port=443): Max retries exceeded with url: /bot8893611617:***********************************/getMe (Caused by NewConnectionError("SocksHTTPSConnection(host='api.telegram.org', port=443): Failed to establish a new connection: [WinError 10061] No connection could be made because the target machine actively refused it"))

2026-07-10 12:06:34,663 [ERROR] TeleBot: Exception traceback:
Traceback (most recent call last):
  File "C:\Users\Asus\AppData\Local\Programs\Python\Python314\Mega Downloader\venv\Lib\site-packages\yt_dlp\networking\_requests.py", line 379, in _new_conn
    return create_connection(
           ^^^^^^^^^^^^^^^^^^
  File "C:\Users\Asus\AppData\Local\Programs\Python\Python314\Mega Downloader\venv\Lib\site-packages\yt_dlp\networking\_helper.py", line 269, in create_connection
    raise err
  File "C:\Users\Asus\AppData\Local\Programs\Python\Python314\Mega Downloader\venv\Lib\site-packages\yt_dlp\networking\_helper.py", line 260, in create_connection
    sock = _create_socket_func(ip_addr, timeout, source_address)
           ^^^^^^^^^^^^^^^^^^^^^^^^^^^^^^^^^^^^^^^^^^^^^^^^^^^^^
  File "C:\Users\Asus\AppData\Local\Programs\Python\Python314\Mega Downloader\venv\Lib\site-packages\yt_dlp\networking\_helper.py", line 228, in create_socks_proxy_socket
    sock.connect(dest_addr)
  File "C:\Users\Asus\AppData\Local\Programs\Python\Python314\Mega Downloader\venv\Lib\site-packages\yt_dlp\socks.py", line 271, in connect
    self._make_proxy(socket.socket.connect, address)
  File "C:\Users\Asus\AppData\Local\Programs\Python\Python314\Mega Downloader\venv\Lib\site-packages\yt_dlp\socks.py", line 259, in _make_proxy
    result = connect_func(self, (self._proxy.host, self._proxy.port))
             ^^^^^^^^^^^^^^^^^^^^^^^^^^^^^^^^^^^^^^^^^^^^^^^^^^^^^^^^
ConnectionRefusedError: [WinError 10061] No connection could be made because the target machine actively refused it

The above exception was the direct cause of the following exception:

Traceback (most recent call last):
  File "C:\Users\Asus\AppData\Local\Programs\Python\Python314\Mega Downloader\venv\Lib\site-packages\urllib3\connectionpool.py", line 788, in urlopen
    response = self._make_request(
               ^^^^^^^^^^^^^^^^^^^
  File "C:\Users\Asus\AppData\Local\Programs\Python\Python314\Mega Downloader\venv\Lib\site-packages\urllib3\connectionpool.py", line 488, in _make_request
    raise new_e
  File "C:\Users\Asus\AppData\Local\Programs\Python\Python314\Mega Downloader\venv\Lib\site-packages\urllib3\connectionpool.py", line 464, in _make_request
    self._validate_conn(conn)
  File "C:\Users\Asus\AppData\Local\Programs\Python\Python314\Mega Downloader\venv\Lib\site-packages\urllib3\connectionpool.py", line 1106, in _validate_conn
    conn.connect()
  File "C:\Users\Asus\AppData\Local\Programs\Python\Python314\Mega Downloader\venv\Lib\site-packages\urllib3\connection.py", line 759, in connect
    self.sock = sock = self._new_conn()
                       ^^^^^^^^^^^^^^^^
  File "C:\Users\Asus\AppData\Local\Programs\Python\Python314\Mega Downloader\venv\Lib\site-packages\yt_dlp\networking\_requests.py", line 391, in _new_conn
    raise urllib3.exceptions.NewConnectionError(
urllib3.exceptions.NewConnectionError: SocksHTTPSConnection(host='api.telegram.org', port=443): Failed to establish a new connection: [WinError 10061] No connection could be made because the target machine actively refused it

The above exception was the direct cause of the following exception:

Traceback (most recent call last):
  File "C:\Users\Asus\AppData\Local\Programs\Python\Python314\Mega Downloader\venv\Lib\site-packages\requests\adapters.py", line 696, in send
    resp = conn.urlopen(
           ^^^^^^^^^^^^^
  File "C:\Users\Asus\AppData\Local\Programs\Python\Python314\Mega Downloader\venv\Lib\site-packages\urllib3\connectionpool.py", line 842, in urlopen
    retries = retries.increment(
              ^^^^^^^^^^^^^^^^^^
  File "C:\Users\Asus\AppData\Local\Programs\Python\Python314\Mega Downloader\venv\Lib\site-packages\urllib3\util\retry.py", line 543, in increment
    raise MaxRetryError(_pool, url, reason) from reason  # type: ignore[arg-type]
    ^^^^^^^^^^^^^^^^^^^^^^^^^^^^^^^^^^^^^^^^^^^^^^^^^^^
urllib3.exceptions.MaxRetryError: SocksHTTPSConnectionPool(host='api.telegram.org', port=443): Max retries exceeded with url: /bot8893611617:***********************************/getMe (Caused by NewConnectionError("SocksHTTPSConnection(host='api.telegram.org', port=443): Failed to establish a new connection: [WinError 10061] No connection could be made because the target machine actively refused it"))

During handling of the above exception, another exception occurred:

Traceback (most recent call last):
  File "C:\Users\Asus\AppData\Local\Programs\Python\Python314\Mega Downloader\venv\Lib\site-packages\telebot\__init__.py", line 1136, in infinity_polling
    self.polling(non_stop=True, timeout=timeout, long_polling_timeout=long_polling_timeout,
  File "C:\Users\Asus\AppData\Local\Programs\Python\Python314\Mega Downloader\venv\Lib\site-packages\telebot\__init__.py", line 1221, in polling
    logger.info('Starting your bot with username: [@%s]', self.user.username)
                                                          ^^^^^^^^^
  File "C:\Users\Asus\AppData\Local\Programs\Python\Python314\Mega Downloader\venv\Lib\site-packages\telebot\__init__.py", line 308, in user
    self._user = self.get_me()
                 ^^^^^^^^^^^^^
  File "C:\Users\Asus\AppData\Local\Programs\Python\Python314\Mega Downloader\venv\Lib\site-packages\telebot\__init__.py", line 1408, in get_me
    apihelper.get_me(self.token)
  File "C:\Users\Asus\AppData\Local\Programs\Python\Python314\Mega Downloader\venv\Lib\site-packages\telebot\apihelper.py", line 204, in get_me
    return _make_request(token, method_url)
           ^^^^^^^^^^^^^^^^^^^^^^^^^^^^^^^^
  File "C:\Users\Asus\AppData\Local\Programs\Python\Python314\Mega Downloader\venv\Lib\site-packages\telebot\apihelper.py", line 162, in _make_request
    result = _get_req_session().request(
             ^^^^^^^^^^^^^^^^^^^^^^^^^^^
  File "C:\Users\Asus\AppData\Local\Programs\Python\Python314\Mega Downloader\venv\Lib\site-packages\requests\sessions.py", line 651, in request
    resp = self.send(prep, **send_kwargs)
           ^^^^^^^^^^^^^^^^^^^^^^^^^^^^^^
  File "C:\Users\Asus\AppData\Local\Programs\Python\Python314\Mega Downloader\venv\Lib\site-packages\requests\sessions.py", line 784, in send
    r = adapter.send(request, **kwargs)
        ^^^^^^^^^^^^^^^^^^^^^^^^^^^^^^^
  File "C:\Users\Asus\AppData\Local\Programs\Python\Python314\Mega Downloader\venv\Lib\site-packages\requests\adapters.py", line 729, in send
    raise ConnectionError(e, request=request)
requests.exceptions.ConnectionError: SocksHTTPSConnectionPool(host='api.telegram.org', port=443): Max retries exceeded with url: /bot8893611617:***********************************/getMe (Caused by NewConnectionError("SocksHTTPSConnection(host='api.telegram.org', port=443): Failed to establish a new connection: [WinError 10061] No connection could be made because the target machine actively refused it"))

2026-07-10 12:06:39,716 [ERROR] TeleBot: Exception traceback:
Traceback (most recent call last):
  File "C:\Users\Asus\AppData\Local\Programs\Python\Python314\Mega Downloader\venv\Lib\site-packages\yt_dlp\networking\_requests.py", line 379, in _new_conn
    return create_connection(
           ^^^^^^^^^^^^^^^^^^
  File "C:\Users\Asus\AppData\Local\Programs\Python\Python314\Mega Downloader\venv\Lib\site-packages\yt_dlp\networking\_helper.py", line 269, in create_connection
    raise err
  File "C:\Users\Asus\AppData\Local\Programs\Python\Python314\Mega Downloader\venv\Lib\site-packages\yt_dlp\networking\_helper.py", line 260, in create_connection
    sock = _create_socket_func(ip_addr, timeout, source_address)
           ^^^^^^^^^^^^^^^^^^^^^^^^^^^^^^^^^^^^^^^^^^^^^^^^^^^^^
  File "C:\Users\Asus\AppData\Local\Programs\Python\Python314\Mega Downloader\venv\Lib\site-packages\yt_dlp\networking\_helper.py", line 228, in create_socks_proxy_socket
    sock.connect(dest_addr)
  File "C:\Users\Asus\AppData\Local\Programs\Python\Python314\Mega Downloader\venv\Lib\site-packages\yt_dlp\socks.py", line 271, in connect
    self._make_proxy(socket.socket.connect, address)
  File "C:\Users\Asus\AppData\Local\Programs\Python\Python314\Mega Downloader\venv\Lib\site-packages\yt_dlp\socks.py", line 259, in _make_proxy
    result = connect_func(self, (self._proxy.host, self._proxy.port))
             ^^^^^^^^^^^^^^^^^^^^^^^^^^^^^^^^^^^^^^^^^^^^^^^^^^^^^^^^
ConnectionRefusedError: [WinError 10061] No connection could be made because the target machine actively refused it

The above exception was the direct cause of the following exception:

Traceback (most recent call last):
  File "C:\Users\Asus\AppData\Local\Programs\Python\Python314\Mega Downloader\venv\Lib\site-packages\urllib3\connectionpool.py", line 788, in urlopen
    response = self._make_request(
               ^^^^^^^^^^^^^^^^^^^
  File "C:\Users\Asus\AppData\Local\Programs\Python\Python314\Mega Downloader\venv\Lib\site-packages\urllib3\connectionpool.py", line 488, in _make_request
    raise new_e
  File "C:\Users\Asus\AppData\Local\Programs\Python\Python314\Mega Downloader\venv\Lib\site-packages\urllib3\connectionpool.py", line 464, in _make_request
    self._validate_conn(conn)
  File "C:\Users\Asus\AppData\Local\Programs\Python\Python314\Mega Downloader\venv\Lib\site-packages\urllib3\connectionpool.py", line 1106, in _validate_conn
    conn.connect()
  File "C:\Users\Asus\AppData\Local\Programs\Python\Python314\Mega Downloader\venv\Lib\site-packages\urllib3\connection.py", line 759, in connect
    self.sock = sock = self._new_conn()
                       ^^^^^^^^^^^^^^^^
  File "C:\Users\Asus\AppData\Local\Programs\Python\Python314\Mega Downloader\venv\Lib\site-packages\yt_dlp\networking\_requests.py", line 391, in _new_conn
    raise urllib3.exceptions.NewConnectionError(
urllib3.exceptions.NewConnectionError: SocksHTTPSConnection(host='api.telegram.org', port=443): Failed to establish a new connection: [WinError 10061] No connection could be made because the target machine actively refused it

The above exception was the direct cause of the following exception:

Traceback (most recent call last):
  File "C:\Users\Asus\AppData\Local\Programs\Python\Python314\Mega Downloader\venv\Lib\site-packages\requests\adapters.py", line 696, in send
    resp = conn.urlopen(
           ^^^^^^^^^^^^^
  File "C:\Users\Asus\AppData\Local\Programs\Python\Python314\Mega Downloader\venv\Lib\site-packages\urllib3\connectionpool.py", line 842, in urlopen
    retries = retries.increment(
              ^^^^^^^^^^^^^^^^^^
  File "C:\Users\Asus\AppData\Local\Programs\Python\Python314\Mega Downloader\venv\Lib\site-packages\urllib3\util\retry.py", line 543, in increment
    raise MaxRetryError(_pool, url, reason) from reason  # type: ignore[arg-type]
    ^^^^^^^^^^^^^^^^^^^^^^^^^^^^^^^^^^^^^^^^^^^^^^^^^^^
urllib3.exceptions.MaxRetryError: SocksHTTPSConnectionPool(host='api.telegram.org', port=443): Max retries exceeded with url: /bot8893611617:***********************************/getMe (Caused by NewConnectionError("SocksHTTPSConnection(host='api.telegram.org', port=443): Failed to establish a new connection: [WinError 10061] No connection could be made because the target machine actively refused it"))

During handling of the above exception, another exception occurred:

Traceback (most recent call last):
  File "C:\Users\Asus\AppData\Local\Programs\Python\Python314\Mega Downloader\venv\Lib\site-packages\telebot\__init__.py", line 1136, in infinity_polling
    self.polling(non_stop=True, timeout=timeout, long_polling_timeout=long_polling_timeout,
  File "C:\Users\Asus\AppData\Local\Programs\Python\Python314\Mega Downloader\venv\Lib\site-packages\telebot\__init__.py", line 1221, in polling
    logger.info('Starting your bot with username: [@%s]', self.user.username)
                                                          ^^^^^^^^^
  File "C:\Users\Asus\AppData\Local\Programs\Python\Python314\Mega Downloader\venv\Lib\site-packages\telebot\__init__.py", line 308, in user
    self._user = self.get_me()
                 ^^^^^^^^^^^^^
  File "C:\Users\Asus\AppData\Local\Programs\Python\Python314\Mega Downloader\venv\Lib\site-packages\telebot\__init__.py", line 1408, in get_me
    apihelper.get_me(self.token)
  File "C:\Users\Asus\AppData\Local\Programs\Python\Python314\Mega Downloader\venv\Lib\site-packages\telebot\apihelper.py", line 204, in get_me
    return _make_request(token, method_url)
           ^^^^^^^^^^^^^^^^^^^^^^^^^^^^^^^^
  File "C:\Users\Asus\AppData\Local\Programs\Python\Python314\Mega Downloader\venv\Lib\site-packages\telebot\apihelper.py", line 162, in _make_request
    result = _get_req_session().request(
             ^^^^^^^^^^^^^^^^^^^^^^^^^^^
  File "C:\Users\Asus\AppData\Local\Programs\Python\Python314\Mega Downloader\venv\Lib\site-packages\requests\sessions.py", line 651, in request
    resp = self.send(prep, **send_kwargs)
           ^^^^^^^^^^^^^^^^^^^^^^^^^^^^^^
  File "C:\Users\Asus\AppData\Local\Programs\Python\Python314\Mega Downloader\venv\Lib\site-packages\requests\sessions.py", line 784, in send
    r = adapter.send(request, **kwargs)
        ^^^^^^^^^^^^^^^^^^^^^^^^^^^^^^^
  File "C:\Users\Asus\AppData\Local\Programs\Python\Python314\Mega Downloader\venv\Lib\site-packages\requests\adapters.py", line 729, in send
    raise ConnectionError(e, request=request)
requests.exceptions.ConnectionError: SocksHTTPSConnectionPool(host='api.telegram.org', port=443): Max retries exceeded with url: /bot8893611617:***********************************/getMe (Caused by NewConnectionError("SocksHTTPSConnection(host='api.telegram.org', port=443): Failed to establish a new connection: [WinError 10061] No connection could be made because the target machine actively refused it"))

2026-07-10 12:06:44,777 [ERROR] TeleBot: Exception traceback:
Traceback (most recent call last):
  File "C:\Users\Asus\AppData\Local\Programs\Python\Python314\Mega Downloader\venv\Lib\site-packages\yt_dlp\networking\_requests.py", line 379, in _new_conn
    return create_connection(
           ^^^^^^^^^^^^^^^^^^
  File "C:\Users\Asus\AppData\Local\Programs\Python\Python314\Mega Downloader\venv\Lib\site-packages\yt_dlp\networking\_helper.py", line 269, in create_connection
    raise err
  File "C:\Users\Asus\AppData\Local\Programs\Python\Python314\Mega Downloader\venv\Lib\site-packages\yt_dlp\networking\_helper.py", line 260, in create_connection
    sock = _create_socket_func(ip_addr, timeout, source_address)
           ^^^^^^^^^^^^^^^^^^^^^^^^^^^^^^^^^^^^^^^^^^^^^^^^^^^^^
  File "C:\Users\Asus\AppData\Local\Programs\Python\Python314\Mega Downloader\venv\Lib\site-packages\yt_dlp\networking\_helper.py", line 228, in create_socks_proxy_socket
    sock.connect(dest_addr)
  File "C:\Users\Asus\AppData\Local\Programs\Python\Python314\Mega Downloader\venv\Lib\site-packages\yt_dlp\socks.py", line 271, in connect
    self._make_proxy(socket.socket.connect, address)
  File "C:\Users\Asus\AppData\Local\Programs\Python\Python314\Mega Downloader\venv\Lib\site-packages\yt_dlp\socks.py", line 259, in _make_proxy
    result = connect_func(self, (self._proxy.host, self._proxy.port))
             ^^^^^^^^^^^^^^^^^^^^^^^^^^^^^^^^^^^^^^^^^^^^^^^^^^^^^^^^
ConnectionRefusedError: [WinError 10061] No connection could be made because the target machine actively refused it

The above exception was the direct cause of the following exception:

Traceback (most recent call last):
  File "C:\Users\Asus\AppData\Local\Programs\Python\Python314\Mega Downloader\venv\Lib\site-packages\urllib3\connectionpool.py", line 788, in urlopen
    response = self._make_request(
               ^^^^^^^^^^^^^^^^^^^
  File "C:\Users\Asus\AppData\Local\Programs\Python\Python314\Mega Downloader\venv\Lib\site-packages\urllib3\connectionpool.py", line 488, in _make_request
    raise new_e
  File "C:\Users\Asus\AppData\Local\Programs\Python\Python314\Mega Downloader\venv\Lib\site-packages\urllib3\connectionpool.py", line 464, in _make_request
    self._validate_conn(conn)
  File "C:\Users\Asus\AppData\Local\Programs\Python\Python314\Mega Downloader\venv\Lib\site-packages\urllib3\connectionpool.py", line 1106, in _validate_conn
    conn.connect()
  File "C:\Users\Asus\AppData\Local\Programs\Python\Python314\Mega Downloader\venv\Lib\site-packages\urllib3\connection.py", line 759, in connect
    self.sock = sock = self._new_conn()
                       ^^^^^^^^^^^^^^^^
  File "C:\Users\Asus\AppData\Local\Programs\Python\Python314\Mega Downloader\venv\Lib\site-packages\yt_dlp\networking\_requests.py", line 391, in _new_conn
    raise urllib3.exceptions.NewConnectionError(
urllib3.exceptions.NewConnectionError: SocksHTTPSConnection(host='api.telegram.org', port=443): Failed to establish a new connection: [WinError 10061] No connection could be made because the target machine actively refused it

The above exception was the direct cause of the following exception:

Traceback (most recent call last):
  File "C:\Users\Asus\AppData\Local\Programs\Python\Python314\Mega Downloader\venv\Lib\site-packages\requests\adapters.py", line 696, in send
    resp = conn.urlopen(
           ^^^^^^^^^^^^^
  File "C:\Users\Asus\AppData\Local\Programs\Python\Python314\Mega Downloader\venv\Lib\site-packages\urllib3\connectionpool.py", line 842, in urlopen
    retries = retries.increment(
              ^^^^^^^^^^^^^^^^^^
  File "C:\Users\Asus\AppData\Local\Programs\Python\Python314\Mega Downloader\venv\Lib\site-packages\urllib3\util\retry.py", line 543, in increment
    raise MaxRetryError(_pool, url, reason) from reason  # type: ignore[arg-type]
    ^^^^^^^^^^^^^^^^^^^^^^^^^^^^^^^^^^^^^^^^^^^^^^^^^^^
urllib3.exceptions.MaxRetryError: SocksHTTPSConnectionPool(host='api.telegram.org', port=443): Max retries exceeded with url: /bot8893611617:***********************************/getMe (Caused by NewConnectionError("SocksHTTPSConnection(host='api.telegram.org', port=443): Failed to establish a new connection: [WinError 10061] No connection could be made because the target machine actively refused it"))

During handling of the above exception, another exception occurred:

Traceback (most recent call last):
  File "C:\Users\Asus\AppData\Local\Programs\Python\Python314\Mega Downloader\venv\Lib\site-packages\telebot\__init__.py", line 1136, in infinity_polling
    self.polling(non_stop=True, timeout=timeout, long_polling_timeout=long_polling_timeout,
  File "C:\Users\Asus\AppData\Local\Programs\Python\Python314\Mega Downloader\venv\Lib\site-packages\telebot\__init__.py", line 1221, in polling
    logger.info('Starting your bot with username: [@%s]', self.user.username)
                                                          ^^^^^^^^^
  File "C:\Users\Asus\AppData\Local\Programs\Python\Python314\Mega Downloader\venv\Lib\site-packages\telebot\__init__.py", line 308, in user
    self._user = self.get_me()
                 ^^^^^^^^^^^^^
  File "C:\Users\Asus\AppData\Local\Programs\Python\Python314\Mega Downloader\venv\Lib\site-packages\telebot\__init__.py", line 1408, in get_me
    apihelper.get_me(self.token)
  File "C:\Users\Asus\AppData\Local\Programs\Python\Python314\Mega Downloader\venv\Lib\site-packages\telebot\apihelper.py", line 204, in get_me
    return _make_request(token, method_url)
           ^^^^^^^^^^^^^^^^^^^^^^^^^^^^^^^^
  File "C:\Users\Asus\AppData\Local\Programs\Python\Python314\Mega Downloader\venv\Lib\site-packages\telebot\apihelper.py", line 162, in _make_request
    result = _get_req_session().request(
             ^^^^^^^^^^^^^^^^^^^^^^^^^^^
  File "C:\Users\Asus\AppData\Local\Programs\Python\Python314\Mega Downloader\venv\Lib\site-packages\requests\sessions.py", line 651, in request
    resp = self.send(prep, **send_kwargs)
           ^^^^^^^^^^^^^^^^^^^^^^^^^^^^^^
  File "C:\Users\Asus\AppData\Local\Programs\Python\Python314\Mega Downloader\venv\Lib\site-packages\requests\sessions.py", line 784, in send
    r = adapter.send(request, **kwargs)
        ^^^^^^^^^^^^^^^^^^^^^^^^^^^^^^^
  File "C:\Users\Asus\AppData\Local\Programs\Python\Python314\Mega Downloader\venv\Lib\site-packages\requests\adapters.py", line 729, in send
    raise ConnectionError(e, request=request)
requests.exceptions.ConnectionError: SocksHTTPSConnectionPool(host='api.telegram.org', port=443): Max retries exceeded with url: /bot8893611617:***********************************/getMe (Caused by NewConnectionError("SocksHTTPSConnection(host='api.telegram.org', port=443): Failed to establish a new connection: [WinError 10061] No connection could be made because the target machine actively refused it"))

2026-07-10 12:06:49,819 [ERROR] TeleBot: Exception traceback:
Traceback (most recent call last):
  File "C:\Users\Asus\AppData\Local\Programs\Python\Python314\Mega Downloader\venv\Lib\site-packages\yt_dlp\networking\_requests.py", line 379, in _new_conn
    return create_connection(
           ^^^^^^^^^^^^^^^^^^
  File "C:\Users\Asus\AppData\Local\Programs\Python\Python314\Mega Downloader\venv\Lib\site-packages\yt_dlp\networking\_helper.py", line 269, in create_connection
    raise err
  File "C:\Users\Asus\AppData\Local\Programs\Python\Python314\Mega Downloader\venv\Lib\site-packages\yt_dlp\networking\_helper.py", line 260, in create_connection
    sock = _create_socket_func(ip_addr, timeout, source_address)
           ^^^^^^^^^^^^^^^^^^^^^^^^^^^^^^^^^^^^^^^^^^^^^^^^^^^^^
  File "C:\Users\Asus\AppData\Local\Programs\Python\Python314\Mega Downloader\venv\Lib\site-packages\yt_dlp\networking\_helper.py", line 228, in create_socks_proxy_socket
    sock.connect(dest_addr)
  File "C:\Users\Asus\AppData\Local\Programs\Python\Python314\Mega Downloader\venv\Lib\site-packages\yt_dlp\socks.py", line 271, in connect
    self._make_proxy(socket.socket.connect, address)
  File "C:\Users\Asus\AppData\Local\Programs\Python\Python314\Mega Downloader\venv\Lib\site-packages\yt_dlp\socks.py", line 259, in _make_proxy
    result = connect_func(self, (self._proxy.host, self._proxy.port))
             ^^^^^^^^^^^^^^^^^^^^^^^^^^^^^^^^^^^^^^^^^^^^^^^^^^^^^^^^
ConnectionRefusedError: [WinError 10061] No connection could be made because the target machine actively refused it

The above exception was the direct cause of the following exception:

Traceback (most recent call last):
  File "C:\Users\Asus\AppData\Local\Programs\Python\Python314\Mega Downloader\venv\Lib\site-packages\urllib3\connectionpool.py", line 788, in urlopen
    response = self._make_request(
               ^^^^^^^^^^^^^^^^^^^
  File "C:\Users\Asus\AppData\Local\Programs\Python\Python314\Mega Downloader\venv\Lib\site-packages\urllib3\connectionpool.py", line 488, in _make_request
    raise new_e
  File "C:\Users\Asus\AppData\Local\Programs\Python\Python314\Mega Downloader\venv\Lib\site-packages\urllib3\connectionpool.py", line 464, in _make_request
    self._validate_conn(conn)
  File "C:\Users\Asus\AppData\Local\Programs\Python\Python314\Mega Downloader\venv\Lib\site-packages\urllib3\connectionpool.py", line 1106, in _validate_conn
    conn.connect()
  File "C:\Users\Asus\AppData\Local\Programs\Python\Python314\Mega Downloader\venv\Lib\site-packages\urllib3\connection.py", line 759, in connect
    self.sock = sock = self._new_conn()
                       ^^^^^^^^^^^^^^^^
  File "C:\Users\Asus\AppData\Local\Programs\Python\Python314\Mega Downloader\venv\Lib\site-packages\yt_dlp\networking\_requests.py", line 391, in _new_conn
    raise urllib3.exceptions.NewConnectionError(
urllib3.exceptions.NewConnectionError: SocksHTTPSConnection(host='api.telegram.org', port=443): Failed to establish a new connection: [WinError 10061] No connection could be made because the target machine actively refused it

The above exception was the direct cause of the following exception:

Traceback (most recent call last):
  File "C:\Users\Asus\AppData\Local\Programs\Python\Python314\Mega Downloader\venv\Lib\site-packages\requests\adapters.py", line 696, in send
    resp = conn.urlopen(
           ^^^^^^^^^^^^^
  File "C:\Users\Asus\AppData\Local\Programs\Python\Python314\Mega Downloader\venv\Lib\site-packages\urllib3\connectionpool.py", line 842, in urlopen
    retries = retries.increment(
              ^^^^^^^^^^^^^^^^^^
  File "C:\Users\Asus\AppData\Local\Programs\Python\Python314\Mega Downloader\venv\Lib\site-packages\urllib3\util\retry.py", line 543, in increment
    raise MaxRetryError(_pool, url, reason) from reason  # type: ignore[arg-type]
    ^^^^^^^^^^^^^^^^^^^^^^^^^^^^^^^^^^^^^^^^^^^^^^^^^^^
urllib3.exceptions.MaxRetryError: SocksHTTPSConnectionPool(host='api.telegram.org', port=443): Max retries exceeded with url: /bot8893611617:***********************************/getMe (Caused by NewConnectionError("SocksHTTPSConnection(host='api.telegram.org', port=443): Failed to establish a new connection: [WinError 10061] No connection could be made because the target machine actively refused it"))

During handling of the above exception, another exception occurred:

Traceback (most recent call last):
  File "C:\Users\Asus\AppData\Local\Programs\Python\Python314\Mega Downloader\venv\Lib\site-packages\telebot\__init__.py", line 1136, in infinity_polling
    self.polling(non_stop=True, timeout=timeout, long_polling_timeout=long_polling_timeout,
  File "C:\Users\Asus\AppData\Local\Programs\Python\Python314\Mega Downloader\venv\Lib\site-packages\telebot\__init__.py", line 1221, in polling
    logger.info('Starting your bot with username: [@%s]', self.user.username)
                                                          ^^^^^^^^^
  File "C:\Users\Asus\AppData\Local\Programs\Python\Python314\Mega Downloader\venv\Lib\site-packages\telebot\__init__.py", line 308, in user
    self._user = self.get_me()
                 ^^^^^^^^^^^^^
  File "C:\Users\Asus\AppData\Local\Programs\Python\Python314\Mega Downloader\venv\Lib\site-packages\telebot\__init__.py", line 1408, in get_me
    apihelper.get_me(self.token)
  File "C:\Users\Asus\AppData\Local\Programs\Python\Python314\Mega Downloader\venv\Lib\site-packages\telebot\apihelper.py", line 204, in get_me
    return _make_request(token, method_url)
           ^^^^^^^^^^^^^^^^^^^^^^^^^^^^^^^^
  File "C:\Users\Asus\AppData\Local\Programs\Python\Python314\Mega Downloader\venv\Lib\site-packages\telebot\apihelper.py", line 162, in _make_request
    result = _get_req_session().request(
             ^^^^^^^^^^^^^^^^^^^^^^^^^^^
  File "C:\Users\Asus\AppData\Local\Programs\Python\Python314\Mega Downloader\venv\Lib\site-packages\requests\sessions.py", line 651, in request
    resp = self.send(prep, **send_kwargs)
           ^^^^^^^^^^^^^^^^^^^^^^^^^^^^^^
  File "C:\Users\Asus\AppData\Local\Programs\Python\Python314\Mega Downloader\venv\Lib\site-packages\requests\sessions.py", line 784, in send
    r = adapter.send(request, **kwargs)
        ^^^^^^^^^^^^^^^^^^^^^^^^^^^^^^^
  File "C:\Users\Asus\AppData\Local\Programs\Python\Python314\Mega Downloader\venv\Lib\site-packages\requests\adapters.py", line 729, in send
    raise ConnectionError(e, request=request)
requests.exceptions.ConnectionError: SocksHTTPSConnectionPool(host='api.telegram.org', port=443): Max retries exceeded with url: /bot8893611617:***********************************/getMe (Caused by NewConnectionError("SocksHTTPSConnection(host='api.telegram.org', port=443): Failed to establish a new connection: [WinError 10061] No connection could be made because the target machine actively refused it"))

2026-07-10 12:06:54,873 [ERROR] TeleBot: Exception traceback:
Traceback (most recent call last):
  File "C:\Users\Asus\AppData\Local\Programs\Python\Python314\Mega Downloader\venv\Lib\site-packages\yt_dlp\networking\_requests.py", line 379, in _new_conn
    return create_connection(
           ^^^^^^^^^^^^^^^^^^
  File "C:\Users\Asus\AppData\Local\Programs\Python\Python314\Mega Downloader\venv\Lib\site-packages\yt_dlp\networking\_helper.py", line 269, in create_connection
    raise err
  File "C:\Users\Asus\AppData\Local\Programs\Python\Python314\Mega Downloader\venv\Lib\site-packages\yt_dlp\networking\_helper.py", line 260, in create_connection
    sock = _create_socket_func(ip_addr, timeout, source_address)
           ^^^^^^^^^^^^^^^^^^^^^^^^^^^^^^^^^^^^^^^^^^^^^^^^^^^^^
  File "C:\Users\Asus\AppData\Local\Programs\Python\Python314\Mega Downloader\venv\Lib\site-packages\yt_dlp\networking\_helper.py", line 228, in create_socks_proxy_socket
    sock.connect(dest_addr)
  File "C:\Users\Asus\AppData\Local\Programs\Python\Python314\Mega Downloader\venv\Lib\site-packages\yt_dlp\socks.py", line 271, in connect
    self._make_proxy(socket.socket.connect, address)
  File "C:\Users\Asus\AppData\Local\Programs\Python\Python314\Mega Downloader\venv\Lib\site-packages\yt_dlp\socks.py", line 259, in _make_proxy
    result = connect_func(self, (self._proxy.host, self._proxy.port))
             ^^^^^^^^^^^^^^^^^^^^^^^^^^^^^^^^^^^^^^^^^^^^^^^^^^^^^^^^
ConnectionRefusedError: [WinError 10061] No connection could be made because the target machine actively refused it

The above exception was the direct cause of the following exception:

Traceback (most recent call last):
  File "C:\Users\Asus\AppData\Local\Programs\Python\Python314\Mega Downloader\venv\Lib\site-packages\urllib3\connectionpool.py", line 788, in urlopen
    response = self._make_request(
               ^^^^^^^^^^^^^^^^^^^
  File "C:\Users\Asus\AppData\Local\Programs\Python\Python314\Mega Downloader\venv\Lib\site-packages\urllib3\connectionpool.py", line 488, in _make_request
    raise new_e
  File "C:\Users\Asus\AppData\Local\Programs\Python\Python314\Mega Downloader\venv\Lib\site-packages\urllib3\connectionpool.py", line 464, in _make_request
    self._validate_conn(conn)
  File "C:\Users\Asus\AppData\Local\Programs\Python\Python314\Mega Downloader\venv\Lib\site-packages\urllib3\connectionpool.py", line 1106, in _validate_conn
    conn.connect()
  File "C:\Users\Asus\AppData\Local\Programs\Python\Python314\Mega Downloader\venv\Lib\site-packages\urllib3\connection.py", line 759, in connect
    self.sock = sock = self._new_conn()
                       ^^^^^^^^^^^^^^^^
  File "C:\Users\Asus\AppData\Local\Programs\Python\Python314\Mega Downloader\venv\Lib\site-packages\yt_dlp\networking\_requests.py", line 391, in _new_conn
    raise urllib3.exceptions.NewConnectionError(
urllib3.exceptions.NewConnectionError: SocksHTTPSConnection(host='api.telegram.org', port=443): Failed to establish a new connection: [WinError 10061] No connection could be made because the target machine actively refused it

The above exception was the direct cause of the following exception:

Traceback (most recent call last):
  File "C:\Users\Asus\AppData\Local\Programs\Python\Python314\Mega Downloader\venv\Lib\site-packages\requests\adapters.py", line 696, in send
    resp = conn.urlopen(
           ^^^^^^^^^^^^^
  File "C:\Users\Asus\AppData\Local\Programs\Python\Python314\Mega Downloader\venv\Lib\site-packages\urllib3\connectionpool.py", line 842, in urlopen
    retries = retries.increment(
              ^^^^^^^^^^^^^^^^^^
  File "C:\Users\Asus\AppData\Local\Programs\Python\Python314\Mega Downloader\venv\Lib\site-packages\urllib3\util\retry.py", line 543, in increment
    raise MaxRetryError(_pool, url, reason) from reason  # type: ignore[arg-type]
    ^^^^^^^^^^^^^^^^^^^^^^^^^^^^^^^^^^^^^^^^^^^^^^^^^^^
urllib3.exceptions.MaxRetryError: SocksHTTPSConnectionPool(host='api.telegram.org', port=443): Max retries exceeded with url: /bot8893611617:***********************************/getMe (Caused by NewConnectionError("SocksHTTPSConnection(host='api.telegram.org', port=443): Failed to establish a new connection: [WinError 10061] No connection could be made because the target machine actively refused it"))

During handling of the above exception, another exception occurred:

Traceback (most recent call last):
  File "C:\Users\Asus\AppData\Local\Programs\Python\Python314\Mega Downloader\venv\Lib\site-packages\telebot\__init__.py", line 1136, in infinity_polling
    self.polling(non_stop=True, timeout=timeout, long_polling_timeout=long_polling_timeout,
  File "C:\Users\Asus\AppData\Local\Programs\Python\Python314\Mega Downloader\venv\Lib\site-packages\telebot\__init__.py", line 1221, in polling
    logger.info('Starting your bot with username: [@%s]', self.user.username)
                                                          ^^^^^^^^^
  File "C:\Users\Asus\AppData\Local\Programs\Python\Python314\Mega Downloader\venv\Lib\site-packages\telebot\__init__.py", line 308, in user
    self._user = self.get_me()
                 ^^^^^^^^^^^^^
  File "C:\Users\Asus\AppData\Local\Programs\Python\Python314\Mega Downloader\venv\Lib\site-packages\telebot\__init__.py", line 1408, in get_me
    apihelper.get_me(self.token)
  File "C:\Users\Asus\AppData\Local\Programs\Python\Python314\Mega Downloader\venv\Lib\site-packages\telebot\apihelper.py", line 204, in get_me
    return _make_request(token, method_url)
           ^^^^^^^^^^^^^^^^^^^^^^^^^^^^^^^^
  File "C:\Users\Asus\AppData\Local\Programs\Python\Python314\Mega Downloader\venv\Lib\site-packages\telebot\apihelper.py", line 162, in _make_request
    result = _get_req_session().request(
             ^^^^^^^^^^^^^^^^^^^^^^^^^^^
  File "C:\Users\Asus\AppData\Local\Programs\Python\Python314\Mega Downloader\venv\Lib\site-packages\requests\sessions.py", line 651, in request
    resp = self.send(prep, **send_kwargs)
           ^^^^^^^^^^^^^^^^^^^^^^^^^^^^^^
  File "C:\Users\Asus\AppData\Local\Programs\Python\Python314\Mega Downloader\venv\Lib\site-packages\requests\sessions.py", line 784, in send
    r = adapter.send(request, **kwargs)
        ^^^^^^^^^^^^^^^^^^^^^^^^^^^^^^^
  File "C:\Users\Asus\AppData\Local\Programs\Python\Python314\Mega Downloader\venv\Lib\site-packages\requests\adapters.py", line 729, in send
    raise ConnectionError(e, request=request)
requests.exceptions.ConnectionError: SocksHTTPSConnectionPool(host='api.telegram.org', port=443): Max retries exceeded with url: /bot8893611617:***********************************/getMe (Caused by NewConnectionError("SocksHTTPSConnection(host='api.telegram.org', port=443): Failed to establish a new connection: [WinError 10061] No connection could be made because the target machine actively refused it"))

2026-07-10 12:06:59,925 [ERROR] TeleBot: Exception traceback:
Traceback (most recent call last):
  File "C:\Users\Asus\AppData\Local\Programs\Python\Python314\Mega Downloader\venv\Lib\site-packages\yt_dlp\networking\_requests.py", line 379, in _new_conn
    return create_connection(
           ^^^^^^^^^^^^^^^^^^
  File "C:\Users\Asus\AppData\Local\Programs\Python\Python314\Mega Downloader\venv\Lib\site-packages\yt_dlp\networking\_helper.py", line 269, in create_connection
    raise err
  File "C:\Users\Asus\AppData\Local\Programs\Python\Python314\Mega Downloader\venv\Lib\site-packages\yt_dlp\networking\_helper.py", line 260, in create_connection
    sock = _create_socket_func(ip_addr, timeout, source_address)
           ^^^^^^^^^^^^^^^^^^^^^^^^^^^^^^^^^^^^^^^^^^^^^^^^^^^^^
  File "C:\Users\Asus\AppData\Local\Programs\Python\Python314\Mega Downloader\venv\Lib\site-packages\yt_dlp\networking\_helper.py", line 228, in create_socks_proxy_socket
    sock.connect(dest_addr)
  File "C:\Users\Asus\AppData\Local\Programs\Python\Python314\Mega Downloader\venv\Lib\site-packages\yt_dlp\socks.py", line 271, in connect
    self._make_proxy(socket.socket.connect, address)
  File "C:\Users\Asus\AppData\Local\Programs\Python\Python314\Mega Downloader\venv\Lib\site-packages\yt_dlp\socks.py", line 259, in _make_proxy
    result = connect_func(self, (self._proxy.host, self._proxy.port))
             ^^^^^^^^^^^^^^^^^^^^^^^^^^^^^^^^^^^^^^^^^^^^^^^^^^^^^^^^
ConnectionRefusedError: [WinError 10061] No connection could be made because the target machine actively refused it

The above exception was the direct cause of the following exception:

Traceback (most recent call last):
  File "C:\Users\Asus\AppData\Local\Programs\Python\Python314\Mega Downloader\venv\Lib\site-packages\urllib3\connectionpool.py", line 788, in urlopen
    response = self._make_request(
               ^^^^^^^^^^^^^^^^^^^
  File "C:\Users\Asus\AppData\Local\Programs\Python\Python314\Mega Downloader\venv\Lib\site-packages\urllib3\connectionpool.py", line 488, in _make_request
    raise new_e
  File "C:\Users\Asus\AppData\Local\Programs\Python\Python314\Mega Downloader\venv\Lib\site-packages\urllib3\connectionpool.py", line 464, in _make_request
    self._validate_conn(conn)
  File "C:\Users\Asus\AppData\Local\Programs\Python\Python314\Mega Downloader\venv\Lib\site-packages\urllib3\connectionpool.py", line 1106, in _validate_conn
    conn.connect()
  File "C:\Users\Asus\AppData\Local\Programs\Python\Python314\Mega Downloader\venv\Lib\site-packages\urllib3\connection.py", line 759, in connect
    self.sock = sock = self._new_conn()
                       ^^^^^^^^^^^^^^^^
  File "C:\Users\Asus\AppData\Local\Programs\Python\Python314\Mega Downloader\venv\Lib\site-packages\yt_dlp\networking\_requests.py", line 391, in _new_conn
    raise urllib3.exceptions.NewConnectionError(
urllib3.exceptions.NewConnectionError: SocksHTTPSConnection(host='api.telegram.org', port=443): Failed to establish a new connection: [WinError 10061] No connection could be made because the target machine actively refused it

The above exception was the direct cause of the following exception:

Traceback (most recent call last):
  File "C:\Users\Asus\AppData\Local\Programs\Python\Python314\Mega Downloader\venv\Lib\site-packages\requests\adapters.py", line 696, in send
    resp = conn.urlopen(
           ^^^^^^^^^^^^^
  File "C:\Users\Asus\AppData\Local\Programs\Python\Python314\Mega Downloader\venv\Lib\site-packages\urllib3\connectionpool.py", line 842, in urlopen
    retries = retries.increment(
              ^^^^^^^^^^^^^^^^^^
  File "C:\Users\Asus\AppData\Local\Programs\Python\Python314\Mega Downloader\venv\Lib\site-packages\urllib3\util\retry.py", line 543, in increment
    raise MaxRetryError(_pool, url, reason) from reason  # type: ignore[arg-type]
    ^^^^^^^^^^^^^^^^^^^^^^^^^^^^^^^^^^^^^^^^^^^^^^^^^^^
urllib3.exceptions.MaxRetryError: SocksHTTPSConnectionPool(host='api.telegram.org', port=443): Max retries exceeded with url: /bot8893611617:***********************************/getMe (Caused by NewConnectionError("SocksHTTPSConnection(host='api.telegram.org', port=443): Failed to establish a new connection: [WinError 10061] No connection could be made because the target machine actively refused it"))

During handling of the above exception, another exception occurred:

Traceback (most recent call last):
  File "C:\Users\Asus\AppData\Local\Programs\Python\Python314\Mega Downloader\venv\Lib\site-packages\telebot\__init__.py", line 1136, in infinity_polling
    self.polling(non_stop=True, timeout=timeout, long_polling_timeout=long_polling_timeout,
  File "C:\Users\Asus\AppData\Local\Programs\Python\Python314\Mega Downloader\venv\Lib\site-packages\telebot\__init__.py", line 1221, in polling
    logger.info('Starting your bot with username: [@%s]', self.user.username)
                                                          ^^^^^^^^^
  File "C:\Users\Asus\AppData\Local\Programs\Python\Python314\Mega Downloader\venv\Lib\site-packages\telebot\__init__.py", line 308, in user
    self._user = self.get_me()
                 ^^^^^^^^^^^^^
  File "C:\Users\Asus\AppData\Local\Programs\Python\Python314\Mega Downloader\venv\Lib\site-packages\telebot\__init__.py", line 1408, in get_me
    apihelper.get_me(self.token)
  File "C:\Users\Asus\AppData\Local\Programs\Python\Python314\Mega Downloader\venv\Lib\site-packages\telebot\apihelper.py", line 204, in get_me
    return _make_request(token, method_url)
           ^^^^^^^^^^^^^^^^^^^^^^^^^^^^^^^^
  File "C:\Users\Asus\AppData\Local\Programs\Python\Python314\Mega Downloader\venv\Lib\site-packages\telebot\apihelper.py", line 162, in _make_request
    result = _get_req_session().request(
             ^^^^^^^^^^^^^^^^^^^^^^^^^^^
  File "C:\Users\Asus\AppData\Local\Programs\Python\Python314\Mega Downloader\venv\Lib\site-packages\requests\sessions.py", line 651, in request
    resp = self.send(prep, **send_kwargs)
           ^^^^^^^^^^^^^^^^^^^^^^^^^^^^^^
  File "C:\Users\Asus\AppData\Local\Programs\Python\Python314\Mega Downloader\venv\Lib\site-packages\requests\sessions.py", line 784, in send
    r = adapter.send(request, **kwargs)
        ^^^^^^^^^^^^^^^^^^^^^^^^^^^^^^^
  File "C:\Users\Asus\AppData\Local\Programs\Python\Python314\Mega Downloader\venv\Lib\site-packages\requests\adapters.py", line 729, in send
    raise ConnectionError(e, request=request)
requests.exceptions.ConnectionError: SocksHTTPSConnectionPool(host='api.telegram.org', port=443): Max retries exceeded with url: /bot8893611617:***********************************/getMe (Caused by NewConnectionError("SocksHTTPSConnection(host='api.telegram.org', port=443): Failed to establish a new connection: [WinError 10061] No connection could be made because the target machine actively refused it"))

2026-07-10 12:07:04,987 [ERROR] TeleBot: Exception traceback:
Traceback (most recent call last):
  File "C:\Users\Asus\AppData\Local\Programs\Python\Python314\Mega Downloader\venv\Lib\site-packages\yt_dlp\networking\_requests.py", line 379, in _new_conn
    return create_connection(
           ^^^^^^^^^^^^^^^^^^
  File "C:\Users\Asus\AppData\Local\Programs\Python\Python314\Mega Downloader\venv\Lib\site-packages\yt_dlp\networking\_helper.py", line 269, in create_connection
    raise err
  File "C:\Users\Asus\AppData\Local\Programs\Python\Python314\Mega Downloader\venv\Lib\site-packages\yt_dlp\networking\_helper.py", line 260, in create_connection
    sock = _create_socket_func(ip_addr, timeout, source_address)
           ^^^^^^^^^^^^^^^^^^^^^^^^^^^^^^^^^^^^^^^^^^^^^^^^^^^^^
  File "C:\Users\Asus\AppData\Local\Programs\Python\Python314\Mega Downloader\venv\Lib\site-packages\yt_dlp\networking\_helper.py", line 228, in create_socks_proxy_socket
    sock.connect(dest_addr)
  File "C:\Users\Asus\AppData\Local\Programs\Python\Python314\Mega Downloader\venv\Lib\site-packages\yt_dlp\socks.py", line 271, in connect
    self._make_proxy(socket.socket.connect, address)
  File "C:\Users\Asus\AppData\Local\Programs\Python\Python314\Mega Downloader\venv\Lib\site-packages\yt_dlp\socks.py", line 259, in _make_proxy
    result = connect_func(self, (self._proxy.host, self._proxy.port))
             ^^^^^^^^^^^^^^^^^^^^^^^^^^^^^^^^^^^^^^^^^^^^^^^^^^^^^^^^
ConnectionRefusedError: [WinError 10061] No connection could be made because the target machine actively refused it

The above exception was the direct cause of the following exception:

Traceback (most recent call last):
  File "C:\Users\Asus\AppData\Local\Programs\Python\Python314\Mega Downloader\venv\Lib\site-packages\urllib3\connectionpool.py", line 788, in urlopen
    response = self._make_request(
               ^^^^^^^^^^^^^^^^^^^
  File "C:\Users\Asus\AppData\Local\Programs\Python\Python314\Mega Downloader\venv\Lib\site-packages\urllib3\connectionpool.py", line 488, in _make_request
    raise new_e
  File "C:\Users\Asus\AppData\Local\Programs\Python\Python314\Mega Downloader\venv\Lib\site-packages\urllib3\connectionpool.py", line 464, in _make_request
    self._validate_conn(conn)
  File "C:\Users\Asus\AppData\Local\Programs\Python\Python314\Mega Downloader\venv\Lib\site-packages\urllib3\connectionpool.py", line 1106, in _validate_conn
    conn.connect()
  File "C:\Users\Asus\AppData\Local\Programs\Python\Python314\Mega Downloader\venv\Lib\site-packages\urllib3\connection.py", line 759, in connect
    self.sock = sock = self._new_conn()
                       ^^^^^^^^^^^^^^^^
  File "C:\Users\Asus\AppData\Local\Programs\Python\Python314\Mega Downloader\venv\Lib\site-packages\yt_dlp\networking\_requests.py", line 391, in _new_conn
    raise urllib3.exceptions.NewConnectionError(
urllib3.exceptions.NewConnectionError: SocksHTTPSConnection(host='api.telegram.org', port=443): Failed to establish a new connection: [WinError 10061] No connection could be made because the target machine actively refused it

The above exception was the direct cause of the following exception:

Traceback (most recent call last):
  File "C:\Users\Asus\AppData\Local\Programs\Python\Python314\Mega Downloader\venv\Lib\site-packages\requests\adapters.py", line 696, in send
    resp = conn.urlopen(
           ^^^^^^^^^^^^^
  File "C:\Users\Asus\AppData\Local\Programs\Python\Python314\Mega Downloader\venv\Lib\site-packages\urllib3\connectionpool.py", line 842, in urlopen
    retries = retries.increment(
              ^^^^^^^^^^^^^^^^^^
  File "C:\Users\Asus\AppData\Local\Programs\Python\Python314\Mega Downloader\venv\Lib\site-packages\urllib3\util\retry.py", line 543, in increment
    raise MaxRetryError(_pool, url, reason) from reason  # type: ignore[arg-type]
    ^^^^^^^^^^^^^^^^^^^^^^^^^^^^^^^^^^^^^^^^^^^^^^^^^^^
urllib3.exceptions.MaxRetryError: SocksHTTPSConnectionPool(host='api.telegram.org', port=443): Max retries exceeded with url: /bot8893611617:***********************************/getMe (Caused by NewConnectionError("SocksHTTPSConnection(host='api.telegram.org', port=443): Failed to establish a new connection: [WinError 10061] No connection could be made because the target machine actively refused it"))

During handling of the above exception, another exception occurred:

Traceback (most recent call last):
  File "C:\Users\Asus\AppData\Local\Programs\Python\Python314\Mega Downloader\venv\Lib\site-packages\telebot\__init__.py", line 1136, in infinity_polling
    self.polling(non_stop=True, timeout=timeout, long_polling_timeout=long_polling_timeout,
  File "C:\Users\Asus\AppData\Local\Programs\Python\Python314\Mega Downloader\venv\Lib\site-packages\telebot\__init__.py", line 1221, in polling
    logger.info('Starting your bot with username: [@%s]', self.user.username)
                                                          ^^^^^^^^^
  File "C:\Users\Asus\AppData\Local\Programs\Python\Python314\Mega Downloader\venv\Lib\site-packages\telebot\__init__.py", line 308, in user
    self._user = self.get_me()
                 ^^^^^^^^^^^^^
  File "C:\Users\Asus\AppData\Local\Programs\Python\Python314\Mega Downloader\venv\Lib\site-packages\telebot\__init__.py", line 1408, in get_me
    apihelper.get_me(self.token)
  File "C:\Users\Asus\AppData\Local\Programs\Python\Python314\Mega Downloader\venv\Lib\site-packages\telebot\apihelper.py", line 204, in get_me
    return _make_request(token, method_url)
           ^^^^^^^^^^^^^^^^^^^^^^^^^^^^^^^^
  File "C:\Users\Asus\AppData\Local\Programs\Python\Python314\Mega Downloader\venv\Lib\site-packages\telebot\apihelper.py", line 162, in _make_request
    result = _get_req_session().request(
             ^^^^^^^^^^^^^^^^^^^^^^^^^^^
  File "C:\Users\Asus\AppData\Local\Programs\Python\Python314\Mega Downloader\venv\Lib\site-packages\requests\sessions.py", line 651, in request
    resp = self.send(prep, **send_kwargs)
           ^^^^^^^^^^^^^^^^^^^^^^^^^^^^^^
  File "C:\Users\Asus\AppData\Local\Programs\Python\Python314\Mega Downloader\venv\Lib\site-packages\requests\sessions.py", line 784, in send
    r = adapter.send(request, **kwargs)
        ^^^^^^^^^^^^^^^^^^^^^^^^^^^^^^^
  File "C:\Users\Asus\AppData\Local\Programs\Python\Python314\Mega Downloader\venv\Lib\site-packages\requests\adapters.py", line 729, in send
    raise ConnectionError(e, request=request)
requests.exceptions.ConnectionError: SocksHTTPSConnectionPool(host='api.telegram.org', port=443): Max retries exceeded with url: /bot8893611617:***********************************/getMe (Caused by NewConnectionError("SocksHTTPSConnection(host='api.telegram.org', port=443): Failed to establish a new connection: [WinError 10061] No connection could be made because the target machine actively refused it"))

2026-07-10 12:07:10,092 [ERROR] TeleBot: Exception traceback:
Traceback (most recent call last):
  File "C:\Users\Asus\AppData\Local\Programs\Python\Python314\Mega Downloader\venv\Lib\site-packages\yt_dlp\networking\_requests.py", line 379, in _new_conn
    return create_connection(
           ^^^^^^^^^^^^^^^^^^
  File "C:\Users\Asus\AppData\Local\Programs\Python\Python314\Mega Downloader\venv\Lib\site-packages\yt_dlp\networking\_helper.py", line 269, in create_connection
    raise err
  File "C:\Users\Asus\AppData\Local\Programs\Python\Python314\Mega Downloader\venv\Lib\site-packages\yt_dlp\networking\_helper.py", line 260, in create_connection
    sock = _create_socket_func(ip_addr, timeout, source_address)
           ^^^^^^^^^^^^^^^^^^^^^^^^^^^^^^^^^^^^^^^^^^^^^^^^^^^^^
  File "C:\Users\Asus\AppData\Local\Programs\Python\Python314\Mega Downloader\venv\Lib\site-packages\yt_dlp\networking\_helper.py", line 228, in create_socks_proxy_socket
    sock.connect(dest_addr)
  File "C:\Users\Asus\AppData\Local\Programs\Python\Python314\Mega Downloader\venv\Lib\site-packages\yt_dlp\socks.py", line 271, in connect
    self._make_proxy(socket.socket.connect, address)
  File "C:\Users\Asus\AppData\Local\Programs\Python\Python314\Mega Downloader\venv\Lib\site-packages\yt_dlp\socks.py", line 259, in _make_proxy
    result = connect_func(self, (self._proxy.host, self._proxy.port))
             ^^^^^^^^^^^^^^^^^^^^^^^^^^^^^^^^^^^^^^^^^^^^^^^^^^^^^^^^
ConnectionRefusedError: [WinError 10061] No connection could be made because the target machine actively refused it

The above exception was the direct cause of the following exception:

Traceback (most recent call last):
  File "C:\Users\Asus\AppData\Local\Programs\Python\Python314\Mega Downloader\venv\Lib\site-packages\urllib3\connectionpool.py", line 788, in urlopen
    response = self._make_request(
               ^^^^^^^^^^^^^^^^^^^
  File "C:\Users\Asus\AppData\Local\Programs\Python\Python314\Mega Downloader\venv\Lib\site-packages\urllib3\connectionpool.py", line 488, in _make_request
    raise new_e
  File "C:\Users\Asus\AppData\Local\Programs\Python\Python314\Mega Downloader\venv\Lib\site-packages\urllib3\connectionpool.py", line 464, in _make_request
    self._validate_conn(conn)
  File "C:\Users\Asus\AppData\Local\Programs\Python\Python314\Mega Downloader\venv\Lib\site-packages\urllib3\connectionpool.py", line 1106, in _validate_conn
    conn.connect()
  File "C:\Users\Asus\AppData\Local\Programs\Python\Python314\Mega Downloader\venv\Lib\site-packages\urllib3\connection.py", line 759, in connect
    self.sock = sock = self._new_conn()
                       ^^^^^^^^^^^^^^^^
  File "C:\Users\Asus\AppData\Local\Programs\Python\Python314\Mega Downloader\venv\Lib\site-packages\yt_dlp\networking\_requests.py", line 391, in _new_conn
    raise urllib3.exceptions.NewConnectionError(
urllib3.exceptions.NewConnectionError: SocksHTTPSConnection(host='api.telegram.org', port=443): Failed to establish a new connection: [WinError 10061] No connection could be made because the target machine actively refused it

The above exception was the direct cause of the following exception:

Traceback (most recent call last):
  File "C:\Users\Asus\AppData\Local\Programs\Python\Python314\Mega Downloader\venv\Lib\site-packages\requests\adapters.py", line 696, in send
    resp = conn.urlopen(
           ^^^^^^^^^^^^^
  File "C:\Users\Asus\AppData\Local\Programs\Python\Python314\Mega Downloader\venv\Lib\site-packages\urllib3\connectionpool.py", line 842, in urlopen
    retries = retries.increment(
              ^^^^^^^^^^^^^^^^^^
  File "C:\Users\Asus\AppData\Local\Programs\Python\Python314\Mega Downloader\venv\Lib\site-packages\urllib3\util\retry.py", line 543, in increment
    raise MaxRetryError(_pool, url, reason) from reason  # type: ignore[arg-type]
    ^^^^^^^^^^^^^^^^^^^^^^^^^^^^^^^^^^^^^^^^^^^^^^^^^^^
urllib3.exceptions.MaxRetryError: SocksHTTPSConnectionPool(host='api.telegram.org', port=443): Max retries exceeded with url: /bot8893611617:***********************************/getMe (Caused by NewConnectionError("SocksHTTPSConnection(host='api.telegram.org', port=443): Failed to establish a new connection: [WinError 10061] No connection could be made because the target machine actively refused it"))

During handling of the above exception, another exception occurred:

Traceback (most recent call last):
  File "C:\Users\Asus\AppData\Local\Programs\Python\Python314\Mega Downloader\venv\Lib\site-packages\telebot\__init__.py", line 1136, in infinity_polling
    self.polling(non_stop=True, timeout=timeout, long_polling_timeout=long_polling_timeout,
  File "C:\Users\Asus\AppData\Local\Programs\Python\Python314\Mega Downloader\venv\Lib\site-packages\telebot\__init__.py", line 1221, in polling
    logger.info('Starting your bot with username: [@%s]', self.user.username)
                                                          ^^^^^^^^^
  File "C:\Users\Asus\AppData\Local\Programs\Python\Python314\Mega Downloader\venv\Lib\site-packages\telebot\__init__.py", line 308, in user
    self._user = self.get_me()
                 ^^^^^^^^^^^^^
  File "C:\Users\Asus\AppData\Local\Programs\Python\Python314\Mega Downloader\venv\Lib\site-packages\telebot\__init__.py", line 1408, in get_me
    apihelper.get_me(self.token)
  File "C:\Users\Asus\AppData\Local\Programs\Python\Python314\Mega Downloader\venv\Lib\site-packages\telebot\apihelper.py", line 204, in get_me
    return _make_request(token, method_url)
           ^^^^^^^^^^^^^^^^^^^^^^^^^^^^^^^^
  File "C:\Users\Asus\AppData\Local\Programs\Python\Python314\Mega Downloader\venv\Lib\site-packages\telebot\apihelper.py", line 162, in _make_request
    result = _get_req_session().request(
             ^^^^^^^^^^^^^^^^^^^^^^^^^^^
  File "C:\Users\Asus\AppData\Local\Programs\Python\Python314\Mega Downloader\venv\Lib\site-packages\requests\sessions.py", line 651, in request
    resp = self.send(prep, **send_kwargs)
           ^^^^^^^^^^^^^^^^^^^^^^^^^^^^^^
  File "C:\Users\Asus\AppData\Local\Programs\Python\Python314\Mega Downloader\venv\Lib\site-packages\requests\sessions.py", line 784, in send
    r = adapter.send(request, **kwargs)
        ^^^^^^^^^^^^^^^^^^^^^^^^^^^^^^^
  File "C:\Users\Asus\AppData\Local\Programs\Python\Python314\Mega Downloader\venv\Lib\site-packages\requests\adapters.py", line 729, in send
    raise ConnectionError(e, request=request)
requests.exceptions.ConnectionError: SocksHTTPSConnectionPool(host='api.telegram.org', port=443): Max retries exceeded with url: /bot8893611617:***********************************/getMe (Caused by NewConnectionError("SocksHTTPSConnection(host='api.telegram.org', port=443): Failed to establish a new connection: [WinError 10061] No connection could be made because the target machine actively refused it"))

2026-07-10 12:07:15,150 [ERROR] TeleBot: Exception traceback:
Traceback (most recent call last):
  File "C:\Users\Asus\AppData\Local\Programs\Python\Python314\Mega Downloader\venv\Lib\site-packages\yt_dlp\networking\_requests.py", line 379, in _new_conn
    return create_connection(
           ^^^^^^^^^^^^^^^^^^
  File "C:\Users\Asus\AppData\Local\Programs\Python\Python314\Mega Downloader\venv\Lib\site-packages\yt_dlp\networking\_helper.py", line 269, in create_connection
    raise err
  File "C:\Users\Asus\AppData\Local\Programs\Python\Python314\Mega Downloader\venv\Lib\site-packages\yt_dlp\networking\_helper.py", line 260, in create_connection
    sock = _create_socket_func(ip_addr, timeout, source_address)
           ^^^^^^^^^^^^^^^^^^^^^^^^^^^^^^^^^^^^^^^^^^^^^^^^^^^^^
  File "C:\Users\Asus\AppData\Local\Programs\Python\Python314\Mega Downloader\venv\Lib\site-packages\yt_dlp\networking\_helper.py", line 228, in create_socks_proxy_socket
    sock.connect(dest_addr)
  File "C:\Users\Asus\AppData\Local\Programs\Python\Python314\Mega Downloader\venv\Lib\site-packages\yt_dlp\socks.py", line 271, in connect
    self._make_proxy(socket.socket.connect, address)
  File "C:\Users\Asus\AppData\Local\Programs\Python\Python314\Mega Downloader\venv\Lib\site-packages\yt_dlp\socks.py", line 259, in _make_proxy
    result = connect_func(self, (self._proxy.host, self._proxy.port))
             ^^^^^^^^^^^^^^^^^^^^^^^^^^^^^^^^^^^^^^^^^^^^^^^^^^^^^^^^
ConnectionRefusedError: [WinError 10061] No connection could be made because the target machine actively refused it

The above exception was the direct cause of the following exception:

Traceback (most recent call last):
  File "C:\Users\Asus\AppData\Local\Programs\Python\Python314\Mega Downloader\venv\Lib\site-packages\urllib3\connectionpool.py", line 788, in urlopen
    response = self._make_request(
               ^^^^^^^^^^^^^^^^^^^
  File "C:\Users\Asus\AppData\Local\Programs\Python\Python314\Mega Downloader\venv\Lib\site-packages\urllib3\connectionpool.py", line 488, in _make_request
    raise new_e
  File "C:\Users\Asus\AppData\Local\Programs\Python\Python314\Mega Downloader\venv\Lib\site-packages\urllib3\connectionpool.py", line 464, in _make_request
    self._validate_conn(conn)
  File "C:\Users\Asus\AppData\Local\Programs\Python\Python314\Mega Downloader\venv\Lib\site-packages\urllib3\connectionpool.py", line 1106, in _validate_conn
    conn.connect()
  File "C:\Users\Asus\AppData\Local\Programs\Python\Python314\Mega Downloader\venv\Lib\site-packages\urllib3\connection.py", line 759, in connect
    self.sock = sock = self._new_conn()
                       ^^^^^^^^^^^^^^^^
  File "C:\Users\Asus\AppData\Local\Programs\Python\Python314\Mega Downloader\venv\Lib\site-packages\yt_dlp\networking\_requests.py", line 391, in _new_conn
    raise urllib3.exceptions.NewConnectionError(
urllib3.exceptions.NewConnectionError: SocksHTTPSConnection(host='api.telegram.org', port=443): Failed to establish a new connection: [WinError 10061] No connection could be made because the target machine actively refused it

The above exception was the direct cause of the following exception:

Traceback (most recent call last):
  File "C:\Users\Asus\AppData\Local\Programs\Python\Python314\Mega Downloader\venv\Lib\site-packages\requests\adapters.py", line 696, in send
    resp = conn.urlopen(
           ^^^^^^^^^^^^^
  File "C:\Users\Asus\AppData\Local\Programs\Python\Python314\Mega Downloader\venv\Lib\site-packages\urllib3\connectionpool.py", line 842, in urlopen
    retries = retries.increment(
              ^^^^^^^^^^^^^^^^^^
  File "C:\Users\Asus\AppData\Local\Programs\Python\Python314\Mega Downloader\venv\Lib\site-packages\urllib3\util\retry.py", line 543, in increment
    raise MaxRetryError(_pool, url, reason) from reason  # type: ignore[arg-type]
    ^^^^^^^^^^^^^^^^^^^^^^^^^^^^^^^^^^^^^^^^^^^^^^^^^^^
urllib3.exceptions.MaxRetryError: SocksHTTPSConnectionPool(host='api.telegram.org', port=443): Max retries exceeded with url: /bot8893611617:***********************************/getMe (Caused by NewConnectionError("SocksHTTPSConnection(host='api.telegram.org', port=443): Failed to establish a new connection: [WinError 10061] No connection could be made because the target machine actively refused it"))

During handling of the above exception, another exception occurred:

Traceback (most recent call last):
  File "C:\Users\Asus\AppData\Local\Programs\Python\Python314\Mega Downloader\venv\Lib\site-packages\telebot\__init__.py", line 1136, in infinity_polling
    self.polling(non_stop=True, timeout=timeout, long_polling_timeout=long_polling_timeout,
  File "C:\Users\Asus\AppData\Local\Programs\Python\Python314\Mega Downloader\venv\Lib\site-packages\telebot\__init__.py", line 1221, in polling
    logger.info('Starting your bot with username: [@%s]', self.user.username)
                                                          ^^^^^^^^^
  File "C:\Users\Asus\AppData\Local\Programs\Python\Python314\Mega Downloader\venv\Lib\site-packages\telebot\__init__.py", line 308, in user
    self._user = self.get_me()
                 ^^^^^^^^^^^^^
  File "C:\Users\Asus\AppData\Local\Programs\Python\Python314\Mega Downloader\venv\Lib\site-packages\telebot\__init__.py", line 1408, in get_me
    apihelper.get_me(self.token)
  File "C:\Users\Asus\AppData\Local\Programs\Python\Python314\Mega Downloader\venv\Lib\site-packages\telebot\apihelper.py", line 204, in get_me
    return _make_request(token, method_url)
           ^^^^^^^^^^^^^^^^^^^^^^^^^^^^^^^^
  File "C:\Users\Asus\AppData\Local\Programs\Python\Python314\Mega Downloader\venv\Lib\site-packages\telebot\apihelper.py", line 162, in _make_request
    result = _get_req_session().request(
             ^^^^^^^^^^^^^^^^^^^^^^^^^^^
  File "C:\Users\Asus\AppData\Local\Programs\Python\Python314\Mega Downloader\venv\Lib\site-packages\requests\sessions.py", line 651, in request
    resp = self.send(prep, **send_kwargs)
           ^^^^^^^^^^^^^^^^^^^^^^^^^^^^^^
  File "C:\Users\Asus\AppData\Local\Programs\Python\Python314\Mega Downloader\venv\Lib\site-packages\requests\sessions.py", line 784, in send
    r = adapter.send(request, **kwargs)
        ^^^^^^^^^^^^^^^^^^^^^^^^^^^^^^^
  File "C:\Users\Asus\AppData\Local\Programs\Python\Python314\Mega Downloader\venv\Lib\site-packages\requests\adapters.py", line 729, in send
    raise ConnectionError(e, request=request)
requests.exceptions.ConnectionError: SocksHTTPSConnectionPool(host='api.telegram.org', port=443): Max retries exceeded with url: /bot8893611617:***********************************/getMe (Caused by NewConnectionError("SocksHTTPSConnection(host='api.telegram.org', port=443): Failed to establish a new connection: [WinError 10061] No connection could be made because the target machine actively refused it"))

2026-07-10 12:07:20,193 [ERROR] TeleBot: Exception traceback:
Traceback (most recent call last):
  File "C:\Users\Asus\AppData\Local\Programs\Python\Python314\Mega Downloader\venv\Lib\site-packages\yt_dlp\networking\_requests.py", line 379, in _new_conn
    return create_connection(
           ^^^^^^^^^^^^^^^^^^
  File "C:\Users\Asus\AppData\Local\Programs\Python\Python314\Mega Downloader\venv\Lib\site-packages\yt_dlp\networking\_helper.py", line 269, in create_connection
    raise err
  File "C:\Users\Asus\AppData\Local\Programs\Python\Python314\Mega Downloader\venv\Lib\site-packages\yt_dlp\networking\_helper.py", line 260, in create_connection
    sock = _create_socket_func(ip_addr, timeout, source_address)
           ^^^^^^^^^^^^^^^^^^^^^^^^^^^^^^^^^^^^^^^^^^^^^^^^^^^^^
  File "C:\Users\Asus\AppData\Local\Programs\Python\Python314\Mega Downloader\venv\Lib\site-packages\yt_dlp\networking\_helper.py", line 228, in create_socks_proxy_socket
    sock.connect(dest_addr)
  File "C:\Users\Asus\AppData\Local\Programs\Python\Python314\Mega Downloader\venv\Lib\site-packages\yt_dlp\socks.py", line 271, in connect
    self._make_proxy(socket.socket.connect, address)
  File "C:\Users\Asus\AppData\Local\Programs\Python\Python314\Mega Downloader\venv\Lib\site-packages\yt_dlp\socks.py", line 259, in _make_proxy
    result = connect_func(self, (self._proxy.host, self._proxy.port))
             ^^^^^^^^^^^^^^^^^^^^^^^^^^^^^^^^^^^^^^^^^^^^^^^^^^^^^^^^
ConnectionRefusedError: [WinError 10061] No connection could be made because the target machine actively refused it

The above exception was the direct cause of the following exception:

Traceback (most recent call last):
  File "C:\Users\Asus\AppData\Local\Programs\Python\Python314\Mega Downloader\venv\Lib\site-packages\urllib3\connectionpool.py", line 788, in urlopen
    response = self._make_request(
               ^^^^^^^^^^^^^^^^^^^
  File "C:\Users\Asus\AppData\Local\Programs\Python\Python314\Mega Downloader\venv\Lib\site-packages\urllib3\connectionpool.py", line 488, in _make_request
    raise new_e
  File "C:\Users\Asus\AppData\Local\Programs\Python\Python314\Mega Downloader\venv\Lib\site-packages\urllib3\connectionpool.py", line 464, in _make_request
    self._validate_conn(conn)
  File "C:\Users\Asus\AppData\Local\Programs\Python\Python314\Mega Downloader\venv\Lib\site-packages\urllib3\connectionpool.py", line 1106, in _validate_conn
    conn.connect()
  File "C:\Users\Asus\AppData\Local\Programs\Python\Python314\Mega Downloader\venv\Lib\site-packages\urllib3\connection.py", line 759, in connect
    self.sock = sock = self._new_conn()
                       ^^^^^^^^^^^^^^^^
  File "C:\Users\Asus\AppData\Local\Programs\Python\Python314\Mega Downloader\venv\Lib\site-packages\yt_dlp\networking\_requests.py", line 391, in _new_conn
    raise urllib3.exceptions.NewConnectionError(
urllib3.exceptions.NewConnectionError: SocksHTTPSConnection(host='api.telegram.org', port=443): Failed to establish a new connection: [WinError 10061] No connection could be made because the target machine actively refused it

The above exception was the direct cause of the following exception:

Traceback (most recent call last):
  File "C:\Users\Asus\AppData\Local\Programs\Python\Python314\Mega Downloader\venv\Lib\site-packages\requests\adapters.py", line 696, in send
    resp = conn.urlopen(
           ^^^^^^^^^^^^^
  File "C:\Users\Asus\AppData\Local\Programs\Python\Python314\Mega Downloader\venv\Lib\site-packages\urllib3\connectionpool.py", line 842, in urlopen
    retries = retries.increment(
              ^^^^^^^^^^^^^^^^^^
  File "C:\Users\Asus\AppData\Local\Programs\Python\Python314\Mega Downloader\venv\Lib\site-packages\urllib3\util\retry.py", line 543, in increment
    raise MaxRetryError(_pool, url, reason) from reason  # type: ignore[arg-type]
    ^^^^^^^^^^^^^^^^^^^^^^^^^^^^^^^^^^^^^^^^^^^^^^^^^^^
urllib3.exceptions.MaxRetryError: SocksHTTPSConnectionPool(host='api.telegram.org', port=443): Max retries exceeded with url: /bot8893611617:***********************************/getMe (Caused by NewConnectionError("SocksHTTPSConnection(host='api.telegram.org', port=443): Failed to establish a new connection: [WinError 10061] No connection could be made because the target machine actively refused it"))

During handling of the above exception, another exception occurred:

Traceback (most recent call last):
  File "C:\Users\Asus\AppData\Local\Programs\Python\Python314\Mega Downloader\venv\Lib\site-packages\telebot\__init__.py", line 1136, in infinity_polling
    self.polling(non_stop=True, timeout=timeout, long_polling_timeout=long_polling_timeout,
  File "C:\Users\Asus\AppData\Local\Programs\Python\Python314\Mega Downloader\venv\Lib\site-packages\telebot\__init__.py", line 1221, in polling
    logger.info('Starting your bot with username: [@%s]', self.user.username)
                                                          ^^^^^^^^^
  File "C:\Users\Asus\AppData\Local\Programs\Python\Python314\Mega Downloader\venv\Lib\site-packages\telebot\__init__.py", line 308, in user
    self._user = self.get_me()
                 ^^^^^^^^^^^^^
  File "C:\Users\Asus\AppData\Local\Programs\Python\Python314\Mega Downloader\venv\Lib\site-packages\telebot\__init__.py", line 1408, in get_me
    apihelper.get_me(self.token)
  File "C:\Users\Asus\AppData\Local\Programs\Python\Python314\Mega Downloader\venv\Lib\site-packages\telebot\apihelper.py", line 204, in get_me
    return _make_request(token, method_url)
           ^^^^^^^^^^^^^^^^^^^^^^^^^^^^^^^^
  File "C:\Users\Asus\AppData\Local\Programs\Python\Python314\Mega Downloader\venv\Lib\site-packages\telebot\apihelper.py", line 162, in _make_request
    result = _get_req_session().request(
             ^^^^^^^^^^^^^^^^^^^^^^^^^^^
  File "C:\Users\Asus\AppData\Local\Programs\Python\Python314\Mega Downloader\venv\Lib\site-packages\requests\sessions.py", line 651, in request
    resp = self.send(prep, **send_kwargs)
           ^^^^^^^^^^^^^^^^^^^^^^^^^^^^^^
  File "C:\Users\Asus\AppData\Local\Programs\Python\Python314\Mega Downloader\venv\Lib\site-packages\requests\sessions.py", line 784, in send
    r = adapter.send(request, **kwargs)
        ^^^^^^^^^^^^^^^^^^^^^^^^^^^^^^^
  File "C:\Users\Asus\AppData\Local\Programs\Python\Python314\Mega Downloader\venv\Lib\site-packages\requests\adapters.py", line 729, in send
    raise ConnectionError(e, request=request)
requests.exceptions.ConnectionError: SocksHTTPSConnectionPool(host='api.telegram.org', port=443): Max retries exceeded with url: /bot8893611617:***********************************/getMe (Caused by NewConnectionError("SocksHTTPSConnection(host='api.telegram.org', port=443): Failed to establish a new connection: [WinError 10061] No connection could be made because the target machine actively refused it"))

2026-07-10 12:07:25,262 [ERROR] TeleBot: Exception traceback:
Traceback (most recent call last):
  File "C:\Users\Asus\AppData\Local\Programs\Python\Python314\Mega Downloader\venv\Lib\site-packages\yt_dlp\networking\_requests.py", line 379, in _new_conn
    return create_connection(
           ^^^^^^^^^^^^^^^^^^
  File "C:\Users\Asus\AppData\Local\Programs\Python\Python314\Mega Downloader\venv\Lib\site-packages\yt_dlp\networking\_helper.py", line 269, in create_connection
    raise err
  File "C:\Users\Asus\AppData\Local\Programs\Python\Python314\Mega Downloader\venv\Lib\site-packages\yt_dlp\networking\_helper.py", line 260, in create_connection
    sock = _create_socket_func(ip_addr, timeout, source_address)
           ^^^^^^^^^^^^^^^^^^^^^^^^^^^^^^^^^^^^^^^^^^^^^^^^^^^^^
  File "C:\Users\Asus\AppData\Local\Programs\Python\Python314\Mega Downloader\venv\Lib\site-packages\yt_dlp\networking\_helper.py", line 228, in create_socks_proxy_socket
    sock.connect(dest_addr)
  File "C:\Users\Asus\AppData\Local\Programs\Python\Python314\Mega Downloader\venv\Lib\site-packages\yt_dlp\socks.py", line 271, in connect
    self._make_proxy(socket.socket.connect, address)
  File "C:\Users\Asus\AppData\Local\Programs\Python\Python314\Mega Downloader\venv\Lib\site-packages\yt_dlp\socks.py", line 259, in _make_proxy
    result = connect_func(self, (self._proxy.host, self._proxy.port))
             ^^^^^^^^^^^^^^^^^^^^^^^^^^^^^^^^^^^^^^^^^^^^^^^^^^^^^^^^
ConnectionRefusedError: [WinError 10061] No connection could be made because the target machine actively refused it

The above exception was the direct cause of the following exception:

Traceback (most recent call last):
  File "C:\Users\Asus\AppData\Local\Programs\Python\Python314\Mega Downloader\venv\Lib\site-packages\urllib3\connectionpool.py", line 788, in urlopen
    response = self._make_request(
               ^^^^^^^^^^^^^^^^^^^
  File "C:\Users\Asus\AppData\Local\Programs\Python\Python314\Mega Downloader\venv\Lib\site-packages\urllib3\connectionpool.py", line 488, in _make_request
    raise new_e
  File "C:\Users\Asus\AppData\Local\Programs\Python\Python314\Mega Downloader\venv\Lib\site-packages\urllib3\connectionpool.py", line 464, in _make_request
    self._validate_conn(conn)
  File "C:\Users\Asus\AppData\Local\Programs\Python\Python314\Mega Downloader\venv\Lib\site-packages\urllib3\connectionpool.py", line 1106, in _validate_conn
    conn.connect()
  File "C:\Users\Asus\AppData\Local\Programs\Python\Python314\Mega Downloader\venv\Lib\site-packages\urllib3\connection.py", line 759, in connect
    self.sock = sock = self._new_conn()
                       ^^^^^^^^^^^^^^^^
  File "C:\Users\Asus\AppData\Local\Programs\Python\Python314\Mega Downloader\venv\Lib\site-packages\yt_dlp\networking\_requests.py", line 391, in _new_conn
    raise urllib3.exceptions.NewConnectionError(
urllib3.exceptions.NewConnectionError: SocksHTTPSConnection(host='api.telegram.org', port=443): Failed to establish a new connection: [WinError 10061] No connection could be made because the target machine actively refused it

The above exception was the direct cause of the following exception:

Traceback (most recent call last):
  File "C:\Users\Asus\AppData\Local\Programs\Python\Python314\Mega Downloader\venv\Lib\site-packages\requests\adapters.py", line 696, in send
    resp = conn.urlopen(
           ^^^^^^^^^^^^^
  File "C:\Users\Asus\AppData\Local\Programs\Python\Python314\Mega Downloader\venv\Lib\site-packages\urllib3\connectionpool.py", line 842, in urlopen
    retries = retries.increment(
              ^^^^^^^^^^^^^^^^^^
  File "C:\Users\Asus\AppData\Local\Programs\Python\Python314\Mega Downloader\venv\Lib\site-packages\urllib3\util\retry.py", line 543, in increment
    raise MaxRetryError(_pool, url, reason) from reason  # type: ignore[arg-type]
    ^^^^^^^^^^^^^^^^^^^^^^^^^^^^^^^^^^^^^^^^^^^^^^^^^^^
urllib3.exceptions.MaxRetryError: SocksHTTPSConnectionPool(host='api.telegram.org', port=443): Max retries exceeded with url: /bot8893611617:***********************************/getMe (Caused by NewConnectionError("SocksHTTPSConnection(host='api.telegram.org', port=443): Failed to establish a new connection: [WinError 10061] No connection could be made because the target machine actively refused it"))

During handling of the above exception, another exception occurred:

Traceback (most recent call last):
  File "C:\Users\Asus\AppData\Local\Programs\Python\Python314\Mega Downloader\venv\Lib\site-packages\telebot\__init__.py", line 1136, in infinity_polling
    self.polling(non_stop=True, timeout=timeout, long_polling_timeout=long_polling_timeout,
  File "C:\Users\Asus\AppData\Local\Programs\Python\Python314\Mega Downloader\venv\Lib\site-packages\telebot\__init__.py", line 1221, in polling
    logger.info('Starting your bot with username: [@%s]', self.user.username)
                                                          ^^^^^^^^^
  File "C:\Users\Asus\AppData\Local\Programs\Python\Python314\Mega Downloader\venv\Lib\site-packages\telebot\__init__.py", line 308, in user
    self._user = self.get_me()
                 ^^^^^^^^^^^^^
  File "C:\Users\Asus\AppData\Local\Programs\Python\Python314\Mega Downloader\venv\Lib\site-packages\telebot\__init__.py", line 1408, in get_me
    apihelper.get_me(self.token)
  File "C:\Users\Asus\AppData\Local\Programs\Python\Python314\Mega Downloader\venv\Lib\site-packages\telebot\apihelper.py", line 204, in get_me
    return _make_request(token, method_url)
           ^^^^^^^^^^^^^^^^^^^^^^^^^^^^^^^^
  File "C:\Users\Asus\AppData\Local\Programs\Python\Python314\Mega Downloader\venv\Lib\site-packages\telebot\apihelper.py", line 162, in _make_request
    result = _get_req_session().request(
             ^^^^^^^^^^^^^^^^^^^^^^^^^^^
  File "C:\Users\Asus\AppData\Local\Programs\Python\Python314\Mega Downloader\venv\Lib\site-packages\requests\sessions.py", line 651, in request
    resp = self.send(prep, **send_kwargs)
           ^^^^^^^^^^^^^^^^^^^^^^^^^^^^^^
  File "C:\Users\Asus\AppData\Local\Programs\Python\Python314\Mega Downloader\venv\Lib\site-packages\requests\sessions.py", line 784, in send
    r = adapter.send(request, **kwargs)
        ^^^^^^^^^^^^^^^^^^^^^^^^^^^^^^^
  File "C:\Users\Asus\AppData\Local\Programs\Python\Python314\Mega Downloader\venv\Lib\site-packages\requests\adapters.py", line 729, in send
    raise ConnectionError(e, request=request)
requests.exceptions.ConnectionError: SocksHTTPSConnectionPool(host='api.telegram.org', port=443): Max retries exceeded with url: /bot8893611617:***********************************/getMe (Caused by NewConnectionError("SocksHTTPSConnection(host='api.telegram.org', port=443): Failed to establish a new connection: [WinError 10061] No connection could be made because the target machine actively refused it"))

2026-07-10 12:07:30,332 [ERROR] TeleBot: Exception traceback:
Traceback (most recent call last):
  File "C:\Users\Asus\AppData\Local\Programs\Python\Python314\Mega Downloader\venv\Lib\site-packages\yt_dlp\networking\_requests.py", line 379, in _new_conn
    return create_connection(
           ^^^^^^^^^^^^^^^^^^
  File "C:\Users\Asus\AppData\Local\Programs\Python\Python314\Mega Downloader\venv\Lib\site-packages\yt_dlp\networking\_helper.py", line 269, in create_connection
    raise err
  File "C:\Users\Asus\AppData\Local\Programs\Python\Python314\Mega Downloader\venv\Lib\site-packages\yt_dlp\networking\_helper.py", line 260, in create_connection
    sock = _create_socket_func(ip_addr, timeout, source_address)
           ^^^^^^^^^^^^^^^^^^^^^^^^^^^^^^^^^^^^^^^^^^^^^^^^^^^^^
  File "C:\Users\Asus\AppData\Local\Programs\Python\Python314\Mega Downloader\venv\Lib\site-packages\yt_dlp\networking\_helper.py", line 228, in create_socks_proxy_socket
    sock.connect(dest_addr)
  File "C:\Users\Asus\AppData\Local\Programs\Python\Python314\Mega Downloader\venv\Lib\site-packages\yt_dlp\socks.py", line 271, in connect
    self._make_proxy(socket.socket.connect, address)
  File "C:\Users\Asus\AppData\Local\Programs\Python\Python314\Mega Downloader\venv\Lib\site-packages\yt_dlp\socks.py", line 259, in _make_proxy
    result = connect_func(self, (self._proxy.host, self._proxy.port))
             ^^^^^^^^^^^^^^^^^^^^^^^^^^^^^^^^^^^^^^^^^^^^^^^^^^^^^^^^
ConnectionRefusedError: [WinError 10061] No connection could be made because the target machine actively refused it

The above exception was the direct cause of the following exception:

Traceback (most recent call last):
  File "C:\Users\Asus\AppData\Local\Programs\Python\Python314\Mega Downloader\venv\Lib\site-packages\urllib3\connectionpool.py", line 788, in urlopen
    response = self._make_request(
               ^^^^^^^^^^^^^^^^^^^
  File "C:\Users\Asus\AppData\Local\Programs\Python\Python314\Mega Downloader\venv\Lib\site-packages\urllib3\connectionpool.py", line 488, in _make_request
    raise new_e
  File "C:\Users\Asus\AppData\Local\Programs\Python\Python314\Mega Downloader\venv\Lib\site-packages\urllib3\connectionpool.py", line 464, in _make_request
    self._validate_conn(conn)
  File "C:\Users\Asus\AppData\Local\Programs\Python\Python314\Mega Downloader\venv\Lib\site-packages\urllib3\connectionpool.py", line 1106, in _validate_conn
    conn.connect()
  File "C:\Users\Asus\AppData\Local\Programs\Python\Python314\Mega Downloader\venv\Lib\site-packages\urllib3\connection.py", line 759, in connect
    self.sock = sock = self._new_conn()
                       ^^^^^^^^^^^^^^^^
  File "C:\Users\Asus\AppData\Local\Programs\Python\Python314\Mega Downloader\venv\Lib\site-packages\yt_dlp\networking\_requests.py", line 391, in _new_conn
    raise urllib3.exceptions.NewConnectionError(
urllib3.exceptions.NewConnectionError: SocksHTTPSConnection(host='api.telegram.org', port=443): Failed to establish a new connection: [WinError 10061] No connection could be made because the target machine actively refused it

The above exception was the direct cause of the following exception:

Traceback (most recent call last):
  File "C:\Users\Asus\AppData\Local\Programs\Python\Python314\Mega Downloader\venv\Lib\site-packages\requests\adapters.py", line 696, in send
    resp = conn.urlopen(
           ^^^^^^^^^^^^^
  File "C:\Users\Asus\AppData\Local\Programs\Python\Python314\Mega Downloader\venv\Lib\site-packages\urllib3\connectionpool.py", line 842, in urlopen
    retries = retries.increment(
              ^^^^^^^^^^^^^^^^^^
  File "C:\Users\Asus\AppData\Local\Programs\Python\Python314\Mega Downloader\venv\Lib\site-packages\urllib3\util\retry.py", line 543, in increment
    raise MaxRetryError(_pool, url, reason) from reason  # type: ignore[arg-type]
    ^^^^^^^^^^^^^^^^^^^^^^^^^^^^^^^^^^^^^^^^^^^^^^^^^^^
urllib3.exceptions.MaxRetryError: SocksHTTPSConnectionPool(host='api.telegram.org', port=443): Max retries exceeded with url: /bot8893611617:***********************************/getMe (Caused by NewConnectionError("SocksHTTPSConnection(host='api.telegram.org', port=443): Failed to establish a new connection: [WinError 10061] No connection could be made because the target machine actively refused it"))

During handling of the above exception, another exception occurred:

Traceback (most recent call last):
  File "C:\Users\Asus\AppData\Local\Programs\Python\Python314\Mega Downloader\venv\Lib\site-packages\telebot\__init__.py", line 1136, in infinity_polling
    self.polling(non_stop=True, timeout=timeout, long_polling_timeout=long_polling_timeout,
  File "C:\Users\Asus\AppData\Local\Programs\Python\Python314\Mega Downloader\venv\Lib\site-packages\telebot\__init__.py", line 1221, in polling
    logger.info('Starting your bot with username: [@%s]', self.user.username)
                                                          ^^^^^^^^^
  File "C:\Users\Asus\AppData\Local\Programs\Python\Python314\Mega Downloader\venv\Lib\site-packages\telebot\__init__.py", line 308, in user
    self._user = self.get_me()
                 ^^^^^^^^^^^^^
  File "C:\Users\Asus\AppData\Local\Programs\Python\Python314\Mega Downloader\venv\Lib\site-packages\telebot\__init__.py", line 1408, in get_me
    apihelper.get_me(self.token)
  File "C:\Users\Asus\AppData\Local\Programs\Python\Python314\Mega Downloader\venv\Lib\site-packages\telebot\apihelper.py", line 204, in get_me
    return _make_request(token, method_url)
           ^^^^^^^^^^^^^^^^^^^^^^^^^^^^^^^^
  File "C:\Users\Asus\AppData\Local\Programs\Python\Python314\Mega Downloader\venv\Lib\site-packages\telebot\apihelper.py", line 162, in _make_request
    result = _get_req_session().request(
             ^^^^^^^^^^^^^^^^^^^^^^^^^^^
  File "C:\Users\Asus\AppData\Local\Programs\Python\Python314\Mega Downloader\venv\Lib\site-packages\requests\sessions.py", line 651, in request
    resp = self.send(prep, **send_kwargs)
           ^^^^^^^^^^^^^^^^^^^^^^^^^^^^^^
  File "C:\Users\Asus\AppData\Local\Programs\Python\Python314\Mega Downloader\venv\Lib\site-packages\requests\sessions.py", line 784, in send
    r = adapter.send(request, **kwargs)
        ^^^^^^^^^^^^^^^^^^^^^^^^^^^^^^^
  File "C:\Users\Asus\AppData\Local\Programs\Python\Python314\Mega Downloader\venv\Lib\site-packages\requests\adapters.py", line 729, in send
    raise ConnectionError(e, request=request)
requests.exceptions.ConnectionError: SocksHTTPSConnectionPool(host='api.telegram.org', port=443): Max retries exceeded with url: /bot8893611617:***********************************/getMe (Caused by NewConnectionError("SocksHTTPSConnection(host='api.telegram.org', port=443): Failed to establish a new connection: [WinError 10061] No connection could be made because the target machine actively refused it"))

2026-07-10 12:07:35,389 [ERROR] TeleBot: Exception traceback:
Traceback (most recent call last):
  File "C:\Users\Asus\AppData\Local\Programs\Python\Python314\Mega Downloader\venv\Lib\site-packages\yt_dlp\networking\_requests.py", line 379, in _new_conn
    return create_connection(
           ^^^^^^^^^^^^^^^^^^
  File "C:\Users\Asus\AppData\Local\Programs\Python\Python314\Mega Downloader\venv\Lib\site-packages\yt_dlp\networking\_helper.py", line 269, in create_connection
    raise err
  File "C:\Users\Asus\AppData\Local\Programs\Python\Python314\Mega Downloader\venv\Lib\site-packages\yt_dlp\networking\_helper.py", line 260, in create_connection
    sock = _create_socket_func(ip_addr, timeout, source_address)
           ^^^^^^^^^^^^^^^^^^^^^^^^^^^^^^^^^^^^^^^^^^^^^^^^^^^^^
  File "C:\Users\Asus\AppData\Local\Programs\Python\Python314\Mega Downloader\venv\Lib\site-packages\yt_dlp\networking\_helper.py", line 228, in create_socks_proxy_socket
    sock.connect(dest_addr)
  File "C:\Users\Asus\AppData\Local\Programs\Python\Python314\Mega Downloader\venv\Lib\site-packages\yt_dlp\socks.py", line 271, in connect
    self._make_proxy(socket.socket.connect, address)
  File "C:\Users\Asus\AppData\Local\Programs\Python\Python314\Mega Downloader\venv\Lib\site-packages\yt_dlp\socks.py", line 259, in _make_proxy
    result = connect_func(self, (self._proxy.host, self._proxy.port))
             ^^^^^^^^^^^^^^^^^^^^^^^^^^^^^^^^^^^^^^^^^^^^^^^^^^^^^^^^
ConnectionRefusedError: [WinError 10061] No connection could be made because the target machine actively refused it

The above exception was the direct cause of the following exception:

Traceback (most recent call last):
  File "C:\Users\Asus\AppData\Local\Programs\Python\Python314\Mega Downloader\venv\Lib\site-packages\urllib3\connectionpool.py", line 788, in urlopen
    response = self._make_request(
               ^^^^^^^^^^^^^^^^^^^
  File "C:\Users\Asus\AppData\Local\Programs\Python\Python314\Mega Downloader\venv\Lib\site-packages\urllib3\connectionpool.py", line 488, in _make_request
    raise new_e
  File "C:\Users\Asus\AppData\Local\Programs\Python\Python314\Mega Downloader\venv\Lib\site-packages\urllib3\connectionpool.py", line 464, in _make_request
    self._validate_conn(conn)
  File "C:\Users\Asus\AppData\Local\Programs\Python\Python314\Mega Downloader\venv\Lib\site-packages\urllib3\connectionpool.py", line 1106, in _validate_conn
    conn.connect()
  File "C:\Users\Asus\AppData\Local\Programs\Python\Python314\Mega Downloader\venv\Lib\site-packages\urllib3\connection.py", line 759, in connect
    self.sock = sock = self._new_conn()
                       ^^^^^^^^^^^^^^^^
  File "C:\Users\Asus\AppData\Local\Programs\Python\Python314\Mega Downloader\venv\Lib\site-packages\yt_dlp\networking\_requests.py", line 391, in _new_conn
    raise urllib3.exceptions.NewConnectionError(
urllib3.exceptions.NewConnectionError: SocksHTTPSConnection(host='api.telegram.org', port=443): Failed to establish a new connection: [WinError 10061] No connection could be made because the target machine actively refused it

The above exception was the direct cause of the following exception:

Traceback (most recent call last):
  File "C:\Users\Asus\AppData\Local\Programs\Python\Python314\Mega Downloader\venv\Lib\site-packages\requests\adapters.py", line 696, in send
    resp = conn.urlopen(
           ^^^^^^^^^^^^^
  File "C:\Users\Asus\AppData\Local\Programs\Python\Python314\Mega Downloader\venv\Lib\site-packages\urllib3\connectionpool.py", line 842, in urlopen
    retries = retries.increment(
              ^^^^^^^^^^^^^^^^^^
  File "C:\Users\Asus\AppData\Local\Programs\Python\Python314\Mega Downloader\venv\Lib\site-packages\urllib3\util\retry.py", line 543, in increment
    raise MaxRetryError(_pool, url, reason) from reason  # type: ignore[arg-type]
    ^^^^^^^^^^^^^^^^^^^^^^^^^^^^^^^^^^^^^^^^^^^^^^^^^^^
urllib3.exceptions.MaxRetryError: SocksHTTPSConnectionPool(host='api.telegram.org', port=443): Max retries exceeded with url: /bot8893611617:***********************************/getMe (Caused by NewConnectionError("SocksHTTPSConnection(host='api.telegram.org', port=443): Failed to establish a new connection: [WinError 10061] No connection could be made because the target machine actively refused it"))

During handling of the above exception, another exception occurred:

Traceback (most recent call last):
  File "C:\Users\Asus\AppData\Local\Programs\Python\Python314\Mega Downloader\venv\Lib\site-packages\telebot\__init__.py", line 1136, in infinity_polling
    self.polling(non_stop=True, timeout=timeout, long_polling_timeout=long_polling_timeout,
  File "C:\Users\Asus\AppData\Local\Programs\Python\Python314\Mega Downloader\venv\Lib\site-packages\telebot\__init__.py", line 1221, in polling
    logger.info('Starting your bot with username: [@%s]', self.user.username)
                                                          ^^^^^^^^^
  File "C:\Users\Asus\AppData\Local\Programs\Python\Python314\Mega Downloader\venv\Lib\site-packages\telebot\__init__.py", line 308, in user
    self._user = self.get_me()
                 ^^^^^^^^^^^^^
  File "C:\Users\Asus\AppData\Local\Programs\Python\Python314\Mega Downloader\venv\Lib\site-packages\telebot\__init__.py", line 1408, in get_me
    apihelper.get_me(self.token)
  File "C:\Users\Asus\AppData\Local\Programs\Python\Python314\Mega Downloader\venv\Lib\site-packages\telebot\apihelper.py", line 204, in get_me
    return _make_request(token, method_url)
           ^^^^^^^^^^^^^^^^^^^^^^^^^^^^^^^^
  File "C:\Users\Asus\AppData\Local\Programs\Python\Python314\Mega Downloader\venv\Lib\site-packages\telebot\apihelper.py", line 162, in _make_request
    result = _get_req_session().request(
             ^^^^^^^^^^^^^^^^^^^^^^^^^^^
  File "C:\Users\Asus\AppData\Local\Programs\Python\Python314\Mega Downloader\venv\Lib\site-packages\requests\sessions.py", line 651, in request
    resp = self.send(prep, **send_kwargs)
           ^^^^^^^^^^^^^^^^^^^^^^^^^^^^^^
  File "C:\Users\Asus\AppData\Local\Programs\Python\Python314\Mega Downloader\venv\Lib\site-packages\requests\sessions.py", line 784, in send
    r = adapter.send(request, **kwargs)
        ^^^^^^^^^^^^^^^^^^^^^^^^^^^^^^^
  File "C:\Users\Asus\AppData\Local\Programs\Python\Python314\Mega Downloader\venv\Lib\site-packages\requests\adapters.py", line 729, in send
    raise ConnectionError(e, request=request)
requests.exceptions.ConnectionError: SocksHTTPSConnectionPool(host='api.telegram.org', port=443): Max retries exceeded with url: /bot8893611617:***********************************/getMe (Caused by NewConnectionError("SocksHTTPSConnection(host='api.telegram.org', port=443): Failed to establish a new connection: [WinError 10061] No connection could be made because the target machine actively refused it"))

2026-07-10 12:07:40,438 [ERROR] TeleBot: Exception traceback:
Traceback (most recent call last):
  File "C:\Users\Asus\AppData\Local\Programs\Python\Python314\Mega Downloader\venv\Lib\site-packages\yt_dlp\networking\_requests.py", line 379, in _new_conn
    return create_connection(
           ^^^^^^^^^^^^^^^^^^
  File "C:\Users\Asus\AppData\Local\Programs\Python\Python314\Mega Downloader\venv\Lib\site-packages\yt_dlp\networking\_helper.py", line 269, in create_connection
    raise err
  File "C:\Users\Asus\AppData\Local\Programs\Python\Python314\Mega Downloader\venv\Lib\site-packages\yt_dlp\networking\_helper.py", line 260, in create_connection
    sock = _create_socket_func(ip_addr, timeout, source_address)
           ^^^^^^^^^^^^^^^^^^^^^^^^^^^^^^^^^^^^^^^^^^^^^^^^^^^^^
  File "C:\Users\Asus\AppData\Local\Programs\Python\Python314\Mega Downloader\venv\Lib\site-packages\yt_dlp\networking\_helper.py", line 228, in create_socks_proxy_socket
    sock.connect(dest_addr)
  File "C:\Users\Asus\AppData\Local\Programs\Python\Python314\Mega Downloader\venv\Lib\site-packages\yt_dlp\socks.py", line 271, in connect
    self._make_proxy(socket.socket.connect, address)
  File "C:\Users\Asus\AppData\Local\Programs\Python\Python314\Mega Downloader\venv\Lib\site-packages\yt_dlp\socks.py", line 259, in _make_proxy
    result = connect_func(self, (self._proxy.host, self._proxy.port))
             ^^^^^^^^^^^^^^^^^^^^^^^^^^^^^^^^^^^^^^^^^^^^^^^^^^^^^^^^
ConnectionRefusedError: [WinError 10061] No connection could be made because the target machine actively refused it

The above exception was the direct cause of the following exception:

Traceback (most recent call last):
  File "C:\Users\Asus\AppData\Local\Programs\Python\Python314\Mega Downloader\venv\Lib\site-packages\urllib3\connectionpool.py", line 788, in urlopen
    response = self._make_request(
               ^^^^^^^^^^^^^^^^^^^
  File "C:\Users\Asus\AppData\Local\Programs\Python\Python314\Mega Downloader\venv\Lib\site-packages\urllib3\connectionpool.py", line 488, in _make_request
    raise new_e
  File "C:\Users\Asus\AppData\Local\Programs\Python\Python314\Mega Downloader\venv\Lib\site-packages\urllib3\connectionpool.py", line 464, in _make_request
    self._validate_conn(conn)
  File "C:\Users\Asus\AppData\Local\Programs\Python\Python314\Mega Downloader\venv\Lib\site-packages\urllib3\connectionpool.py", line 1106, in _validate_conn
    conn.connect()
  File "C:\Users\Asus\AppData\Local\Programs\Python\Python314\Mega Downloader\venv\Lib\site-packages\urllib3\connection.py", line 759, in connect
    self.sock = sock = self._new_conn()
                       ^^^^^^^^^^^^^^^^
  File "C:\Users\Asus\AppData\Local\Programs\Python\Python314\Mega Downloader\venv\Lib\site-packages\yt_dlp\networking\_requests.py", line 391, in _new_conn
    raise urllib3.exceptions.NewConnectionError(
urllib3.exceptions.NewConnectionError: SocksHTTPSConnection(host='api.telegram.org', port=443): Failed to establish a new connection: [WinError 10061] No connection could be made because the target machine actively refused it

The above exception was the direct cause of the following exception:

Traceback (most recent call last):
  File "C:\Users\Asus\AppData\Local\Programs\Python\Python314\Mega Downloader\venv\Lib\site-packages\requests\adapters.py", line 696, in send
    resp = conn.urlopen(
           ^^^^^^^^^^^^^
  File "C:\Users\Asus\AppData\Local\Programs\Python\Python314\Mega Downloader\venv\Lib\site-packages\urllib3\connectionpool.py", line 842, in urlopen
    retries = retries.increment(
              ^^^^^^^^^^^^^^^^^^
  File "C:\Users\Asus\AppData\Local\Programs\Python\Python314\Mega Downloader\venv\Lib\site-packages\urllib3\util\retry.py", line 543, in increment
    raise MaxRetryError(_pool, url, reason) from reason  # type: ignore[arg-type]
    ^^^^^^^^^^^^^^^^^^^^^^^^^^^^^^^^^^^^^^^^^^^^^^^^^^^
urllib3.exceptions.MaxRetryError: SocksHTTPSConnectionPool(host='api.telegram.org', port=443): Max retries exceeded with url: /bot8893611617:***********************************/getMe (Caused by NewConnectionError("SocksHTTPSConnection(host='api.telegram.org', port=443): Failed to establish a new connection: [WinError 10061] No connection could be made because the target machine actively refused it"))

During handling of the above exception, another exception occurred:

Traceback (most recent call last):
  File "C:\Users\Asus\AppData\Local\Programs\Python\Python314\Mega Downloader\venv\Lib\site-packages\telebot\__init__.py", line 1136, in infinity_polling
    self.polling(non_stop=True, timeout=timeout, long_polling_timeout=long_polling_timeout,
  File "C:\Users\Asus\AppData\Local\Programs\Python\Python314\Mega Downloader\venv\Lib\site-packages\telebot\__init__.py", line 1221, in polling
    logger.info('Starting your bot with username: [@%s]', self.user.username)
                                                          ^^^^^^^^^
  File "C:\Users\Asus\AppData\Local\Programs\Python\Python314\Mega Downloader\venv\Lib\site-packages\telebot\__init__.py", line 308, in user
    self._user = self.get_me()
                 ^^^^^^^^^^^^^
  File "C:\Users\Asus\AppData\Local\Programs\Python\Python314\Mega Downloader\venv\Lib\site-packages\telebot\__init__.py", line 1408, in get_me
    apihelper.get_me(self.token)
  File "C:\Users\Asus\AppData\Local\Programs\Python\Python314\Mega Downloader\venv\Lib\site-packages\telebot\apihelper.py", line 204, in get_me
    return _make_request(token, method_url)
           ^^^^^^^^^^^^^^^^^^^^^^^^^^^^^^^^
  File "C:\Users\Asus\AppData\Local\Programs\Python\Python314\Mega Downloader\venv\Lib\site-packages\telebot\apihelper.py", line 162, in _make_request
    result = _get_req_session().request(
             ^^^^^^^^^^^^^^^^^^^^^^^^^^^
  File "C:\Users\Asus\AppData\Local\Programs\Python\Python314\Mega Downloader\venv\Lib\site-packages\requests\sessions.py", line 651, in request
    resp = self.send(prep, **send_kwargs)
           ^^^^^^^^^^^^^^^^^^^^^^^^^^^^^^
  File "C:\Users\Asus\AppData\Local\Programs\Python\Python314\Mega Downloader\venv\Lib\site-packages\requests\sessions.py", line 784, in send
    r = adapter.send(request, **kwargs)
        ^^^^^^^^^^^^^^^^^^^^^^^^^^^^^^^
  File "C:\Users\Asus\AppData\Local\Programs\Python\Python314\Mega Downloader\venv\Lib\site-packages\requests\adapters.py", line 729, in send
    raise ConnectionError(e, request=request)
requests.exceptions.ConnectionError: SocksHTTPSConnectionPool(host='api.telegram.org', port=443): Max retries exceeded with url: /bot8893611617:***********************************/getMe (Caused by NewConnectionError("SocksHTTPSConnection(host='api.telegram.org', port=443): Failed to establish a new connection: [WinError 10061] No connection could be made because the target machine actively refused it"))

2026-07-10 12:07:45,476 [ERROR] TeleBot: Exception traceback:
Traceback (most recent call last):
  File "C:\Users\Asus\AppData\Local\Programs\Python\Python314\Mega Downloader\venv\Lib\site-packages\yt_dlp\networking\_requests.py", line 379, in _new_conn
    return create_connection(
           ^^^^^^^^^^^^^^^^^^
  File "C:\Users\Asus\AppData\Local\Programs\Python\Python314\Mega Downloader\venv\Lib\site-packages\yt_dlp\networking\_helper.py", line 269, in create_connection
    raise err
  File "C:\Users\Asus\AppData\Local\Programs\Python\Python314\Mega Downloader\venv\Lib\site-packages\yt_dlp\networking\_helper.py", line 260, in create_connection
    sock = _create_socket_func(ip_addr, timeout, source_address)
           ^^^^^^^^^^^^^^^^^^^^^^^^^^^^^^^^^^^^^^^^^^^^^^^^^^^^^
  File "C:\Users\Asus\AppData\Local\Programs\Python\Python314\Mega Downloader\venv\Lib\site-packages\yt_dlp\networking\_helper.py", line 228, in create_socks_proxy_socket
    sock.connect(dest_addr)
  File "C:\Users\Asus\AppData\Local\Programs\Python\Python314\Mega Downloader\venv\Lib\site-packages\yt_dlp\socks.py", line 271, in connect
    self._make_proxy(socket.socket.connect, address)
  File "C:\Users\Asus\AppData\Local\Programs\Python\Python314\Mega Downloader\venv\Lib\site-packages\yt_dlp\socks.py", line 259, in _make_proxy
    result = connect_func(self, (self._proxy.host, self._proxy.port))
             ^^^^^^^^^^^^^^^^^^^^^^^^^^^^^^^^^^^^^^^^^^^^^^^^^^^^^^^^
ConnectionRefusedError: [WinError 10061] No connection could be made because the target machine actively refused it

The above exception was the direct cause of the following exception:

Traceback (most recent call last):
  File "C:\Users\Asus\AppData\Local\Programs\Python\Python314\Mega Downloader\venv\Lib\site-packages\urllib3\connectionpool.py", line 788, in urlopen
    response = self._make_request(
               ^^^^^^^^^^^^^^^^^^^
  File "C:\Users\Asus\AppData\Local\Programs\Python\Python314\Mega Downloader\venv\Lib\site-packages\urllib3\connectionpool.py", line 488, in _make_request
    raise new_e
  File "C:\Users\Asus\AppData\Local\Programs\Python\Python314\Mega Downloader\venv\Lib\site-packages\urllib3\connectionpool.py", line 464, in _make_request
    self._validate_conn(conn)
  File "C:\Users\Asus\AppData\Local\Programs\Python\Python314\Mega Downloader\venv\Lib\site-packages\urllib3\connectionpool.py", line 1106, in _validate_conn
    conn.connect()
  File "C:\Users\Asus\AppData\Local\Programs\Python\Python314\Mega Downloader\venv\Lib\site-packages\urllib3\connection.py", line 759, in connect
    self.sock = sock = self._new_conn()
                       ^^^^^^^^^^^^^^^^
  File "C:\Users\Asus\AppData\Local\Programs\Python\Python314\Mega Downloader\venv\Lib\site-packages\yt_dlp\networking\_requests.py", line 391, in _new_conn
    raise urllib3.exceptions.NewConnectionError(
urllib3.exceptions.NewConnectionError: SocksHTTPSConnection(host='api.telegram.org', port=443): Failed to establish a new connection: [WinError 10061] No connection could be made because the target machine actively refused it

The above exception was the direct cause of the following exception:

Traceback (most recent call last):
  File "C:\Users\Asus\AppData\Local\Programs\Python\Python314\Mega Downloader\venv\Lib\site-packages\requests\adapters.py", line 696, in send
    resp = conn.urlopen(
           ^^^^^^^^^^^^^
  File "C:\Users\Asus\AppData\Local\Programs\Python\Python314\Mega Downloader\venv\Lib\site-packages\urllib3\connectionpool.py", line 842, in urlopen
    retries = retries.increment(
              ^^^^^^^^^^^^^^^^^^
  File "C:\Users\Asus\AppData\Local\Programs\Python\Python314\Mega Downloader\venv\Lib\site-packages\urllib3\util\retry.py", line 543, in increment
    raise MaxRetryError(_pool, url, reason) from reason  # type: ignore[arg-type]
    ^^^^^^^^^^^^^^^^^^^^^^^^^^^^^^^^^^^^^^^^^^^^^^^^^^^
urllib3.exceptions.MaxRetryError: SocksHTTPSConnectionPool(host='api.telegram.org', port=443): Max retries exceeded with url: /bot8893611617:***********************************/getMe (Caused by NewConnectionError("SocksHTTPSConnection(host='api.telegram.org', port=443): Failed to establish a new connection: [WinError 10061] No connection could be made because the target machine actively refused it"))

During handling of the above exception, another exception occurred:

Traceback (most recent call last):
  File "C:\Users\Asus\AppData\Local\Programs\Python\Python314\Mega Downloader\venv\Lib\site-packages\telebot\__init__.py", line 1136, in infinity_polling
    self.polling(non_stop=True, timeout=timeout, long_polling_timeout=long_polling_timeout,
  File "C:\Users\Asus\AppData\Local\Programs\Python\Python314\Mega Downloader\venv\Lib\site-packages\telebot\__init__.py", line 1221, in polling
    logger.info('Starting your bot with username: [@%s]', self.user.username)
                                                          ^^^^^^^^^
  File "C:\Users\Asus\AppData\Local\Programs\Python\Python314\Mega Downloader\venv\Lib\site-packages\telebot\__init__.py", line 308, in user
    self._user = self.get_me()
                 ^^^^^^^^^^^^^
  File "C:\Users\Asus\AppData\Local\Programs\Python\Python314\Mega Downloader\venv\Lib\site-packages\telebot\__init__.py", line 1408, in get_me
    apihelper.get_me(self.token)
  File "C:\Users\Asus\AppData\Local\Programs\Python\Python314\Mega Downloader\venv\Lib\site-packages\telebot\apihelper.py", line 204, in get_me
    return _make_request(token, method_url)
           ^^^^^^^^^^^^^^^^^^^^^^^^^^^^^^^^
  File "C:\Users\Asus\AppData\Local\Programs\Python\Python314\Mega Downloader\venv\Lib\site-packages\telebot\apihelper.py", line 162, in _make_request
    result = _get_req_session().request(
             ^^^^^^^^^^^^^^^^^^^^^^^^^^^
  File "C:\Users\Asus\AppData\Local\Programs\Python\Python314\Mega Downloader\venv\Lib\site-packages\requests\sessions.py", line 651, in request
    resp = self.send(prep, **send_kwargs)
           ^^^^^^^^^^^^^^^^^^^^^^^^^^^^^^
  File "C:\Users\Asus\AppData\Local\Programs\Python\Python314\Mega Downloader\venv\Lib\site-packages\requests\sessions.py", line 784, in send
    r = adapter.send(request, **kwargs)
        ^^^^^^^^^^^^^^^^^^^^^^^^^^^^^^^
  File "C:\Users\Asus\AppData\Local\Programs\Python\Python314\Mega Downloader\venv\Lib\site-packages\requests\adapters.py", line 729, in send
    raise ConnectionError(e, request=request)
requests.exceptions.ConnectionError: SocksHTTPSConnectionPool(host='api.telegram.org', port=443): Max retries exceeded with url: /bot8893611617:***********************************/getMe (Caused by NewConnectionError("SocksHTTPSConnection(host='api.telegram.org', port=443): Failed to establish a new connection: [WinError 10061] No connection could be made because the target machine actively refused it"))

2026-07-10 12:07:50,526 [ERROR] TeleBot: Exception traceback:
Traceback (most recent call last):
  File "C:\Users\Asus\AppData\Local\Programs\Python\Python314\Mega Downloader\venv\Lib\site-packages\yt_dlp\networking\_requests.py", line 379, in _new_conn
    return create_connection(
           ^^^^^^^^^^^^^^^^^^
  File "C:\Users\Asus\AppData\Local\Programs\Python\Python314\Mega Downloader\venv\Lib\site-packages\yt_dlp\networking\_helper.py", line 269, in create_connection
    raise err
  File "C:\Users\Asus\AppData\Local\Programs\Python\Python314\Mega Downloader\venv\Lib\site-packages\yt_dlp\networking\_helper.py", line 260, in create_connection
    sock = _create_socket_func(ip_addr, timeout, source_address)
           ^^^^^^^^^^^^^^^^^^^^^^^^^^^^^^^^^^^^^^^^^^^^^^^^^^^^^
  File "C:\Users\Asus\AppData\Local\Programs\Python\Python314\Mega Downloader\venv\Lib\site-packages\yt_dlp\networking\_helper.py", line 228, in create_socks_proxy_socket
    sock.connect(dest_addr)
  File "C:\Users\Asus\AppData\Local\Programs\Python\Python314\Mega Downloader\venv\Lib\site-packages\yt_dlp\socks.py", line 271, in connect
    self._make_proxy(socket.socket.connect, address)
  File "C:\Users\Asus\AppData\Local\Programs\Python\Python314\Mega Downloader\venv\Lib\site-packages\yt_dlp\socks.py", line 259, in _make_proxy
    result = connect_func(self, (self._proxy.host, self._proxy.port))
             ^^^^^^^^^^^^^^^^^^^^^^^^^^^^^^^^^^^^^^^^^^^^^^^^^^^^^^^^
ConnectionRefusedError: [WinError 10061] No connection could be made because the target machine actively refused it

The above exception was the direct cause of the following exception:

Traceback (most recent call last):
  File "C:\Users\Asus\AppData\Local\Programs\Python\Python314\Mega Downloader\venv\Lib\site-packages\urllib3\connectionpool.py", line 788, in urlopen
    response = self._make_request(
               ^^^^^^^^^^^^^^^^^^^
  File "C:\Users\Asus\AppData\Local\Programs\Python\Python314\Mega Downloader\venv\Lib\site-packages\urllib3\connectionpool.py", line 488, in _make_request
    raise new_e
  File "C:\Users\Asus\AppData\Local\Programs\Python\Python314\Mega Downloader\venv\Lib\site-packages\urllib3\connectionpool.py", line 464, in _make_request
    self._validate_conn(conn)
  File "C:\Users\Asus\AppData\Local\Programs\Python\Python314\Mega Downloader\venv\Lib\site-packages\urllib3\connectionpool.py", line 1106, in _validate_conn
    conn.connect()
  File "C:\Users\Asus\AppData\Local\Programs\Python\Python314\Mega Downloader\venv\Lib\site-packages\urllib3\connection.py", line 759, in connect
    self.sock = sock = self._new_conn()
                       ^^^^^^^^^^^^^^^^
  File "C:\Users\Asus\AppData\Local\Programs\Python\Python314\Mega Downloader\venv\Lib\site-packages\yt_dlp\networking\_requests.py", line 391, in _new_conn
    raise urllib3.exceptions.NewConnectionError(
urllib3.exceptions.NewConnectionError: SocksHTTPSConnection(host='api.telegram.org', port=443): Failed to establish a new connection: [WinError 10061] No connection could be made because the target machine actively refused it

The above exception was the direct cause of the following exception:

Traceback (most recent call last):
  File "C:\Users\Asus\AppData\Local\Programs\Python\Python314\Mega Downloader\venv\Lib\site-packages\requests\adapters.py", line 696, in send
    resp = conn.urlopen(
           ^^^^^^^^^^^^^
  File "C:\Users\Asus\AppData\Local\Programs\Python\Python314\Mega Downloader\venv\Lib\site-packages\urllib3\connectionpool.py", line 842, in urlopen
    retries = retries.increment(
              ^^^^^^^^^^^^^^^^^^
  File "C:\Users\Asus\AppData\Local\Programs\Python\Python314\Mega Downloader\venv\Lib\site-packages\urllib3\util\retry.py", line 543, in increment
    raise MaxRetryError(_pool, url, reason) from reason  # type: ignore[arg-type]
    ^^^^^^^^^^^^^^^^^^^^^^^^^^^^^^^^^^^^^^^^^^^^^^^^^^^
urllib3.exceptions.MaxRetryError: SocksHTTPSConnectionPool(host='api.telegram.org', port=443): Max retries exceeded with url: /bot8893611617:***********************************/getMe (Caused by NewConnectionError("SocksHTTPSConnection(host='api.telegram.org', port=443): Failed to establish a new connection: [WinError 10061] No connection could be made because the target machine actively refused it"))

During handling of the above exception, another exception occurred:

Traceback (most recent call last):
  File "C:\Users\Asus\AppData\Local\Programs\Python\Python314\Mega Downloader\venv\Lib\site-packages\telebot\__init__.py", line 1136, in infinity_polling
    self.polling(non_stop=True, timeout=timeout, long_polling_timeout=long_polling_timeout,
  File "C:\Users\Asus\AppData\Local\Programs\Python\Python314\Mega Downloader\venv\Lib\site-packages\telebot\__init__.py", line 1221, in polling
    logger.info('Starting your bot with username: [@%s]', self.user.username)
                                                          ^^^^^^^^^
  File "C:\Users\Asus\AppData\Local\Programs\Python\Python314\Mega Downloader\venv\Lib\site-packages\telebot\__init__.py", line 308, in user
    self._user = self.get_me()
                 ^^^^^^^^^^^^^
  File "C:\Users\Asus\AppData\Local\Programs\Python\Python314\Mega Downloader\venv\Lib\site-packages\telebot\__init__.py", line 1408, in get_me
    apihelper.get_me(self.token)
  File "C:\Users\Asus\AppData\Local\Programs\Python\Python314\Mega Downloader\venv\Lib\site-packages\telebot\apihelper.py", line 204, in get_me
    return _make_request(token, method_url)
           ^^^^^^^^^^^^^^^^^^^^^^^^^^^^^^^^
  File "C:\Users\Asus\AppData\Local\Programs\Python\Python314\Mega Downloader\venv\Lib\site-packages\telebot\apihelper.py", line 162, in _make_request
    result = _get_req_session().request(
             ^^^^^^^^^^^^^^^^^^^^^^^^^^^
  File "C:\Users\Asus\AppData\Local\Programs\Python\Python314\Mega Downloader\venv\Lib\site-packages\requests\sessions.py", line 651, in request
    resp = self.send(prep, **send_kwargs)
           ^^^^^^^^^^^^^^^^^^^^^^^^^^^^^^
  File "C:\Users\Asus\AppData\Local\Programs\Python\Python314\Mega Downloader\venv\Lib\site-packages\requests\sessions.py", line 784, in send
    r = adapter.send(request, **kwargs)
        ^^^^^^^^^^^^^^^^^^^^^^^^^^^^^^^
  File "C:\Users\Asus\AppData\Local\Programs\Python\Python314\Mega Downloader\venv\Lib\site-packages\requests\adapters.py", line 729, in send
    raise ConnectionError(e, request=request)
requests.exceptions.ConnectionError: SocksHTTPSConnectionPool(host='api.telegram.org', port=443): Max retries exceeded with url: /bot8893611617:***********************************/getMe (Caused by NewConnectionError("SocksHTTPSConnection(host='api.telegram.org', port=443): Failed to establish a new connection: [WinError 10061] No connection could be made because the target machine actively refused it"))

2026-07-10 12:07:55,607 [ERROR] TeleBot: Exception traceback:
Traceback (most recent call last):
  File "C:\Users\Asus\AppData\Local\Programs\Python\Python314\Mega Downloader\venv\Lib\site-packages\yt_dlp\networking\_requests.py", line 379, in _new_conn
    return create_connection(
           ^^^^^^^^^^^^^^^^^^
  File "C:\Users\Asus\AppData\Local\Programs\Python\Python314\Mega Downloader\venv\Lib\site-packages\yt_dlp\networking\_helper.py", line 269, in create_connection
    raise err
  File "C:\Users\Asus\AppData\Local\Programs\Python\Python314\Mega Downloader\venv\Lib\site-packages\yt_dlp\networking\_helper.py", line 260, in create_connection
    sock = _create_socket_func(ip_addr, timeout, source_address)
           ^^^^^^^^^^^^^^^^^^^^^^^^^^^^^^^^^^^^^^^^^^^^^^^^^^^^^
  File "C:\Users\Asus\AppData\Local\Programs\Python\Python314\Mega Downloader\venv\Lib\site-packages\yt_dlp\networking\_helper.py", line 228, in create_socks_proxy_socket
    sock.connect(dest_addr)
  File "C:\Users\Asus\AppData\Local\Programs\Python\Python314\Mega Downloader\venv\Lib\site-packages\yt_dlp\socks.py", line 271, in connect
    self._make_proxy(socket.socket.connect, address)
  File "C:\Users\Asus\AppData\Local\Programs\Python\Python314\Mega Downloader\venv\Lib\site-packages\yt_dlp\socks.py", line 259, in _make_proxy
    result = connect_func(self, (self._proxy.host, self._proxy.port))
             ^^^^^^^^^^^^^^^^^^^^^^^^^^^^^^^^^^^^^^^^^^^^^^^^^^^^^^^^
ConnectionRefusedError: [WinError 10061] No connection could be made because the target machine actively refused it

The above exception was the direct cause of the following exception:

Traceback (most recent call last):
  File "C:\Users\Asus\AppData\Local\Programs\Python\Python314\Mega Downloader\venv\Lib\site-packages\urllib3\connectionpool.py", line 788, in urlopen
    response = self._make_request(
               ^^^^^^^^^^^^^^^^^^^
  File "C:\Users\Asus\AppData\Local\Programs\Python\Python314\Mega Downloader\venv\Lib\site-packages\urllib3\connectionpool.py", line 488, in _make_request
    raise new_e
  File "C:\Users\Asus\AppData\Local\Programs\Python\Python314\Mega Downloader\venv\Lib\site-packages\urllib3\connectionpool.py", line 464, in _make_request
    self._validate_conn(conn)
  File "C:\Users\Asus\AppData\Local\Programs\Python\Python314\Mega Downloader\venv\Lib\site-packages\urllib3\connectionpool.py", line 1106, in _validate_conn
    conn.connect()
  File "C:\Users\Asus\AppData\Local\Programs\Python\Python314\Mega Downloader\venv\Lib\site-packages\urllib3\connection.py", line 759, in connect
    self.sock = sock = self._new_conn()
                       ^^^^^^^^^^^^^^^^
  File "C:\Users\Asus\AppData\Local\Programs\Python\Python314\Mega Downloader\venv\Lib\site-packages\yt_dlp\networking\_requests.py", line 391, in _new_conn
    raise urllib3.exceptions.NewConnectionError(
urllib3.exceptions.NewConnectionError: SocksHTTPSConnection(host='api.telegram.org', port=443): Failed to establish a new connection: [WinError 10061] No connection could be made because the target machine actively refused it

The above exception was the direct cause of the following exception:

Traceback (most recent call last):
  File "C:\Users\Asus\AppData\Local\Programs\Python\Python314\Mega Downloader\venv\Lib\site-packages\requests\adapters.py", line 696, in send
    resp = conn.urlopen(
           ^^^^^^^^^^^^^
  File "C:\Users\Asus\AppData\Local\Programs\Python\Python314\Mega Downloader\venv\Lib\site-packages\urllib3\connectionpool.py", line 842, in urlopen
    retries = retries.increment(
              ^^^^^^^^^^^^^^^^^^
  File "C:\Users\Asus\AppData\Local\Programs\Python\Python314\Mega Downloader\venv\Lib\site-packages\urllib3\util\retry.py", line 543, in increment
    raise MaxRetryError(_pool, url, reason) from reason  # type: ignore[arg-type]
    ^^^^^^^^^^^^^^^^^^^^^^^^^^^^^^^^^^^^^^^^^^^^^^^^^^^
urllib3.exceptions.MaxRetryError: SocksHTTPSConnectionPool(host='api.telegram.org', port=443): Max retries exceeded with url: /bot8893611617:***********************************/getMe (Caused by NewConnectionError("SocksHTTPSConnection(host='api.telegram.org', port=443): Failed to establish a new connection: [WinError 10061] No connection could be made because the target machine actively refused it"))

During handling of the above exception, another exception occurred:

Traceback (most recent call last):
  File "C:\Users\Asus\AppData\Local\Programs\Python\Python314\Mega Downloader\venv\Lib\site-packages\telebot\__init__.py", line 1136, in infinity_polling
    self.polling(non_stop=True, timeout=timeout, long_polling_timeout=long_polling_timeout,
  File "C:\Users\Asus\AppData\Local\Programs\Python\Python314\Mega Downloader\venv\Lib\site-packages\telebot\__init__.py", line 1221, in polling
    logger.info('Starting your bot with username: [@%s]', self.user.username)
                                                          ^^^^^^^^^
  File "C:\Users\Asus\AppData\Local\Programs\Python\Python314\Mega Downloader\venv\Lib\site-packages\telebot\__init__.py", line 308, in user
    self._user = self.get_me()
                 ^^^^^^^^^^^^^
  File "C:\Users\Asus\AppData\Local\Programs\Python\Python314\Mega Downloader\venv\Lib\site-packages\telebot\__init__.py", line 1408, in get_me
    apihelper.get_me(self.token)
  File "C:\Users\Asus\AppData\Local\Programs\Python\Python314\Mega Downloader\venv\Lib\site-packages\telebot\apihelper.py", line 204, in get_me
    return _make_request(token, method_url)
           ^^^^^^^^^^^^^^^^^^^^^^^^^^^^^^^^
  File "C:\Users\Asus\AppData\Local\Programs\Python\Python314\Mega Downloader\venv\Lib\site-packages\telebot\apihelper.py", line 162, in _make_request
    result = _get_req_session().request(
             ^^^^^^^^^^^^^^^^^^^^^^^^^^^
  File "C:\Users\Asus\AppData\Local\Programs\Python\Python314\Mega Downloader\venv\Lib\site-packages\requests\sessions.py", line 651, in request
    resp = self.send(prep, **send_kwargs)
           ^^^^^^^^^^^^^^^^^^^^^^^^^^^^^^
  File "C:\Users\Asus\AppData\Local\Programs\Python\Python314\Mega Downloader\venv\Lib\site-packages\requests\sessions.py", line 784, in send
    r = adapter.send(request, **kwargs)
        ^^^^^^^^^^^^^^^^^^^^^^^^^^^^^^^
  File "C:\Users\Asus\AppData\Local\Programs\Python\Python314\Mega Downloader\venv\Lib\site-packages\requests\adapters.py", line 729, in send
    raise ConnectionError(e, request=request)
requests.exceptions.ConnectionError: SocksHTTPSConnectionPool(host='api.telegram.org', port=443): Max retries exceeded with url: /bot8893611617:***********************************/getMe (Caused by NewConnectionError("SocksHTTPSConnection(host='api.telegram.org', port=443): Failed to establish a new connection: [WinError 10061] No connection could be made because the target machine actively refused it"))

2026-07-10 12:08:00,668 [ERROR] TeleBot: Exception traceback:
Traceback (most recent call last):
  File "C:\Users\Asus\AppData\Local\Programs\Python\Python314\Mega Downloader\venv\Lib\site-packages\yt_dlp\networking\_requests.py", line 379, in _new_conn
    return create_connection(
           ^^^^^^^^^^^^^^^^^^
  File "C:\Users\Asus\AppData\Local\Programs\Python\Python314\Mega Downloader\venv\Lib\site-packages\yt_dlp\networking\_helper.py", line 269, in create_connection
    raise err
  File "C:\Users\Asus\AppData\Local\Programs\Python\Python314\Mega Downloader\venv\Lib\site-packages\yt_dlp\networking\_helper.py", line 260, in create_connection
    sock = _create_socket_func(ip_addr, timeout, source_address)
           ^^^^^^^^^^^^^^^^^^^^^^^^^^^^^^^^^^^^^^^^^^^^^^^^^^^^^
  File "C:\Users\Asus\AppData\Local\Programs\Python\Python314\Mega Downloader\venv\Lib\site-packages\yt_dlp\networking\_helper.py", line 228, in create_socks_proxy_socket
    sock.connect(dest_addr)
  File "C:\Users\Asus\AppData\Local\Programs\Python\Python314\Mega Downloader\venv\Lib\site-packages\yt_dlp\socks.py", line 271, in connect
    self._make_proxy(socket.socket.connect, address)
  File "C:\Users\Asus\AppData\Local\Programs\Python\Python314\Mega Downloader\venv\Lib\site-packages\yt_dlp\socks.py", line 259, in _make_proxy
    result = connect_func(self, (self._proxy.host, self._proxy.port))
             ^^^^^^^^^^^^^^^^^^^^^^^^^^^^^^^^^^^^^^^^^^^^^^^^^^^^^^^^
ConnectionRefusedError: [WinError 10061] No connection could be made because the target machine actively refused it

The above exception was the direct cause of the following exception:

Traceback (most recent call last):
  File "C:\Users\Asus\AppData\Local\Programs\Python\Python314\Mega Downloader\venv\Lib\site-packages\urllib3\connectionpool.py", line 788, in urlopen
    response = self._make_request(
               ^^^^^^^^^^^^^^^^^^^
  File "C:\Users\Asus\AppData\Local\Programs\Python\Python314\Mega Downloader\venv\Lib\site-packages\urllib3\connectionpool.py", line 488, in _make_request
    raise new_e
  File "C:\Users\Asus\AppData\Local\Programs\Python\Python314\Mega Downloader\venv\Lib\site-packages\urllib3\connectionpool.py", line 464, in _make_request
    self._validate_conn(conn)
  File "C:\Users\Asus\AppData\Local\Programs\Python\Python314\Mega Downloader\venv\Lib\site-packages\urllib3\connectionpool.py", line 1106, in _validate_conn
    conn.connect()
  File "C:\Users\Asus\AppData\Local\Programs\Python\Python314\Mega Downloader\venv\Lib\site-packages\urllib3\connection.py", line 759, in connect
    self.sock = sock = self._new_conn()
                       ^^^^^^^^^^^^^^^^
  File "C:\Users\Asus\AppData\Local\Programs\Python\Python314\Mega Downloader\venv\Lib\site-packages\yt_dlp\networking\_requests.py", line 391, in _new_conn
    raise urllib3.exceptions.NewConnectionError(
urllib3.exceptions.NewConnectionError: SocksHTTPSConnection(host='api.telegram.org', port=443): Failed to establish a new connection: [WinError 10061] No connection could be made because the target machine actively refused it

The above exception was the direct cause of the following exception:

Traceback (most recent call last):
  File "C:\Users\Asus\AppData\Local\Programs\Python\Python314\Mega Downloader\venv\Lib\site-packages\requests\adapters.py", line 696, in send
    resp = conn.urlopen(
           ^^^^^^^^^^^^^
  File "C:\Users\Asus\AppData\Local\Programs\Python\Python314\Mega Downloader\venv\Lib\site-packages\urllib3\connectionpool.py", line 842, in urlopen
    retries = retries.increment(
              ^^^^^^^^^^^^^^^^^^
  File "C:\Users\Asus\AppData\Local\Programs\Python\Python314\Mega Downloader\venv\Lib\site-packages\urllib3\util\retry.py", line 543, in increment
    raise MaxRetryError(_pool, url, reason) from reason  # type: ignore[arg-type]
    ^^^^^^^^^^^^^^^^^^^^^^^^^^^^^^^^^^^^^^^^^^^^^^^^^^^
urllib3.exceptions.MaxRetryError: SocksHTTPSConnectionPool(host='api.telegram.org', port=443): Max retries exceeded with url: /bot8893611617:***********************************/getMe (Caused by NewConnectionError("SocksHTTPSConnection(host='api.telegram.org', port=443): Failed to establish a new connection: [WinError 10061] No connection could be made because the target machine actively refused it"))

During handling of the above exception, another exception occurred:

Traceback (most recent call last):
  File "C:\Users\Asus\AppData\Local\Programs\Python\Python314\Mega Downloader\venv\Lib\site-packages\telebot\__init__.py", line 1136, in infinity_polling
    self.polling(non_stop=True, timeout=timeout, long_polling_timeout=long_polling_timeout,
  File "C:\Users\Asus\AppData\Local\Programs\Python\Python314\Mega Downloader\venv\Lib\site-packages\telebot\__init__.py", line 1221, in polling
    logger.info('Starting your bot with username: [@%s]', self.user.username)
                                                          ^^^^^^^^^
  File "C:\Users\Asus\AppData\Local\Programs\Python\Python314\Mega Downloader\venv\Lib\site-packages\telebot\__init__.py", line 308, in user
    self._user = self.get_me()
                 ^^^^^^^^^^^^^
  File "C:\Users\Asus\AppData\Local\Programs\Python\Python314\Mega Downloader\venv\Lib\site-packages\telebot\__init__.py", line 1408, in get_me
    apihelper.get_me(self.token)
  File "C:\Users\Asus\AppData\Local\Programs\Python\Python314\Mega Downloader\venv\Lib\site-packages\telebot\apihelper.py", line 204, in get_me
    return _make_request(token, method_url)
           ^^^^^^^^^^^^^^^^^^^^^^^^^^^^^^^^
  File "C:\Users\Asus\AppData\Local\Programs\Python\Python314\Mega Downloader\venv\Lib\site-packages\telebot\apihelper.py", line 162, in _make_request
    result = _get_req_session().request(
             ^^^^^^^^^^^^^^^^^^^^^^^^^^^
  File "C:\Users\Asus\AppData\Local\Programs\Python\Python314\Mega Downloader\venv\Lib\site-packages\requests\sessions.py", line 651, in request
    resp = self.send(prep, **send_kwargs)
           ^^^^^^^^^^^^^^^^^^^^^^^^^^^^^^
  File "C:\Users\Asus\AppData\Local\Programs\Python\Python314\Mega Downloader\venv\Lib\site-packages\requests\sessions.py", line 784, in send
    r = adapter.send(request, **kwargs)
        ^^^^^^^^^^^^^^^^^^^^^^^^^^^^^^^
  File "C:\Users\Asus\AppData\Local\Programs\Python\Python314\Mega Downloader\venv\Lib\site-packages\requests\adapters.py", line 729, in send
    raise ConnectionError(e, request=request)
requests.exceptions.ConnectionError: SocksHTTPSConnectionPool(host='api.telegram.org', port=443): Max retries exceeded with url: /bot8893611617:***********************************/getMe (Caused by NewConnectionError("SocksHTTPSConnection(host='api.telegram.org', port=443): Failed to establish a new connection: [WinError 10061] No connection could be made because the target machine actively refused it"))

2026-07-10 12:08:05,707 [ERROR] TeleBot: Exception traceback:
Traceback (most recent call last):
  File "C:\Users\Asus\AppData\Local\Programs\Python\Python314\Mega Downloader\venv\Lib\site-packages\yt_dlp\networking\_requests.py", line 379, in _new_conn
    return create_connection(
           ^^^^^^^^^^^^^^^^^^
  File "C:\Users\Asus\AppData\Local\Programs\Python\Python314\Mega Downloader\venv\Lib\site-packages\yt_dlp\networking\_helper.py", line 269, in create_connection
    raise err
  File "C:\Users\Asus\AppData\Local\Programs\Python\Python314\Mega Downloader\venv\Lib\site-packages\yt_dlp\networking\_helper.py", line 260, in create_connection
    sock = _create_socket_func(ip_addr, timeout, source_address)
           ^^^^^^^^^^^^^^^^^^^^^^^^^^^^^^^^^^^^^^^^^^^^^^^^^^^^^
  File "C:\Users\Asus\AppData\Local\Programs\Python\Python314\Mega Downloader\venv\Lib\site-packages\yt_dlp\networking\_helper.py", line 228, in create_socks_proxy_socket
    sock.connect(dest_addr)
  File "C:\Users\Asus\AppData\Local\Programs\Python\Python314\Mega Downloader\venv\Lib\site-packages\yt_dlp\socks.py", line 271, in connect
    self._make_proxy(socket.socket.connect, address)
  File "C:\Users\Asus\AppData\Local\Programs\Python\Python314\Mega Downloader\venv\Lib\site-packages\yt_dlp\socks.py", line 259, in _make_proxy
    result = connect_func(self, (self._proxy.host, self._proxy.port))
             ^^^^^^^^^^^^^^^^^^^^^^^^^^^^^^^^^^^^^^^^^^^^^^^^^^^^^^^^
ConnectionRefusedError: [WinError 10061] No connection could be made because the target machine actively refused it

The above exception was the direct cause of the following exception:

Traceback (most recent call last):
  File "C:\Users\Asus\AppData\Local\Programs\Python\Python314\Mega Downloader\venv\Lib\site-packages\urllib3\connectionpool.py", line 788, in urlopen
    response = self._make_request(
               ^^^^^^^^^^^^^^^^^^^
  File "C:\Users\Asus\AppData\Local\Programs\Python\Python314\Mega Downloader\venv\Lib\site-packages\urllib3\connectionpool.py", line 488, in _make_request
    raise new_e
  File "C:\Users\Asus\AppData\Local\Programs\Python\Python314\Mega Downloader\venv\Lib\site-packages\urllib3\connectionpool.py", line 464, in _make_request
    self._validate_conn(conn)
  File "C:\Users\Asus\AppData\Local\Programs\Python\Python314\Mega Downloader\venv\Lib\site-packages\urllib3\connectionpool.py", line 1106, in _validate_conn
    conn.connect()
  File "C:\Users\Asus\AppData\Local\Programs\Python\Python314\Mega Downloader\venv\Lib\site-packages\urllib3\connection.py", line 759, in connect
    self.sock = sock = self._new_conn()
                       ^^^^^^^^^^^^^^^^
  File "C:\Users\Asus\AppData\Local\Programs\Python\Python314\Mega Downloader\venv\Lib\site-packages\yt_dlp\networking\_requests.py", line 391, in _new_conn
    raise urllib3.exceptions.NewConnectionError(
urllib3.exceptions.NewConnectionError: SocksHTTPSConnection(host='api.telegram.org', port=443): Failed to establish a new connection: [WinError 10061] No connection could be made because the target machine actively refused it

The above exception was the direct cause of the following exception:

Traceback (most recent call last):
  File "C:\Users\Asus\AppData\Local\Programs\Python\Python314\Mega Downloader\venv\Lib\site-packages\requests\adapters.py", line 696, in send
    resp = conn.urlopen(
           ^^^^^^^^^^^^^
  File "C:\Users\Asus\AppData\Local\Programs\Python\Python314\Mega Downloader\venv\Lib\site-packages\urllib3\connectionpool.py", line 842, in urlopen
    retries = retries.increment(
              ^^^^^^^^^^^^^^^^^^
  File "C:\Users\Asus\AppData\Local\Programs\Python\Python314\Mega Downloader\venv\Lib\site-packages\urllib3\util\retry.py", line 543, in increment
    raise MaxRetryError(_pool, url, reason) from reason  # type: ignore[arg-type]
    ^^^^^^^^^^^^^^^^^^^^^^^^^^^^^^^^^^^^^^^^^^^^^^^^^^^
urllib3.exceptions.MaxRetryError: SocksHTTPSConnectionPool(host='api.telegram.org', port=443): Max retries exceeded with url: /bot8893611617:***********************************/getMe (Caused by NewConnectionError("SocksHTTPSConnection(host='api.telegram.org', port=443): Failed to establish a new connection: [WinError 10061] No connection could be made because the target machine actively refused it"))

During handling of the above exception, another exception occurred:

Traceback (most recent call last):
  File "C:\Users\Asus\AppData\Local\Programs\Python\Python314\Mega Downloader\venv\Lib\site-packages\telebot\__init__.py", line 1136, in infinity_polling
    self.polling(non_stop=True, timeout=timeout, long_polling_timeout=long_polling_timeout,
  File "C:\Users\Asus\AppData\Local\Programs\Python\Python314\Mega Downloader\venv\Lib\site-packages\telebot\__init__.py", line 1221, in polling
    logger.info('Starting your bot with username: [@%s]', self.user.username)
                                                          ^^^^^^^^^
  File "C:\Users\Asus\AppData\Local\Programs\Python\Python314\Mega Downloader\venv\Lib\site-packages\telebot\__init__.py", line 308, in user
    self._user = self.get_me()
                 ^^^^^^^^^^^^^
  File "C:\Users\Asus\AppData\Local\Programs\Python\Python314\Mega Downloader\venv\Lib\site-packages\telebot\__init__.py", line 1408, in get_me
    apihelper.get_me(self.token)
  File "C:\Users\Asus\AppData\Local\Programs\Python\Python314\Mega Downloader\venv\Lib\site-packages\telebot\apihelper.py", line 204, in get_me
    return _make_request(token, method_url)
           ^^^^^^^^^^^^^^^^^^^^^^^^^^^^^^^^
  File "C:\Users\Asus\AppData\Local\Programs\Python\Python314\Mega Downloader\venv\Lib\site-packages\telebot\apihelper.py", line 162, in _make_request
    result = _get_req_session().request(
             ^^^^^^^^^^^^^^^^^^^^^^^^^^^
  File "C:\Users\Asus\AppData\Local\Programs\Python\Python314\Mega Downloader\venv\Lib\site-packages\requests\sessions.py", line 651, in request
    resp = self.send(prep, **send_kwargs)
           ^^^^^^^^^^^^^^^^^^^^^^^^^^^^^^
  File "C:\Users\Asus\AppData\Local\Programs\Python\Python314\Mega Downloader\venv\Lib\site-packages\requests\sessions.py", line 784, in send
    r = adapter.send(request, **kwargs)
        ^^^^^^^^^^^^^^^^^^^^^^^^^^^^^^^
  File "C:\Users\Asus\AppData\Local\Programs\Python\Python314\Mega Downloader\venv\Lib\site-packages\requests\adapters.py", line 729, in send
    raise ConnectionError(e, request=request)
requests.exceptions.ConnectionError: SocksHTTPSConnectionPool(host='api.telegram.org', port=443): Max retries exceeded with url: /bot8893611617:***********************************/getMe (Caused by NewConnectionError("SocksHTTPSConnection(host='api.telegram.org', port=443): Failed to establish a new connection: [WinError 10061] No connection could be made because the target machine actively refused it"))

2026-07-10 12:08:10,760 [ERROR] TeleBot: Exception traceback:
Traceback (most recent call last):
  File "C:\Users\Asus\AppData\Local\Programs\Python\Python314\Mega Downloader\venv\Lib\site-packages\yt_dlp\networking\_requests.py", line 379, in _new_conn
    return create_connection(
           ^^^^^^^^^^^^^^^^^^
  File "C:\Users\Asus\AppData\Local\Programs\Python\Python314\Mega Downloader\venv\Lib\site-packages\yt_dlp\networking\_helper.py", line 269, in create_connection
    raise err
  File "C:\Users\Asus\AppData\Local\Programs\Python\Python314\Mega Downloader\venv\Lib\site-packages\yt_dlp\networking\_helper.py", line 260, in create_connection
    sock = _create_socket_func(ip_addr, timeout, source_address)
           ^^^^^^^^^^^^^^^^^^^^^^^^^^^^^^^^^^^^^^^^^^^^^^^^^^^^^
  File "C:\Users\Asus\AppData\Local\Programs\Python\Python314\Mega Downloader\venv\Lib\site-packages\yt_dlp\networking\_helper.py", line 228, in create_socks_proxy_socket
    sock.connect(dest_addr)
  File "C:\Users\Asus\AppData\Local\Programs\Python\Python314\Mega Downloader\venv\Lib\site-packages\yt_dlp\socks.py", line 271, in connect
    self._make_proxy(socket.socket.connect, address)
  File "C:\Users\Asus\AppData\Local\Programs\Python\Python314\Mega Downloader\venv\Lib\site-packages\yt_dlp\socks.py", line 259, in _make_proxy
    result = connect_func(self, (self._proxy.host, self._proxy.port))
             ^^^^^^^^^^^^^^^^^^^^^^^^^^^^^^^^^^^^^^^^^^^^^^^^^^^^^^^^
ConnectionRefusedError: [WinError 10061] No connection could be made because the target machine actively refused it

The above exception was the direct cause of the following exception:

Traceback (most recent call last):
  File "C:\Users\Asus\AppData\Local\Programs\Python\Python314\Mega Downloader\venv\Lib\site-packages\urllib3\connectionpool.py", line 788, in urlopen
    response = self._make_request(
               ^^^^^^^^^^^^^^^^^^^
  File "C:\Users\Asus\AppData\Local\Programs\Python\Python314\Mega Downloader\venv\Lib\site-packages\urllib3\connectionpool.py", line 488, in _make_request
    raise new_e
  File "C:\Users\Asus\AppData\Local\Programs\Python\Python314\Mega Downloader\venv\Lib\site-packages\urllib3\connectionpool.py", line 464, in _make_request
    self._validate_conn(conn)
  File "C:\Users\Asus\AppData\Local\Programs\Python\Python314\Mega Downloader\venv\Lib\site-packages\urllib3\connectionpool.py", line 1106, in _validate_conn
    conn.connect()
  File "C:\Users\Asus\AppData\Local\Programs\Python\Python314\Mega Downloader\venv\Lib\site-packages\urllib3\connection.py", line 759, in connect
    self.sock = sock = self._new_conn()
                       ^^^^^^^^^^^^^^^^
  File "C:\Users\Asus\AppData\Local\Programs\Python\Python314\Mega Downloader\venv\Lib\site-packages\yt_dlp\networking\_requests.py", line 391, in _new_conn
    raise urllib3.exceptions.NewConnectionError(
urllib3.exceptions.NewConnectionError: SocksHTTPSConnection(host='api.telegram.org', port=443): Failed to establish a new connection: [WinError 10061] No connection could be made because the target machine actively refused it

The above exception was the direct cause of the following exception:

Traceback (most recent call last):
  File "C:\Users\Asus\AppData\Local\Programs\Python\Python314\Mega Downloader\venv\Lib\site-packages\requests\adapters.py", line 696, in send
    resp = conn.urlopen(
           ^^^^^^^^^^^^^
  File "C:\Users\Asus\AppData\Local\Programs\Python\Python314\Mega Downloader\venv\Lib\site-packages\urllib3\connectionpool.py", line 842, in urlopen
    retries = retries.increment(
              ^^^^^^^^^^^^^^^^^^
  File "C:\Users\Asus\AppData\Local\Programs\Python\Python314\Mega Downloader\venv\Lib\site-packages\urllib3\util\retry.py", line 543, in increment
    raise MaxRetryError(_pool, url, reason) from reason  # type: ignore[arg-type]
    ^^^^^^^^^^^^^^^^^^^^^^^^^^^^^^^^^^^^^^^^^^^^^^^^^^^
urllib3.exceptions.MaxRetryError: SocksHTTPSConnectionPool(host='api.telegram.org', port=443): Max retries exceeded with url: /bot8893611617:***********************************/getMe (Caused by NewConnectionError("SocksHTTPSConnection(host='api.telegram.org', port=443): Failed to establish a new connection: [WinError 10061] No connection could be made because the target machine actively refused it"))

During handling of the above exception, another exception occurred:

Traceback (most recent call last):
  File "C:\Users\Asus\AppData\Local\Programs\Python\Python314\Mega Downloader\venv\Lib\site-packages\telebot\__init__.py", line 1136, in infinity_polling
    self.polling(non_stop=True, timeout=timeout, long_polling_timeout=long_polling_timeout,
  File "C:\Users\Asus\AppData\Local\Programs\Python\Python314\Mega Downloader\venv\Lib\site-packages\telebot\__init__.py", line 1221, in polling
    logger.info('Starting your bot with username: [@%s]', self.user.username)
                                                          ^^^^^^^^^
  File "C:\Users\Asus\AppData\Local\Programs\Python\Python314\Mega Downloader\venv\Lib\site-packages\telebot\__init__.py", line 308, in user
    self._user = self.get_me()
                 ^^^^^^^^^^^^^
  File "C:\Users\Asus\AppData\Local\Programs\Python\Python314\Mega Downloader\venv\Lib\site-packages\telebot\__init__.py", line 1408, in get_me
    apihelper.get_me(self.token)
  File "C:\Users\Asus\AppData\Local\Programs\Python\Python314\Mega Downloader\venv\Lib\site-packages\telebot\apihelper.py", line 204, in get_me
    return _make_request(token, method_url)
           ^^^^^^^^^^^^^^^^^^^^^^^^^^^^^^^^
  File "C:\Users\Asus\AppData\Local\Programs\Python\Python314\Mega Downloader\venv\Lib\site-packages\telebot\apihelper.py", line 162, in _make_request
    result = _get_req_session().request(
             ^^^^^^^^^^^^^^^^^^^^^^^^^^^
  File "C:\Users\Asus\AppData\Local\Programs\Python\Python314\Mega Downloader\venv\Lib\site-packages\requests\sessions.py", line 651, in request
    resp = self.send(prep, **send_kwargs)
           ^^^^^^^^^^^^^^^^^^^^^^^^^^^^^^
  File "C:\Users\Asus\AppData\Local\Programs\Python\Python314\Mega Downloader\venv\Lib\site-packages\requests\sessions.py", line 784, in send
    r = adapter.send(request, **kwargs)
        ^^^^^^^^^^^^^^^^^^^^^^^^^^^^^^^
  File "C:\Users\Asus\AppData\Local\Programs\Python\Python314\Mega Downloader\venv\Lib\site-packages\requests\adapters.py", line 729, in send
    raise ConnectionError(e, request=request)
requests.exceptions.ConnectionError: SocksHTTPSConnectionPool(host='api.telegram.org', port=443): Max retries exceeded with url: /bot8893611617:***********************************/getMe (Caused by NewConnectionError("SocksHTTPSConnection(host='api.telegram.org', port=443): Failed to establish a new connection: [WinError 10061] No connection could be made because the target machine actively refused it"))

2026-07-10 12:08:15,815 [ERROR] TeleBot: Exception traceback:
Traceback (most recent call last):
  File "C:\Users\Asus\AppData\Local\Programs\Python\Python314\Mega Downloader\venv\Lib\site-packages\yt_dlp\networking\_requests.py", line 379, in _new_conn
    return create_connection(
           ^^^^^^^^^^^^^^^^^^
  File "C:\Users\Asus\AppData\Local\Programs\Python\Python314\Mega Downloader\venv\Lib\site-packages\yt_dlp\networking\_helper.py", line 269, in create_connection
    raise err
  File "C:\Users\Asus\AppData\Local\Programs\Python\Python314\Mega Downloader\venv\Lib\site-packages\yt_dlp\networking\_helper.py", line 260, in create_connection
    sock = _create_socket_func(ip_addr, timeout, source_address)
           ^^^^^^^^^^^^^^^^^^^^^^^^^^^^^^^^^^^^^^^^^^^^^^^^^^^^^
  File "C:\Users\Asus\AppData\Local\Programs\Python\Python314\Mega Downloader\venv\Lib\site-packages\yt_dlp\networking\_helper.py", line 228, in create_socks_proxy_socket
    sock.connect(dest_addr)
  File "C:\Users\Asus\AppData\Local\Programs\Python\Python314\Mega Downloader\venv\Lib\site-packages\yt_dlp\socks.py", line 271, in connect
    self._make_proxy(socket.socket.connect, address)
  File "C:\Users\Asus\AppData\Local\Programs\Python\Python314\Mega Downloader\venv\Lib\site-packages\yt_dlp\socks.py", line 259, in _make_proxy
    result = connect_func(self, (self._proxy.host, self._proxy.port))
             ^^^^^^^^^^^^^^^^^^^^^^^^^^^^^^^^^^^^^^^^^^^^^^^^^^^^^^^^
ConnectionRefusedError: [WinError 10061] No connection could be made because the target machine actively refused it

The above exception was the direct cause of the following exception:

Traceback (most recent call last):
  File "C:\Users\Asus\AppData\Local\Programs\Python\Python314\Mega Downloader\venv\Lib\site-packages\urllib3\connectionpool.py", line 788, in urlopen
    response = self._make_request(
               ^^^^^^^^^^^^^^^^^^^
  File "C:\Users\Asus\AppData\Local\Programs\Python\Python314\Mega Downloader\venv\Lib\site-packages\urllib3\connectionpool.py", line 488, in _make_request
    raise new_e
  File "C:\Users\Asus\AppData\Local\Programs\Python\Python314\Mega Downloader\venv\Lib\site-packages\urllib3\connectionpool.py", line 464, in _make_request
    self._validate_conn(conn)
  File "C:\Users\Asus\AppData\Local\Programs\Python\Python314\Mega Downloader\venv\Lib\site-packages\urllib3\connectionpool.py", line 1106, in _validate_conn
    conn.connect()
  File "C:\Users\Asus\AppData\Local\Programs\Python\Python314\Mega Downloader\venv\Lib\site-packages\urllib3\connection.py", line 759, in connect
    self.sock = sock = self._new_conn()
                       ^^^^^^^^^^^^^^^^
  File "C:\Users\Asus\AppData\Local\Programs\Python\Python314\Mega Downloader\venv\Lib\site-packages\yt_dlp\networking\_requests.py", line 391, in _new_conn
    raise urllib3.exceptions.NewConnectionError(
urllib3.exceptions.NewConnectionError: SocksHTTPSConnection(host='api.telegram.org', port=443): Failed to establish a new connection: [WinError 10061] No connection could be made because the target machine actively refused it

The above exception was the direct cause of the following exception:

Traceback (most recent call last):
  File "C:\Users\Asus\AppData\Local\Programs\Python\Python314\Mega Downloader\venv\Lib\site-packages\requests\adapters.py", line 696, in send
    resp = conn.urlopen(
           ^^^^^^^^^^^^^
  File "C:\Users\Asus\AppData\Local\Programs\Python\Python314\Mega Downloader\venv\Lib\site-packages\urllib3\connectionpool.py", line 842, in urlopen
    retries = retries.increment(
              ^^^^^^^^^^^^^^^^^^
  File "C:\Users\Asus\AppData\Local\Programs\Python\Python314\Mega Downloader\venv\Lib\site-packages\urllib3\util\retry.py", line 543, in increment
    raise MaxRetryError(_pool, url, reason) from reason  # type: ignore[arg-type]
    ^^^^^^^^^^^^^^^^^^^^^^^^^^^^^^^^^^^^^^^^^^^^^^^^^^^
urllib3.exceptions.MaxRetryError: SocksHTTPSConnectionPool(host='api.telegram.org', port=443): Max retries exceeded with url: /bot8893611617:***********************************/getMe (Caused by NewConnectionError("SocksHTTPSConnection(host='api.telegram.org', port=443): Failed to establish a new connection: [WinError 10061] No connection could be made because the target machine actively refused it"))

During handling of the above exception, another exception occurred:

Traceback (most recent call last):
  File "C:\Users\Asus\AppData\Local\Programs\Python\Python314\Mega Downloader\venv\Lib\site-packages\telebot\__init__.py", line 1136, in infinity_polling
    self.polling(non_stop=True, timeout=timeout, long_polling_timeout=long_polling_timeout,
  File "C:\Users\Asus\AppData\Local\Programs\Python\Python314\Mega Downloader\venv\Lib\site-packages\telebot\__init__.py", line 1221, in polling
    logger.info('Starting your bot with username: [@%s]', self.user.username)
                                                          ^^^^^^^^^
  File "C:\Users\Asus\AppData\Local\Programs\Python\Python314\Mega Downloader\venv\Lib\site-packages\telebot\__init__.py", line 308, in user
    self._user = self.get_me()
                 ^^^^^^^^^^^^^
  File "C:\Users\Asus\AppData\Local\Programs\Python\Python314\Mega Downloader\venv\Lib\site-packages\telebot\__init__.py", line 1408, in get_me
    apihelper.get_me(self.token)
  File "C:\Users\Asus\AppData\Local\Programs\Python\Python314\Mega Downloader\venv\Lib\site-packages\telebot\apihelper.py", line 204, in get_me
    return _make_request(token, method_url)
           ^^^^^^^^^^^^^^^^^^^^^^^^^^^^^^^^
  File "C:\Users\Asus\AppData\Local\Programs\Python\Python314\Mega Downloader\venv\Lib\site-packages\telebot\apihelper.py", line 162, in _make_request
    result = _get_req_session().request(
             ^^^^^^^^^^^^^^^^^^^^^^^^^^^
  File "C:\Users\Asus\AppData\Local\Programs\Python\Python314\Mega Downloader\venv\Lib\site-packages\requests\sessions.py", line 651, in request
    resp = self.send(prep, **send_kwargs)
           ^^^^^^^^^^^^^^^^^^^^^^^^^^^^^^
  File "C:\Users\Asus\AppData\Local\Programs\Python\Python314\Mega Downloader\venv\Lib\site-packages\requests\sessions.py", line 784, in send
    r = adapter.send(request, **kwargs)
        ^^^^^^^^^^^^^^^^^^^^^^^^^^^^^^^
  File "C:\Users\Asus\AppData\Local\Programs\Python\Python314\Mega Downloader\venv\Lib\site-packages\requests\adapters.py", line 729, in send
    raise ConnectionError(e, request=request)
requests.exceptions.ConnectionError: SocksHTTPSConnectionPool(host='api.telegram.org', port=443): Max retries exceeded with url: /bot8893611617:***********************************/getMe (Caused by NewConnectionError("SocksHTTPSConnection(host='api.telegram.org', port=443): Failed to establish a new connection: [WinError 10061] No connection could be made because the target machine actively refused it"))

2026-07-10 12:08:20,844 [ERROR] TeleBot: Exception traceback:
Traceback (most recent call last):
  File "C:\Users\Asus\AppData\Local\Programs\Python\Python314\Mega Downloader\venv\Lib\site-packages\yt_dlp\networking\_requests.py", line 379, in _new_conn
    return create_connection(
           ^^^^^^^^^^^^^^^^^^
  File "C:\Users\Asus\AppData\Local\Programs\Python\Python314\Mega Downloader\venv\Lib\site-packages\yt_dlp\networking\_helper.py", line 269, in create_connection
    raise err
  File "C:\Users\Asus\AppData\Local\Programs\Python\Python314\Mega Downloader\venv\Lib\site-packages\yt_dlp\networking\_helper.py", line 260, in create_connection
    sock = _create_socket_func(ip_addr, timeout, source_address)
           ^^^^^^^^^^^^^^^^^^^^^^^^^^^^^^^^^^^^^^^^^^^^^^^^^^^^^
  File "C:\Users\Asus\AppData\Local\Programs\Python\Python314\Mega Downloader\venv\Lib\site-packages\yt_dlp\networking\_helper.py", line 228, in create_socks_proxy_socket
    sock.connect(dest_addr)
  File "C:\Users\Asus\AppData\Local\Programs\Python\Python314\Mega Downloader\venv\Lib\site-packages\yt_dlp\socks.py", line 271, in connect
    self._make_proxy(socket.socket.connect, address)
  File "C:\Users\Asus\AppData\Local\Programs\Python\Python314\Mega Downloader\venv\Lib\site-packages\yt_dlp\socks.py", line 259, in _make_proxy
    result = connect_func(self, (self._proxy.host, self._proxy.port))
             ^^^^^^^^^^^^^^^^^^^^^^^^^^^^^^^^^^^^^^^^^^^^^^^^^^^^^^^^
ConnectionRefusedError: [WinError 10061] No connection could be made because the target machine actively refused it

The above exception was the direct cause of the following exception:

Traceback (most recent call last):
  File "C:\Users\Asus\AppData\Local\Programs\Python\Python314\Mega Downloader\venv\Lib\site-packages\urllib3\connectionpool.py", line 788, in urlopen
    response = self._make_request(
               ^^^^^^^^^^^^^^^^^^^
  File "C:\Users\Asus\AppData\Local\Programs\Python\Python314\Mega Downloader\venv\Lib\site-packages\urllib3\connectionpool.py", line 488, in _make_request
    raise new_e
  File "C:\Users\Asus\AppData\Local\Programs\Python\Python314\Mega Downloader\venv\Lib\site-packages\urllib3\connectionpool.py", line 464, in _make_request
    self._validate_conn(conn)
  File "C:\Users\Asus\AppData\Local\Programs\Python\Python314\Mega Downloader\venv\Lib\site-packages\urllib3\connectionpool.py", line 1106, in _validate_conn
    conn.connect()
  File "C:\Users\Asus\AppData\Local\Programs\Python\Python314\Mega Downloader\venv\Lib\site-packages\urllib3\connection.py", line 759, in connect
    self.sock = sock = self._new_conn()
                       ^^^^^^^^^^^^^^^^
  File "C:\Users\Asus\AppData\Local\Programs\Python\Python314\Mega Downloader\venv\Lib\site-packages\yt_dlp\networking\_requests.py", line 391, in _new_conn
    raise urllib3.exceptions.NewConnectionError(
urllib3.exceptions.NewConnectionError: SocksHTTPSConnection(host='api.telegram.org', port=443): Failed to establish a new connection: [WinError 10061] No connection could be made because the target machine actively refused it

The above exception was the direct cause of the following exception:

Traceback (most recent call last):
  File "C:\Users\Asus\AppData\Local\Programs\Python\Python314\Mega Downloader\venv\Lib\site-packages\requests\adapters.py", line 696, in send
    resp = conn.urlopen(
           ^^^^^^^^^^^^^
  File "C:\Users\Asus\AppData\Local\Programs\Python\Python314\Mega Downloader\venv\Lib\site-packages\urllib3\connectionpool.py", line 842, in urlopen
    retries = retries.increment(
              ^^^^^^^^^^^^^^^^^^
  File "C:\Users\Asus\AppData\Local\Programs\Python\Python314\Mega Downloader\venv\Lib\site-packages\urllib3\util\retry.py", line 543, in increment
    raise MaxRetryError(_pool, url, reason) from reason  # type: ignore[arg-type]
    ^^^^^^^^^^^^^^^^^^^^^^^^^^^^^^^^^^^^^^^^^^^^^^^^^^^
urllib3.exceptions.MaxRetryError: SocksHTTPSConnectionPool(host='api.telegram.org', port=443): Max retries exceeded with url: /bot8893611617:***********************************/getMe (Caused by NewConnectionError("SocksHTTPSConnection(host='api.telegram.org', port=443): Failed to establish a new connection: [WinError 10061] No connection could be made because the target machine actively refused it"))

During handling of the above exception, another exception occurred:

Traceback (most recent call last):
  File "C:\Users\Asus\AppData\Local\Programs\Python\Python314\Mega Downloader\venv\Lib\site-packages\telebot\__init__.py", line 1136, in infinity_polling
    self.polling(non_stop=True, timeout=timeout, long_polling_timeout=long_polling_timeout,
  File "C:\Users\Asus\AppData\Local\Programs\Python\Python314\Mega Downloader\venv\Lib\site-packages\telebot\__init__.py", line 1221, in polling
    logger.info('Starting your bot with username: [@%s]', self.user.username)
                                                          ^^^^^^^^^
  File "C:\Users\Asus\AppData\Local\Programs\Python\Python314\Mega Downloader\venv\Lib\site-packages\telebot\__init__.py", line 308, in user
    self._user = self.get_me()
                 ^^^^^^^^^^^^^
  File "C:\Users\Asus\AppData\Local\Programs\Python\Python314\Mega Downloader\venv\Lib\site-packages\telebot\__init__.py", line 1408, in get_me
    apihelper.get_me(self.token)
  File "C:\Users\Asus\AppData\Local\Programs\Python\Python314\Mega Downloader\venv\Lib\site-packages\telebot\apihelper.py", line 204, in get_me
    return _make_request(token, method_url)
           ^^^^^^^^^^^^^^^^^^^^^^^^^^^^^^^^
  File "C:\Users\Asus\AppData\Local\Programs\Python\Python314\Mega Downloader\venv\Lib\site-packages\telebot\apihelper.py", line 162, in _make_request
    result = _get_req_session().request(
             ^^^^^^^^^^^^^^^^^^^^^^^^^^^
  File "C:\Users\Asus\AppData\Local\Programs\Python\Python314\Mega Downloader\venv\Lib\site-packages\requests\sessions.py", line 651, in request
    resp = self.send(prep, **send_kwargs)
           ^^^^^^^^^^^^^^^^^^^^^^^^^^^^^^
  File "C:\Users\Asus\AppData\Local\Programs\Python\Python314\Mega Downloader\venv\Lib\site-packages\requests\sessions.py", line 784, in send
    r = adapter.send(request, **kwargs)
        ^^^^^^^^^^^^^^^^^^^^^^^^^^^^^^^
  File "C:\Users\Asus\AppData\Local\Programs\Python\Python314\Mega Downloader\venv\Lib\site-packages\requests\adapters.py", line 729, in send
    raise ConnectionError(e, request=request)
requests.exceptions.ConnectionError: SocksHTTPSConnectionPool(host='api.telegram.org', port=443): Max retries exceeded with url: /bot8893611617:***********************************/getMe (Caused by NewConnectionError("SocksHTTPSConnection(host='api.telegram.org', port=443): Failed to establish a new connection: [WinError 10061] No connection could be made because the target machine actively refused it"))

2026-07-10 12:08:25,875 [ERROR] TeleBot: Exception traceback:
Traceback (most recent call last):
  File "C:\Users\Asus\AppData\Local\Programs\Python\Python314\Mega Downloader\venv\Lib\site-packages\yt_dlp\networking\_requests.py", line 379, in _new_conn
    return create_connection(
           ^^^^^^^^^^^^^^^^^^
  File "C:\Users\Asus\AppData\Local\Programs\Python\Python314\Mega Downloader\venv\Lib\site-packages\yt_dlp\networking\_helper.py", line 269, in create_connection
    raise err
  File "C:\Users\Asus\AppData\Local\Programs\Python\Python314\Mega Downloader\venv\Lib\site-packages\yt_dlp\networking\_helper.py", line 260, in create_connection
    sock = _create_socket_func(ip_addr, timeout, source_address)
           ^^^^^^^^^^^^^^^^^^^^^^^^^^^^^^^^^^^^^^^^^^^^^^^^^^^^^
  File "C:\Users\Asus\AppData\Local\Programs\Python\Python314\Mega Downloader\venv\Lib\site-packages\yt_dlp\networking\_helper.py", line 228, in create_socks_proxy_socket
    sock.connect(dest_addr)
  File "C:\Users\Asus\AppData\Local\Programs\Python\Python314\Mega Downloader\venv\Lib\site-packages\yt_dlp\socks.py", line 271, in connect
    self._make_proxy(socket.socket.connect, address)
  File "C:\Users\Asus\AppData\Local\Programs\Python\Python314\Mega Downloader\venv\Lib\site-packages\yt_dlp\socks.py", line 259, in _make_proxy
    result = connect_func(self, (self._proxy.host, self._proxy.port))
             ^^^^^^^^^^^^^^^^^^^^^^^^^^^^^^^^^^^^^^^^^^^^^^^^^^^^^^^^
ConnectionRefusedError: [WinError 10061] No connection could be made because the target machine actively refused it

The above exception was the direct cause of the following exception:

Traceback (most recent call last):
  File "C:\Users\Asus\AppData\Local\Programs\Python\Python314\Mega Downloader\venv\Lib\site-packages\urllib3\connectionpool.py", line 788, in urlopen
    response = self._make_request(
               ^^^^^^^^^^^^^^^^^^^
  File "C:\Users\Asus\AppData\Local\Programs\Python\Python314\Mega Downloader\venv\Lib\site-packages\urllib3\connectionpool.py", line 488, in _make_request
    raise new_e
  File "C:\Users\Asus\AppData\Local\Programs\Python\Python314\Mega Downloader\venv\Lib\site-packages\urllib3\connectionpool.py", line 464, in _make_request
    self._validate_conn(conn)
  File "C:\Users\Asus\AppData\Local\Programs\Python\Python314\Mega Downloader\venv\Lib\site-packages\urllib3\connectionpool.py", line 1106, in _validate_conn
    conn.connect()
  File "C:\Users\Asus\AppData\Local\Programs\Python\Python314\Mega Downloader\venv\Lib\site-packages\urllib3\connection.py", line 759, in connect
    self.sock = sock = self._new_conn()
                       ^^^^^^^^^^^^^^^^
  File "C:\Users\Asus\AppData\Local\Programs\Python\Python314\Mega Downloader\venv\Lib\site-packages\yt_dlp\networking\_requests.py", line 391, in _new_conn
    raise urllib3.exceptions.NewConnectionError(
urllib3.exceptions.NewConnectionError: SocksHTTPSConnection(host='api.telegram.org', port=443): Failed to establish a new connection: [WinError 10061] No connection could be made because the target machine actively refused it

The above exception was the direct cause of the following exception:

Traceback (most recent call last):
  File "C:\Users\Asus\AppData\Local\Programs\Python\Python314\Mega Downloader\venv\Lib\site-packages\requests\adapters.py", line 696, in send
    resp = conn.urlopen(
           ^^^^^^^^^^^^^
  File "C:\Users\Asus\AppData\Local\Programs\Python\Python314\Mega Downloader\venv\Lib\site-packages\urllib3\connectionpool.py", line 842, in urlopen
    retries = retries.increment(
              ^^^^^^^^^^^^^^^^^^
  File "C:\Users\Asus\AppData\Local\Programs\Python\Python314\Mega Downloader\venv\Lib\site-packages\urllib3\util\retry.py", line 543, in increment
    raise MaxRetryError(_pool, url, reason) from reason  # type: ignore[arg-type]
    ^^^^^^^^^^^^^^^^^^^^^^^^^^^^^^^^^^^^^^^^^^^^^^^^^^^
urllib3.exceptions.MaxRetryError: SocksHTTPSConnectionPool(host='api.telegram.org', port=443): Max retries exceeded with url: /bot8893611617:***********************************/getMe (Caused by NewConnectionError("SocksHTTPSConnection(host='api.telegram.org', port=443): Failed to establish a new connection: [WinError 10061] No connection could be made because the target machine actively refused it"))

During handling of the above exception, another exception occurred:

Traceback (most recent call last):
  File "C:\Users\Asus\AppData\Local\Programs\Python\Python314\Mega Downloader\venv\Lib\site-packages\telebot\__init__.py", line 1136, in infinity_polling
    self.polling(non_stop=True, timeout=timeout, long_polling_timeout=long_polling_timeout,
  File "C:\Users\Asus\AppData\Local\Programs\Python\Python314\Mega Downloader\venv\Lib\site-packages\telebot\__init__.py", line 1221, in polling
    logger.info('Starting your bot with username: [@%s]', self.user.username)
                                                          ^^^^^^^^^
  File "C:\Users\Asus\AppData\Local\Programs\Python\Python314\Mega Downloader\venv\Lib\site-packages\telebot\__init__.py", line 308, in user
    self._user = self.get_me()
                 ^^^^^^^^^^^^^
  File "C:\Users\Asus\AppData\Local\Programs\Python\Python314\Mega Downloader\venv\Lib\site-packages\telebot\__init__.py", line 1408, in get_me
    apihelper.get_me(self.token)
  File "C:\Users\Asus\AppData\Local\Programs\Python\Python314\Mega Downloader\venv\Lib\site-packages\telebot\apihelper.py", line 204, in get_me
    return _make_request(token, method_url)
           ^^^^^^^^^^^^^^^^^^^^^^^^^^^^^^^^
  File "C:\Users\Asus\AppData\Local\Programs\Python\Python314\Mega Downloader\venv\Lib\site-packages\telebot\apihelper.py", line 162, in _make_request
    result = _get_req_session().request(
             ^^^^^^^^^^^^^^^^^^^^^^^^^^^
  File "C:\Users\Asus\AppData\Local\Programs\Python\Python314\Mega Downloader\venv\Lib\site-packages\requests\sessions.py", line 651, in request
    resp = self.send(prep, **send_kwargs)
           ^^^^^^^^^^^^^^^^^^^^^^^^^^^^^^
  File "C:\Users\Asus\AppData\Local\Programs\Python\Python314\Mega Downloader\venv\Lib\site-packages\requests\sessions.py", line 784, in send
    r = adapter.send(request, **kwargs)
        ^^^^^^^^^^^^^^^^^^^^^^^^^^^^^^^
  File "C:\Users\Asus\AppData\Local\Programs\Python\Python314\Mega Downloader\venv\Lib\site-packages\requests\adapters.py", line 729, in send
    raise ConnectionError(e, request=request)
requests.exceptions.ConnectionError: SocksHTTPSConnectionPool(host='api.telegram.org', port=443): Max retries exceeded with url: /bot8893611617:***********************************/getMe (Caused by NewConnectionError("SocksHTTPSConnection(host='api.telegram.org', port=443): Failed to establish a new connection: [WinError 10061] No connection could be made because the target machine actively refused it"))

2026-07-10 12:08:30,924 [ERROR] TeleBot: Exception traceback:
Traceback (most recent call last):
  File "C:\Users\Asus\AppData\Local\Programs\Python\Python314\Mega Downloader\venv\Lib\site-packages\yt_dlp\networking\_requests.py", line 379, in _new_conn
    return create_connection(
           ^^^^^^^^^^^^^^^^^^
  File "C:\Users\Asus\AppData\Local\Programs\Python\Python314\Mega Downloader\venv\Lib\site-packages\yt_dlp\networking\_helper.py", line 269, in create_connection
    raise err
  File "C:\Users\Asus\AppData\Local\Programs\Python\Python314\Mega Downloader\venv\Lib\site-packages\yt_dlp\networking\_helper.py", line 260, in create_connection
    sock = _create_socket_func(ip_addr, timeout, source_address)
           ^^^^^^^^^^^^^^^^^^^^^^^^^^^^^^^^^^^^^^^^^^^^^^^^^^^^^
  File "C:\Users\Asus\AppData\Local\Programs\Python\Python314\Mega Downloader\venv\Lib\site-packages\yt_dlp\networking\_helper.py", line 228, in create_socks_proxy_socket
    sock.connect(dest_addr)
  File "C:\Users\Asus\AppData\Local\Programs\Python\Python314\Mega Downloader\venv\Lib\site-packages\yt_dlp\socks.py", line 271, in connect
    self._make_proxy(socket.socket.connect, address)
  File "C:\Users\Asus\AppData\Local\Programs\Python\Python314\Mega Downloader\venv\Lib\site-packages\yt_dlp\socks.py", line 259, in _make_proxy
    result = connect_func(self, (self._proxy.host, self._proxy.port))
             ^^^^^^^^^^^^^^^^^^^^^^^^^^^^^^^^^^^^^^^^^^^^^^^^^^^^^^^^
ConnectionRefusedError: [WinError 10061] No connection could be made because the target machine actively refused it

The above exception was the direct cause of the following exception:

Traceback (most recent call last):
  File "C:\Users\Asus\AppData\Local\Programs\Python\Python314\Mega Downloader\venv\Lib\site-packages\urllib3\connectionpool.py", line 788, in urlopen
    response = self._make_request(
               ^^^^^^^^^^^^^^^^^^^
  File "C:\Users\Asus\AppData\Local\Programs\Python\Python314\Mega Downloader\venv\Lib\site-packages\urllib3\connectionpool.py", line 488, in _make_request
    raise new_e
  File "C:\Users\Asus\AppData\Local\Programs\Python\Python314\Mega Downloader\venv\Lib\site-packages\urllib3\connectionpool.py", line 464, in _make_request
    self._validate_conn(conn)
  File "C:\Users\Asus\AppData\Local\Programs\Python\Python314\Mega Downloader\venv\Lib\site-packages\urllib3\connectionpool.py", line 1106, in _validate_conn
    conn.connect()
  File "C:\Users\Asus\AppData\Local\Programs\Python\Python314\Mega Downloader\venv\Lib\site-packages\urllib3\connection.py", line 759, in connect
    self.sock = sock = self._new_conn()
                       ^^^^^^^^^^^^^^^^
  File "C:\Users\Asus\AppData\Local\Programs\Python\Python314\Mega Downloader\venv\Lib\site-packages\yt_dlp\networking\_requests.py", line 391, in _new_conn
    raise urllib3.exceptions.NewConnectionError(
urllib3.exceptions.NewConnectionError: SocksHTTPSConnection(host='api.telegram.org', port=443): Failed to establish a new connection: [WinError 10061] No connection could be made because the target machine actively refused it

The above exception was the direct cause of the following exception:

Traceback (most recent call last):
  File "C:\Users\Asus\AppData\Local\Programs\Python\Python314\Mega Downloader\venv\Lib\site-packages\requests\adapters.py", line 696, in send
    resp = conn.urlopen(
           ^^^^^^^^^^^^^
  File "C:\Users\Asus\AppData\Local\Programs\Python\Python314\Mega Downloader\venv\Lib\site-packages\urllib3\connectionpool.py", line 842, in urlopen
    retries = retries.increment(
              ^^^^^^^^^^^^^^^^^^
  File "C:\Users\Asus\AppData\Local\Programs\Python\Python314\Mega Downloader\venv\Lib\site-packages\urllib3\util\retry.py", line 543, in increment
    raise MaxRetryError(_pool, url, reason) from reason  # type: ignore[arg-type]
    ^^^^^^^^^^^^^^^^^^^^^^^^^^^^^^^^^^^^^^^^^^^^^^^^^^^
urllib3.exceptions.MaxRetryError: SocksHTTPSConnectionPool(host='api.telegram.org', port=443): Max retries exceeded with url: /bot8893611617:***********************************/getMe (Caused by NewConnectionError("SocksHTTPSConnection(host='api.telegram.org', port=443): Failed to establish a new connection: [WinError 10061] No connection could be made because the target machine actively refused it"))

During handling of the above exception, another exception occurred:

Traceback (most recent call last):
  File "C:\Users\Asus\AppData\Local\Programs\Python\Python314\Mega Downloader\venv\Lib\site-packages\telebot\__init__.py", line 1136, in infinity_polling
    self.polling(non_stop=True, timeout=timeout, long_polling_timeout=long_polling_timeout,
  File "C:\Users\Asus\AppData\Local\Programs\Python\Python314\Mega Downloader\venv\Lib\site-packages\telebot\__init__.py", line 1221, in polling
    logger.info('Starting your bot with username: [@%s]', self.user.username)
                                                          ^^^^^^^^^
  File "C:\Users\Asus\AppData\Local\Programs\Python\Python314\Mega Downloader\venv\Lib\site-packages\telebot\__init__.py", line 308, in user
    self._user = self.get_me()
                 ^^^^^^^^^^^^^
  File "C:\Users\Asus\AppData\Local\Programs\Python\Python314\Mega Downloader\venv\Lib\site-packages\telebot\__init__.py", line 1408, in get_me
    apihelper.get_me(self.token)
  File "C:\Users\Asus\AppData\Local\Programs\Python\Python314\Mega Downloader\venv\Lib\site-packages\telebot\apihelper.py", line 204, in get_me
    return _make_request(token, method_url)
           ^^^^^^^^^^^^^^^^^^^^^^^^^^^^^^^^
  File "C:\Users\Asus\AppData\Local\Programs\Python\Python314\Mega Downloader\venv\Lib\site-packages\telebot\apihelper.py", line 162, in _make_request
    result = _get_req_session().request(
             ^^^^^^^^^^^^^^^^^^^^^^^^^^^
  File "C:\Users\Asus\AppData\Local\Programs\Python\Python314\Mega Downloader\venv\Lib\site-packages\requests\sessions.py", line 651, in request
    resp = self.send(prep, **send_kwargs)
           ^^^^^^^^^^^^^^^^^^^^^^^^^^^^^^
  File "C:\Users\Asus\AppData\Local\Programs\Python\Python314\Mega Downloader\venv\Lib\site-packages\requests\sessions.py", line 784, in send
    r = adapter.send(request, **kwargs)
        ^^^^^^^^^^^^^^^^^^^^^^^^^^^^^^^
  File "C:\Users\Asus\AppData\Local\Programs\Python\Python314\Mega Downloader\venv\Lib\site-packages\requests\adapters.py", line 729, in send
    raise ConnectionError(e, request=request)
requests.exceptions.ConnectionError: SocksHTTPSConnectionPool(host='api.telegram.org', port=443): Max retries exceeded with url: /bot8893611617:***********************************/getMe (Caused by NewConnectionError("SocksHTTPSConnection(host='api.telegram.org', port=443): Failed to establish a new connection: [WinError 10061] No connection could be made because the target machine actively refused it"))

2026-07-10 12:08:35,987 [ERROR] TeleBot: Exception traceback:
Traceback (most recent call last):
  File "C:\Users\Asus\AppData\Local\Programs\Python\Python314\Mega Downloader\venv\Lib\site-packages\yt_dlp\networking\_requests.py", line 379, in _new_conn
    return create_connection(
           ^^^^^^^^^^^^^^^^^^
  File "C:\Users\Asus\AppData\Local\Programs\Python\Python314\Mega Downloader\venv\Lib\site-packages\yt_dlp\networking\_helper.py", line 269, in create_connection
    raise err
  File "C:\Users\Asus\AppData\Local\Programs\Python\Python314\Mega Downloader\venv\Lib\site-packages\yt_dlp\networking\_helper.py", line 260, in create_connection
    sock = _create_socket_func(ip_addr, timeout, source_address)
           ^^^^^^^^^^^^^^^^^^^^^^^^^^^^^^^^^^^^^^^^^^^^^^^^^^^^^
  File "C:\Users\Asus\AppData\Local\Programs\Python\Python314\Mega Downloader\venv\Lib\site-packages\yt_dlp\networking\_helper.py", line 228, in create_socks_proxy_socket
    sock.connect(dest_addr)
  File "C:\Users\Asus\AppData\Local\Programs\Python\Python314\Mega Downloader\venv\Lib\site-packages\yt_dlp\socks.py", line 271, in connect
    self._make_proxy(socket.socket.connect, address)
  File "C:\Users\Asus\AppData\Local\Programs\Python\Python314\Mega Downloader\venv\Lib\site-packages\yt_dlp\socks.py", line 259, in _make_proxy
    result = connect_func(self, (self._proxy.host, self._proxy.port))
             ^^^^^^^^^^^^^^^^^^^^^^^^^^^^^^^^^^^^^^^^^^^^^^^^^^^^^^^^
ConnectionRefusedError: [WinError 10061] No connection could be made because the target machine actively refused it

The above exception was the direct cause of the following exception:

Traceback (most recent call last):
  File "C:\Users\Asus\AppData\Local\Programs\Python\Python314\Mega Downloader\venv\Lib\site-packages\urllib3\connectionpool.py", line 788, in urlopen
    response = self._make_request(
               ^^^^^^^^^^^^^^^^^^^
  File "C:\Users\Asus\AppData\Local\Programs\Python\Python314\Mega Downloader\venv\Lib\site-packages\urllib3\connectionpool.py", line 488, in _make_request
    raise new_e
  File "C:\Users\Asus\AppData\Local\Programs\Python\Python314\Mega Downloader\venv\Lib\site-packages\urllib3\connectionpool.py", line 464, in _make_request
    self._validate_conn(conn)
  File "C:\Users\Asus\AppData\Local\Programs\Python\Python314\Mega Downloader\venv\Lib\site-packages\urllib3\connectionpool.py", line 1106, in _validate_conn
    conn.connect()
  File "C:\Users\Asus\AppData\Local\Programs\Python\Python314\Mega Downloader\venv\Lib\site-packages\urllib3\connection.py", line 759, in connect
    self.sock = sock = self._new_conn()
                       ^^^^^^^^^^^^^^^^
  File "C:\Users\Asus\AppData\Local\Programs\Python\Python314\Mega Downloader\venv\Lib\site-packages\yt_dlp\networking\_requests.py", line 391, in _new_conn
    raise urllib3.exceptions.NewConnectionError(
urllib3.exceptions.NewConnectionError: SocksHTTPSConnection(host='api.telegram.org', port=443): Failed to establish a new connection: [WinError 10061] No connection could be made because the target machine actively refused it

The above exception was the direct cause of the following exception:

Traceback (most recent call last):
  File "C:\Users\Asus\AppData\Local\Programs\Python\Python314\Mega Downloader\venv\Lib\site-packages\requests\adapters.py", line 696, in send
    resp = conn.urlopen(
           ^^^^^^^^^^^^^
  File "C:\Users\Asus\AppData\Local\Programs\Python\Python314\Mega Downloader\venv\Lib\site-packages\urllib3\connectionpool.py", line 842, in urlopen
    retries = retries.increment(
              ^^^^^^^^^^^^^^^^^^
  File "C:\Users\Asus\AppData\Local\Programs\Python\Python314\Mega Downloader\venv\Lib\site-packages\urllib3\util\retry.py", line 543, in increment
    raise MaxRetryError(_pool, url, reason) from reason  # type: ignore[arg-type]
    ^^^^^^^^^^^^^^^^^^^^^^^^^^^^^^^^^^^^^^^^^^^^^^^^^^^
urllib3.exceptions.MaxRetryError: SocksHTTPSConnectionPool(host='api.telegram.org', port=443): Max retries exceeded with url: /bot8893611617:***********************************/getMe (Caused by NewConnectionError("SocksHTTPSConnection(host='api.telegram.org', port=443): Failed to establish a new connection: [WinError 10061] No connection could be made because the target machine actively refused it"))

During handling of the above exception, another exception occurred:

Traceback (most recent call last):
  File "C:\Users\Asus\AppData\Local\Programs\Python\Python314\Mega Downloader\venv\Lib\site-packages\telebot\__init__.py", line 1136, in infinity_polling
    self.polling(non_stop=True, timeout=timeout, long_polling_timeout=long_polling_timeout,
  File "C:\Users\Asus\AppData\Local\Programs\Python\Python314\Mega Downloader\venv\Lib\site-packages\telebot\__init__.py", line 1221, in polling
    logger.info('Starting your bot with username: [@%s]', self.user.username)
                                                          ^^^^^^^^^
  File "C:\Users\Asus\AppData\Local\Programs\Python\Python314\Mega Downloader\venv\Lib\site-packages\telebot\__init__.py", line 308, in user
    self._user = self.get_me()
                 ^^^^^^^^^^^^^
  File "C:\Users\Asus\AppData\Local\Programs\Python\Python314\Mega Downloader\venv\Lib\site-packages\telebot\__init__.py", line 1408, in get_me
    apihelper.get_me(self.token)
  File "C:\Users\Asus\AppData\Local\Programs\Python\Python314\Mega Downloader\venv\Lib\site-packages\telebot\apihelper.py", line 204, in get_me
    return _make_request(token, method_url)
           ^^^^^^^^^^^^^^^^^^^^^^^^^^^^^^^^
  File "C:\Users\Asus\AppData\Local\Programs\Python\Python314\Mega Downloader\venv\Lib\site-packages\telebot\apihelper.py", line 162, in _make_request
    result = _get_req_session().request(
             ^^^^^^^^^^^^^^^^^^^^^^^^^^^
  File "C:\Users\Asus\AppData\Local\Programs\Python\Python314\Mega Downloader\venv\Lib\site-packages\requests\sessions.py", line 651, in request
    resp = self.send(prep, **send_kwargs)
           ^^^^^^^^^^^^^^^^^^^^^^^^^^^^^^
  File "C:\Users\Asus\AppData\Local\Programs\Python\Python314\Mega Downloader\venv\Lib\site-packages\requests\sessions.py", line 784, in send
    r = adapter.send(request, **kwargs)
        ^^^^^^^^^^^^^^^^^^^^^^^^^^^^^^^
  File "C:\Users\Asus\AppData\Local\Programs\Python\Python314\Mega Downloader\venv\Lib\site-packages\requests\adapters.py", line 729, in send
    raise ConnectionError(e, request=request)
requests.exceptions.ConnectionError: SocksHTTPSConnectionPool(host='api.telegram.org', port=443): Max retries exceeded with url: /bot8893611617:***********************************/getMe (Caused by NewConnectionError("SocksHTTPSConnection(host='api.telegram.org', port=443): Failed to establish a new connection: [WinError 10061] No connection could be made because the target machine actively refused it"))

2026-07-10 12:08:41,034 [ERROR] TeleBot: Exception traceback:
Traceback (most recent call last):
  File "C:\Users\Asus\AppData\Local\Programs\Python\Python314\Mega Downloader\venv\Lib\site-packages\yt_dlp\networking\_requests.py", line 379, in _new_conn
    return create_connection(
           ^^^^^^^^^^^^^^^^^^
  File "C:\Users\Asus\AppData\Local\Programs\Python\Python314\Mega Downloader\venv\Lib\site-packages\yt_dlp\networking\_helper.py", line 269, in create_connection
    raise err
  File "C:\Users\Asus\AppData\Local\Programs\Python\Python314\Mega Downloader\venv\Lib\site-packages\yt_dlp\networking\_helper.py", line 260, in create_connection
    sock = _create_socket_func(ip_addr, timeout, source_address)
           ^^^^^^^^^^^^^^^^^^^^^^^^^^^^^^^^^^^^^^^^^^^^^^^^^^^^^
  File "C:\Users\Asus\AppData\Local\Programs\Python\Python314\Mega Downloader\venv\Lib\site-packages\yt_dlp\networking\_helper.py", line 228, in create_socks_proxy_socket
    sock.connect(dest_addr)
  File "C:\Users\Asus\AppData\Local\Programs\Python\Python314\Mega Downloader\venv\Lib\site-packages\yt_dlp\socks.py", line 271, in connect
    self._make_proxy(socket.socket.connect, address)
  File "C:\Users\Asus\AppData\Local\Programs\Python\Python314\Mega Downloader\venv\Lib\site-packages\yt_dlp\socks.py", line 259, in _make_proxy
    result = connect_func(self, (self._proxy.host, self._proxy.port))
             ^^^^^^^^^^^^^^^^^^^^^^^^^^^^^^^^^^^^^^^^^^^^^^^^^^^^^^^^
ConnectionRefusedError: [WinError 10061] No connection could be made because the target machine actively refused it

The above exception was the direct cause of the following exception:

Traceback (most recent call last):
  File "C:\Users\Asus\AppData\Local\Programs\Python\Python314\Mega Downloader\venv\Lib\site-packages\urllib3\connectionpool.py", line 788, in urlopen
    response = self._make_request(
               ^^^^^^^^^^^^^^^^^^^
  File "C:\Users\Asus\AppData\Local\Programs\Python\Python314\Mega Downloader\venv\Lib\site-packages\urllib3\connectionpool.py", line 488, in _make_request
    raise new_e
  File "C:\Users\Asus\AppData\Local\Programs\Python\Python314\Mega Downloader\venv\Lib\site-packages\urllib3\connectionpool.py", line 464, in _make_request
    self._validate_conn(conn)
  File "C:\Users\Asus\AppData\Local\Programs\Python\Python314\Mega Downloader\venv\Lib\site-packages\urllib3\connectionpool.py", line 1106, in _validate_conn
    conn.connect()
  File "C:\Users\Asus\AppData\Local\Programs\Python\Python314\Mega Downloader\venv\Lib\site-packages\urllib3\connection.py", line 759, in connect
    self.sock = sock = self._new_conn()
                       ^^^^^^^^^^^^^^^^
  File "C:\Users\Asus\AppData\Local\Programs\Python\Python314\Mega Downloader\venv\Lib\site-packages\yt_dlp\networking\_requests.py", line 391, in _new_conn
    raise urllib3.exceptions.NewConnectionError(
urllib3.exceptions.NewConnectionError: SocksHTTPSConnection(host='api.telegram.org', port=443): Failed to establish a new connection: [WinError 10061] No connection could be made because the target machine actively refused it

The above exception was the direct cause of the following exception:

Traceback (most recent call last):
  File "C:\Users\Asus\AppData\Local\Programs\Python\Python314\Mega Downloader\venv\Lib\site-packages\requests\adapters.py", line 696, in send
    resp = conn.urlopen(
           ^^^^^^^^^^^^^
  File "C:\Users\Asus\AppData\Local\Programs\Python\Python314\Mega Downloader\venv\Lib\site-packages\urllib3\connectionpool.py", line 842, in urlopen
    retries = retries.increment(
              ^^^^^^^^^^^^^^^^^^
  File "C:\Users\Asus\AppData\Local\Programs\Python\Python314\Mega Downloader\venv\Lib\site-packages\urllib3\util\retry.py", line 543, in increment
    raise MaxRetryError(_pool, url, reason) from reason  # type: ignore[arg-type]
    ^^^^^^^^^^^^^^^^^^^^^^^^^^^^^^^^^^^^^^^^^^^^^^^^^^^
urllib3.exceptions.MaxRetryError: SocksHTTPSConnectionPool(host='api.telegram.org', port=443): Max retries exceeded with url: /bot8893611617:***********************************/getMe (Caused by NewConnectionError("SocksHTTPSConnection(host='api.telegram.org', port=443): Failed to establish a new connection: [WinError 10061] No connection could be made because the target machine actively refused it"))

During handling of the above exception, another exception occurred:

Traceback (most recent call last):
  File "C:\Users\Asus\AppData\Local\Programs\Python\Python314\Mega Downloader\venv\Lib\site-packages\telebot\__init__.py", line 1136, in infinity_polling
    self.polling(non_stop=True, timeout=timeout, long_polling_timeout=long_polling_timeout,
  File "C:\Users\Asus\AppData\Local\Programs\Python\Python314\Mega Downloader\venv\Lib\site-packages\telebot\__init__.py", line 1221, in polling
    logger.info('Starting your bot with username: [@%s]', self.user.username)
                                                          ^^^^^^^^^
  File "C:\Users\Asus\AppData\Local\Programs\Python\Python314\Mega Downloader\venv\Lib\site-packages\telebot\__init__.py", line 308, in user
    self._user = self.get_me()
                 ^^^^^^^^^^^^^
  File "C:\Users\Asus\AppData\Local\Programs\Python\Python314\Mega Downloader\venv\Lib\site-packages\telebot\__init__.py", line 1408, in get_me
    apihelper.get_me(self.token)
  File "C:\Users\Asus\AppData\Local\Programs\Python\Python314\Mega Downloader\venv\Lib\site-packages\telebot\apihelper.py", line 204, in get_me
    return _make_request(token, method_url)
           ^^^^^^^^^^^^^^^^^^^^^^^^^^^^^^^^
  File "C:\Users\Asus\AppData\Local\Programs\Python\Python314\Mega Downloader\venv\Lib\site-packages\telebot\apihelper.py", line 162, in _make_request
    result = _get_req_session().request(
             ^^^^^^^^^^^^^^^^^^^^^^^^^^^
  File "C:\Users\Asus\AppData\Local\Programs\Python\Python314\Mega Downloader\venv\Lib\site-packages\requests\sessions.py", line 651, in request
    resp = self.send(prep, **send_kwargs)
           ^^^^^^^^^^^^^^^^^^^^^^^^^^^^^^
  File "C:\Users\Asus\AppData\Local\Programs\Python\Python314\Mega Downloader\venv\Lib\site-packages\requests\sessions.py", line 784, in send
    r = adapter.send(request, **kwargs)
        ^^^^^^^^^^^^^^^^^^^^^^^^^^^^^^^
  File "C:\Users\Asus\AppData\Local\Programs\Python\Python314\Mega Downloader\venv\Lib\site-packages\requests\adapters.py", line 729, in send
    raise ConnectionError(e, request=request)
requests.exceptions.ConnectionError: SocksHTTPSConnectionPool(host='api.telegram.org', port=443): Max retries exceeded with url: /bot8893611617:***********************************/getMe (Caused by NewConnectionError("SocksHTTPSConnection(host='api.telegram.org', port=443): Failed to establish a new connection: [WinError 10061] No connection could be made because the target machine actively refused it"))

2026-07-10 12:08:46,091 [ERROR] TeleBot: Exception traceback:
Traceback (most recent call last):
  File "C:\Users\Asus\AppData\Local\Programs\Python\Python314\Mega Downloader\venv\Lib\site-packages\yt_dlp\networking\_requests.py", line 379, in _new_conn
    return create_connection(
           ^^^^^^^^^^^^^^^^^^
  File "C:\Users\Asus\AppData\Local\Programs\Python\Python314\Mega Downloader\venv\Lib\site-packages\yt_dlp\networking\_helper.py", line 269, in create_connection
    raise err
  File "C:\Users\Asus\AppData\Local\Programs\Python\Python314\Mega Downloader\venv\Lib\site-packages\yt_dlp\networking\_helper.py", line 260, in create_connection
    sock = _create_socket_func(ip_addr, timeout, source_address)
           ^^^^^^^^^^^^^^^^^^^^^^^^^^^^^^^^^^^^^^^^^^^^^^^^^^^^^
  File "C:\Users\Asus\AppData\Local\Programs\Python\Python314\Mega Downloader\venv\Lib\site-packages\yt_dlp\networking\_helper.py", line 228, in create_socks_proxy_socket
    sock.connect(dest_addr)
  File "C:\Users\Asus\AppData\Local\Programs\Python\Python314\Mega Downloader\venv\Lib\site-packages\yt_dlp\socks.py", line 271, in connect
    self._make_proxy(socket.socket.connect, address)
  File "C:\Users\Asus\AppData\Local\Programs\Python\Python314\Mega Downloader\venv\Lib\site-packages\yt_dlp\socks.py", line 259, in _make_proxy
    result = connect_func(self, (self._proxy.host, self._proxy.port))
             ^^^^^^^^^^^^^^^^^^^^^^^^^^^^^^^^^^^^^^^^^^^^^^^^^^^^^^^^
ConnectionRefusedError: [WinError 10061] No connection could be made because the target machine actively refused it

The above exception was the direct cause of the following exception:

Traceback (most recent call last):
  File "C:\Users\Asus\AppData\Local\Programs\Python\Python314\Mega Downloader\venv\Lib\site-packages\urllib3\connectionpool.py", line 788, in urlopen
    response = self._make_request(
               ^^^^^^^^^^^^^^^^^^^
  File "C:\Users\Asus\AppData\Local\Programs\Python\Python314\Mega Downloader\venv\Lib\site-packages\urllib3\connectionpool.py", line 488, in _make_request
    raise new_e
  File "C:\Users\Asus\AppData\Local\Programs\Python\Python314\Mega Downloader\venv\Lib\site-packages\urllib3\connectionpool.py", line 464, in _make_request
    self._validate_conn(conn)
  File "C:\Users\Asus\AppData\Local\Programs\Python\Python314\Mega Downloader\venv\Lib\site-packages\urllib3\connectionpool.py", line 1106, in _validate_conn
    conn.connect()
  File "C:\Users\Asus\AppData\Local\Programs\Python\Python314\Mega Downloader\venv\Lib\site-packages\urllib3\connection.py", line 759, in connect
    self.sock = sock = self._new_conn()
                       ^^^^^^^^^^^^^^^^
  File "C:\Users\Asus\AppData\Local\Programs\Python\Python314\Mega Downloader\venv\Lib\site-packages\yt_dlp\networking\_requests.py", line 391, in _new_conn
    raise urllib3.exceptions.NewConnectionError(
urllib3.exceptions.NewConnectionError: SocksHTTPSConnection(host='api.telegram.org', port=443): Failed to establish a new connection: [WinError 10061] No connection could be made because the target machine actively refused it

The above exception was the direct cause of the following exception:

Traceback (most recent call last):
  File "C:\Users\Asus\AppData\Local\Programs\Python\Python314\Mega Downloader\venv\Lib\site-packages\requests\adapters.py", line 696, in send
    resp = conn.urlopen(
           ^^^^^^^^^^^^^
  File "C:\Users\Asus\AppData\Local\Programs\Python\Python314\Mega Downloader\venv\Lib\site-packages\urllib3\connectionpool.py", line 842, in urlopen
    retries = retries.increment(
              ^^^^^^^^^^^^^^^^^^
  File "C:\Users\Asus\AppData\Local\Programs\Python\Python314\Mega Downloader\venv\Lib\site-packages\urllib3\util\retry.py", line 543, in increment
    raise MaxRetryError(_pool, url, reason) from reason  # type: ignore[arg-type]
    ^^^^^^^^^^^^^^^^^^^^^^^^^^^^^^^^^^^^^^^^^^^^^^^^^^^
urllib3.exceptions.MaxRetryError: SocksHTTPSConnectionPool(host='api.telegram.org', port=443): Max retries exceeded with url: /bot8893611617:***********************************/getMe (Caused by NewConnectionError("SocksHTTPSConnection(host='api.telegram.org', port=443): Failed to establish a new connection: [WinError 10061] No connection could be made because the target machine actively refused it"))

During handling of the above exception, another exception occurred:

Traceback (most recent call last):
  File "C:\Users\Asus\AppData\Local\Programs\Python\Python314\Mega Downloader\venv\Lib\site-packages\telebot\__init__.py", line 1136, in infinity_polling
    self.polling(non_stop=True, timeout=timeout, long_polling_timeout=long_polling_timeout,
  File "C:\Users\Asus\AppData\Local\Programs\Python\Python314\Mega Downloader\venv\Lib\site-packages\telebot\__init__.py", line 1221, in polling
    logger.info('Starting your bot with username: [@%s]', self.user.username)
                                                          ^^^^^^^^^
  File "C:\Users\Asus\AppData\Local\Programs\Python\Python314\Mega Downloader\venv\Lib\site-packages\telebot\__init__.py", line 308, in user
    self._user = self.get_me()
                 ^^^^^^^^^^^^^
  File "C:\Users\Asus\AppData\Local\Programs\Python\Python314\Mega Downloader\venv\Lib\site-packages\telebot\__init__.py", line 1408, in get_me
    apihelper.get_me(self.token)
  File "C:\Users\Asus\AppData\Local\Programs\Python\Python314\Mega Downloader\venv\Lib\site-packages\telebot\apihelper.py", line 204, in get_me
    return _make_request(token, method_url)
           ^^^^^^^^^^^^^^^^^^^^^^^^^^^^^^^^
  File "C:\Users\Asus\AppData\Local\Programs\Python\Python314\Mega Downloader\venv\Lib\site-packages\telebot\apihelper.py", line 162, in _make_request
    result = _get_req_session().request(
             ^^^^^^^^^^^^^^^^^^^^^^^^^^^
  File "C:\Users\Asus\AppData\Local\Programs\Python\Python314\Mega Downloader\venv\Lib\site-packages\requests\sessions.py", line 651, in request
    resp = self.send(prep, **send_kwargs)
           ^^^^^^^^^^^^^^^^^^^^^^^^^^^^^^
  File "C:\Users\Asus\AppData\Local\Programs\Python\Python314\Mega Downloader\venv\Lib\site-packages\requests\sessions.py", line 784, in send
    r = adapter.send(request, **kwargs)
        ^^^^^^^^^^^^^^^^^^^^^^^^^^^^^^^
  File "C:\Users\Asus\AppData\Local\Programs\Python\Python314\Mega Downloader\venv\Lib\site-packages\requests\adapters.py", line 729, in send
    raise ConnectionError(e, request=request)
requests.exceptions.ConnectionError: SocksHTTPSConnectionPool(host='api.telegram.org', port=443): Max retries exceeded with url: /bot8893611617:***********************************/getMe (Caused by NewConnectionError("SocksHTTPSConnection(host='api.telegram.org', port=443): Failed to establish a new connection: [WinError 10061] No connection could be made because the target machine actively refused it"))

2026-07-10 12:08:51,151 [ERROR] TeleBot: Exception traceback:
Traceback (most recent call last):
  File "C:\Users\Asus\AppData\Local\Programs\Python\Python314\Mega Downloader\venv\Lib\site-packages\yt_dlp\networking\_requests.py", line 379, in _new_conn
    return create_connection(
           ^^^^^^^^^^^^^^^^^^
  File "C:\Users\Asus\AppData\Local\Programs\Python\Python314\Mega Downloader\venv\Lib\site-packages\yt_dlp\networking\_helper.py", line 269, in create_connection
    raise err
  File "C:\Users\Asus\AppData\Local\Programs\Python\Python314\Mega Downloader\venv\Lib\site-packages\yt_dlp\networking\_helper.py", line 260, in create_connection
    sock = _create_socket_func(ip_addr, timeout, source_address)
           ^^^^^^^^^^^^^^^^^^^^^^^^^^^^^^^^^^^^^^^^^^^^^^^^^^^^^
  File "C:\Users\Asus\AppData\Local\Programs\Python\Python314\Mega Downloader\venv\Lib\site-packages\yt_dlp\networking\_helper.py", line 228, in create_socks_proxy_socket
    sock.connect(dest_addr)
  File "C:\Users\Asus\AppData\Local\Programs\Python\Python314\Mega Downloader\venv\Lib\site-packages\yt_dlp\socks.py", line 271, in connect
    self._make_proxy(socket.socket.connect, address)
  File "C:\Users\Asus\AppData\Local\Programs\Python\Python314\Mega Downloader\venv\Lib\site-packages\yt_dlp\socks.py", line 259, in _make_proxy
    result = connect_func(self, (self._proxy.host, self._proxy.port))
             ^^^^^^^^^^^^^^^^^^^^^^^^^^^^^^^^^^^^^^^^^^^^^^^^^^^^^^^^
ConnectionRefusedError: [WinError 10061] No connection could be made because the target machine actively refused it

The above exception was the direct cause of the following exception:

Traceback (most recent call last):
  File "C:\Users\Asus\AppData\Local\Programs\Python\Python314\Mega Downloader\venv\Lib\site-packages\urllib3\connectionpool.py", line 788, in urlopen
    response = self._make_request(
               ^^^^^^^^^^^^^^^^^^^
  File "C:\Users\Asus\AppData\Local\Programs\Python\Python314\Mega Downloader\venv\Lib\site-packages\urllib3\connectionpool.py", line 488, in _make_request
    raise new_e
  File "C:\Users\Asus\AppData\Local\Programs\Python\Python314\Mega Downloader\venv\Lib\site-packages\urllib3\connectionpool.py", line 464, in _make_request
    self._validate_conn(conn)
  File "C:\Users\Asus\AppData\Local\Programs\Python\Python314\Mega Downloader\venv\Lib\site-packages\urllib3\connectionpool.py", line 1106, in _validate_conn
    conn.connect()
  File "C:\Users\Asus\AppData\Local\Programs\Python\Python314\Mega Downloader\venv\Lib\site-packages\urllib3\connection.py", line 759, in connect
    self.sock = sock = self._new_conn()
                       ^^^^^^^^^^^^^^^^
  File "C:\Users\Asus\AppData\Local\Programs\Python\Python314\Mega Downloader\venv\Lib\site-packages\yt_dlp\networking\_requests.py", line 391, in _new_conn
    raise urllib3.exceptions.NewConnectionError(
urllib3.exceptions.NewConnectionError: SocksHTTPSConnection(host='api.telegram.org', port=443): Failed to establish a new connection: [WinError 10061] No connection could be made because the target machine actively refused it

The above exception was the direct cause of the following exception:

Traceback (most recent call last):
  File "C:\Users\Asus\AppData\Local\Programs\Python\Python314\Mega Downloader\venv\Lib\site-packages\requests\adapters.py", line 696, in send
    resp = conn.urlopen(
           ^^^^^^^^^^^^^
  File "C:\Users\Asus\AppData\Local\Programs\Python\Python314\Mega Downloader\venv\Lib\site-packages\urllib3\connectionpool.py", line 842, in urlopen
    retries = retries.increment(
              ^^^^^^^^^^^^^^^^^^
  File "C:\Users\Asus\AppData\Local\Programs\Python\Python314\Mega Downloader\venv\Lib\site-packages\urllib3\util\retry.py", line 543, in increment
    raise MaxRetryError(_pool, url, reason) from reason  # type: ignore[arg-type]
    ^^^^^^^^^^^^^^^^^^^^^^^^^^^^^^^^^^^^^^^^^^^^^^^^^^^
urllib3.exceptions.MaxRetryError: SocksHTTPSConnectionPool(host='api.telegram.org', port=443): Max retries exceeded with url: /bot8893611617:***********************************/getMe (Caused by NewConnectionError("SocksHTTPSConnection(host='api.telegram.org', port=443): Failed to establish a new connection: [WinError 10061] No connection could be made because the target machine actively refused it"))

During handling of the above exception, another exception occurred:

Traceback (most recent call last):
  File "C:\Users\Asus\AppData\Local\Programs\Python\Python314\Mega Downloader\venv\Lib\site-packages\telebot\__init__.py", line 1136, in infinity_polling
    self.polling(non_stop=True, timeout=timeout, long_polling_timeout=long_polling_timeout,
  File "C:\Users\Asus\AppData\Local\Programs\Python\Python314\Mega Downloader\venv\Lib\site-packages\telebot\__init__.py", line 1221, in polling
    logger.info('Starting your bot with username: [@%s]', self.user.username)
                                                          ^^^^^^^^^
  File "C:\Users\Asus\AppData\Local\Programs\Python\Python314\Mega Downloader\venv\Lib\site-packages\telebot\__init__.py", line 308, in user
    self._user = self.get_me()
                 ^^^^^^^^^^^^^
  File "C:\Users\Asus\AppData\Local\Programs\Python\Python314\Mega Downloader\venv\Lib\site-packages\telebot\__init__.py", line 1408, in get_me
    apihelper.get_me(self.token)
  File "C:\Users\Asus\AppData\Local\Programs\Python\Python314\Mega Downloader\venv\Lib\site-packages\telebot\apihelper.py", line 204, in get_me
    return _make_request(token, method_url)
           ^^^^^^^^^^^^^^^^^^^^^^^^^^^^^^^^
  File "C:\Users\Asus\AppData\Local\Programs\Python\Python314\Mega Downloader\venv\Lib\site-packages\telebot\apihelper.py", line 162, in _make_request
    result = _get_req_session().request(
             ^^^^^^^^^^^^^^^^^^^^^^^^^^^
  File "C:\Users\Asus\AppData\Local\Programs\Python\Python314\Mega Downloader\venv\Lib\site-packages\requests\sessions.py", line 651, in request
    resp = self.send(prep, **send_kwargs)
           ^^^^^^^^^^^^^^^^^^^^^^^^^^^^^^
  File "C:\Users\Asus\AppData\Local\Programs\Python\Python314\Mega Downloader\venv\Lib\site-packages\requests\sessions.py", line 784, in send
    r = adapter.send(request, **kwargs)
        ^^^^^^^^^^^^^^^^^^^^^^^^^^^^^^^
  File "C:\Users\Asus\AppData\Local\Programs\Python\Python314\Mega Downloader\venv\Lib\site-packages\requests\adapters.py", line 729, in send
    raise ConnectionError(e, request=request)
requests.exceptions.ConnectionError: SocksHTTPSConnectionPool(host='api.telegram.org', port=443): Max retries exceeded with url: /bot8893611617:***********************************/getMe (Caused by NewConnectionError("SocksHTTPSConnection(host='api.telegram.org', port=443): Failed to establish a new connection: [WinError 10061] No connection could be made because the target machine actively refused it"))

2026-07-10 12:08:56,206 [ERROR] TeleBot: Exception traceback:
Traceback (most recent call last):
  File "C:\Users\Asus\AppData\Local\Programs\Python\Python314\Mega Downloader\venv\Lib\site-packages\yt_dlp\networking\_requests.py", line 379, in _new_conn
    return create_connection(
           ^^^^^^^^^^^^^^^^^^
  File "C:\Users\Asus\AppData\Local\Programs\Python\Python314\Mega Downloader\venv\Lib\site-packages\yt_dlp\networking\_helper.py", line 269, in create_connection
    raise err
  File "C:\Users\Asus\AppData\Local\Programs\Python\Python314\Mega Downloader\venv\Lib\site-packages\yt_dlp\networking\_helper.py", line 260, in create_connection
    sock = _create_socket_func(ip_addr, timeout, source_address)
           ^^^^^^^^^^^^^^^^^^^^^^^^^^^^^^^^^^^^^^^^^^^^^^^^^^^^^
  File "C:\Users\Asus\AppData\Local\Programs\Python\Python314\Mega Downloader\venv\Lib\site-packages\yt_dlp\networking\_helper.py", line 228, in create_socks_proxy_socket
    sock.connect(dest_addr)
  File "C:\Users\Asus\AppData\Local\Programs\Python\Python314\Mega Downloader\venv\Lib\site-packages\yt_dlp\socks.py", line 271, in connect
    self._make_proxy(socket.socket.connect, address)
  File "C:\Users\Asus\AppData\Local\Programs\Python\Python314\Mega Downloader\venv\Lib\site-packages\yt_dlp\socks.py", line 259, in _make_proxy
    result = connect_func(self, (self._proxy.host, self._proxy.port))
             ^^^^^^^^^^^^^^^^^^^^^^^^^^^^^^^^^^^^^^^^^^^^^^^^^^^^^^^^
ConnectionRefusedError: [WinError 10061] No connection could be made because the target machine actively refused it

The above exception was the direct cause of the following exception:

Traceback (most recent call last):
  File "C:\Users\Asus\AppData\Local\Programs\Python\Python314\Mega Downloader\venv\Lib\site-packages\urllib3\connectionpool.py", line 788, in urlopen
    response = self._make_request(
               ^^^^^^^^^^^^^^^^^^^
  File "C:\Users\Asus\AppData\Local\Programs\Python\Python314\Mega Downloader\venv\Lib\site-packages\urllib3\connectionpool.py", line 488, in _make_request
    raise new_e
  File "C:\Users\Asus\AppData\Local\Programs\Python\Python314\Mega Downloader\venv\Lib\site-packages\urllib3\connectionpool.py", line 464, in _make_request
    self._validate_conn(conn)
  File "C:\Users\Asus\AppData\Local\Programs\Python\Python314\Mega Downloader\venv\Lib\site-packages\urllib3\connectionpool.py", line 1106, in _validate_conn
    conn.connect()
  File "C:\Users\Asus\AppData\Local\Programs\Python\Python314\Mega Downloader\venv\Lib\site-packages\urllib3\connection.py", line 759, in connect
    self.sock = sock = self._new_conn()
                       ^^^^^^^^^^^^^^^^
  File "C:\Users\Asus\AppData\Local\Programs\Python\Python314\Mega Downloader\venv\Lib\site-packages\yt_dlp\networking\_requests.py", line 391, in _new_conn
    raise urllib3.exceptions.NewConnectionError(
urllib3.exceptions.NewConnectionError: SocksHTTPSConnection(host='api.telegram.org', port=443): Failed to establish a new connection: [WinError 10061] No connection could be made because the target machine actively refused it

The above exception was the direct cause of the following exception:

Traceback (most recent call last):
  File "C:\Users\Asus\AppData\Local\Programs\Python\Python314\Mega Downloader\venv\Lib\site-packages\requests\adapters.py", line 696, in send
    resp = conn.urlopen(
           ^^^^^^^^^^^^^
  File "C:\Users\Asus\AppData\Local\Programs\Python\Python314\Mega Downloader\venv\Lib\site-packages\urllib3\connectionpool.py", line 842, in urlopen
    retries = retries.increment(
              ^^^^^^^^^^^^^^^^^^
  File "C:\Users\Asus\AppData\Local\Programs\Python\Python314\Mega Downloader\venv\Lib\site-packages\urllib3\util\retry.py", line 543, in increment
    raise MaxRetryError(_pool, url, reason) from reason  # type: ignore[arg-type]
    ^^^^^^^^^^^^^^^^^^^^^^^^^^^^^^^^^^^^^^^^^^^^^^^^^^^
urllib3.exceptions.MaxRetryError: SocksHTTPSConnectionPool(host='api.telegram.org', port=443): Max retries exceeded with url: /bot8893611617:***********************************/getMe (Caused by NewConnectionError("SocksHTTPSConnection(host='api.telegram.org', port=443): Failed to establish a new connection: [WinError 10061] No connection could be made because the target machine actively refused it"))

During handling of the above exception, another exception occurred:

Traceback (most recent call last):
  File "C:\Users\Asus\AppData\Local\Programs\Python\Python314\Mega Downloader\venv\Lib\site-packages\telebot\__init__.py", line 1136, in infinity_polling
    self.polling(non_stop=True, timeout=timeout, long_polling_timeout=long_polling_timeout,
  File "C:\Users\Asus\AppData\Local\Programs\Python\Python314\Mega Downloader\venv\Lib\site-packages\telebot\__init__.py", line 1221, in polling
    logger.info('Starting your bot with username: [@%s]', self.user.username)
                                                          ^^^^^^^^^
  File "C:\Users\Asus\AppData\Local\Programs\Python\Python314\Mega Downloader\venv\Lib\site-packages\telebot\__init__.py", line 308, in user
    self._user = self.get_me()
                 ^^^^^^^^^^^^^
  File "C:\Users\Asus\AppData\Local\Programs\Python\Python314\Mega Downloader\venv\Lib\site-packages\telebot\__init__.py", line 1408, in get_me
    apihelper.get_me(self.token)
  File "C:\Users\Asus\AppData\Local\Programs\Python\Python314\Mega Downloader\venv\Lib\site-packages\telebot\apihelper.py", line 204, in get_me
    return _make_request(token, method_url)
           ^^^^^^^^^^^^^^^^^^^^^^^^^^^^^^^^
  File "C:\Users\Asus\AppData\Local\Programs\Python\Python314\Mega Downloader\venv\Lib\site-packages\telebot\apihelper.py", line 162, in _make_request
    result = _get_req_session().request(
             ^^^^^^^^^^^^^^^^^^^^^^^^^^^
  File "C:\Users\Asus\AppData\Local\Programs\Python\Python314\Mega Downloader\venv\Lib\site-packages\requests\sessions.py", line 651, in request
    resp = self.send(prep, **send_kwargs)
           ^^^^^^^^^^^^^^^^^^^^^^^^^^^^^^
  File "C:\Users\Asus\AppData\Local\Programs\Python\Python314\Mega Downloader\venv\Lib\site-packages\requests\sessions.py", line 784, in send
    r = adapter.send(request, **kwargs)
        ^^^^^^^^^^^^^^^^^^^^^^^^^^^^^^^
  File "C:\Users\Asus\AppData\Local\Programs\Python\Python314\Mega Downloader\venv\Lib\site-packages\requests\adapters.py", line 729, in send
    raise ConnectionError(e, request=request)
requests.exceptions.ConnectionError: SocksHTTPSConnectionPool(host='api.telegram.org', port=443): Max retries exceeded with url: /bot8893611617:***********************************/getMe (Caused by NewConnectionError("SocksHTTPSConnection(host='api.telegram.org', port=443): Failed to establish a new connection: [WinError 10061] No connection could be made because the target machine actively refused it"))

2026-07-10 12:09:01,256 [ERROR] TeleBot: Exception traceback:
Traceback (most recent call last):
  File "C:\Users\Asus\AppData\Local\Programs\Python\Python314\Mega Downloader\venv\Lib\site-packages\yt_dlp\networking\_requests.py", line 379, in _new_conn
    return create_connection(
           ^^^^^^^^^^^^^^^^^^
  File "C:\Users\Asus\AppData\Local\Programs\Python\Python314\Mega Downloader\venv\Lib\site-packages\yt_dlp\networking\_helper.py", line 269, in create_connection
    raise err
  File "C:\Users\Asus\AppData\Local\Programs\Python\Python314\Mega Downloader\venv\Lib\site-packages\yt_dlp\networking\_helper.py", line 260, in create_connection
    sock = _create_socket_func(ip_addr, timeout, source_address)
           ^^^^^^^^^^^^^^^^^^^^^^^^^^^^^^^^^^^^^^^^^^^^^^^^^^^^^
  File "C:\Users\Asus\AppData\Local\Programs\Python\Python314\Mega Downloader\venv\Lib\site-packages\yt_dlp\networking\_helper.py", line 228, in create_socks_proxy_socket
    sock.connect(dest_addr)
  File "C:\Users\Asus\AppData\Local\Programs\Python\Python314\Mega Downloader\venv\Lib\site-packages\yt_dlp\socks.py", line 271, in connect
    self._make_proxy(socket.socket.connect, address)
  File "C:\Users\Asus\AppData\Local\Programs\Python\Python314\Mega Downloader\venv\Lib\site-packages\yt_dlp\socks.py", line 259, in _make_proxy
    result = connect_func(self, (self._proxy.host, self._proxy.port))
             ^^^^^^^^^^^^^^^^^^^^^^^^^^^^^^^^^^^^^^^^^^^^^^^^^^^^^^^^
ConnectionRefusedError: [WinError 10061] No connection could be made because the target machine actively refused it

The above exception was the direct cause of the following exception:

Traceback (most recent call last):
  File "C:\Users\Asus\AppData\Local\Programs\Python\Python314\Mega Downloader\venv\Lib\site-packages\urllib3\connectionpool.py", line 788, in urlopen
    response = self._make_request(
               ^^^^^^^^^^^^^^^^^^^
  File "C:\Users\Asus\AppData\Local\Programs\Python\Python314\Mega Downloader\venv\Lib\site-packages\urllib3\connectionpool.py", line 488, in _make_request
    raise new_e
  File "C:\Users\Asus\AppData\Local\Programs\Python\Python314\Mega Downloader\venv\Lib\site-packages\urllib3\connectionpool.py", line 464, in _make_request
    self._validate_conn(conn)
  File "C:\Users\Asus\AppData\Local\Programs\Python\Python314\Mega Downloader\venv\Lib\site-packages\urllib3\connectionpool.py", line 1106, in _validate_conn
    conn.connect()
  File "C:\Users\Asus\AppData\Local\Programs\Python\Python314\Mega Downloader\venv\Lib\site-packages\urllib3\connection.py", line 759, in connect
    self.sock = sock = self._new_conn()
                       ^^^^^^^^^^^^^^^^
  File "C:\Users\Asus\AppData\Local\Programs\Python\Python314\Mega Downloader\venv\Lib\site-packages\yt_dlp\networking\_requests.py", line 391, in _new_conn
    raise urllib3.exceptions.NewConnectionError(
urllib3.exceptions.NewConnectionError: SocksHTTPSConnection(host='api.telegram.org', port=443): Failed to establish a new connection: [WinError 10061] No connection could be made because the target machine actively refused it

The above exception was the direct cause of the following exception:

Traceback (most recent call last):
  File "C:\Users\Asus\AppData\Local\Programs\Python\Python314\Mega Downloader\venv\Lib\site-packages\requests\adapters.py", line 696, in send
    resp = conn.urlopen(
           ^^^^^^^^^^^^^
  File "C:\Users\Asus\AppData\Local\Programs\Python\Python314\Mega Downloader\venv\Lib\site-packages\urllib3\connectionpool.py", line 842, in urlopen
    retries = retries.increment(
              ^^^^^^^^^^^^^^^^^^
  File "C:\Users\Asus\AppData\Local\Programs\Python\Python314\Mega Downloader\venv\Lib\site-packages\urllib3\util\retry.py", line 543, in increment
    raise MaxRetryError(_pool, url, reason) from reason  # type: ignore[arg-type]
    ^^^^^^^^^^^^^^^^^^^^^^^^^^^^^^^^^^^^^^^^^^^^^^^^^^^
urllib3.exceptions.MaxRetryError: SocksHTTPSConnectionPool(host='api.telegram.org', port=443): Max retries exceeded with url: /bot8893611617:***********************************/getMe (Caused by NewConnectionError("SocksHTTPSConnection(host='api.telegram.org', port=443): Failed to establish a new connection: [WinError 10061] No connection could be made because the target machine actively refused it"))

During handling of the above exception, another exception occurred:

Traceback (most recent call last):
  File "C:\Users\Asus\AppData\Local\Programs\Python\Python314\Mega Downloader\venv\Lib\site-packages\telebot\__init__.py", line 1136, in infinity_polling
    self.polling(non_stop=True, timeout=timeout, long_polling_timeout=long_polling_timeout,
  File "C:\Users\Asus\AppData\Local\Programs\Python\Python314\Mega Downloader\venv\Lib\site-packages\telebot\__init__.py", line 1221, in polling
    logger.info('Starting your bot with username: [@%s]', self.user.username)
                                                          ^^^^^^^^^
  File "C:\Users\Asus\AppData\Local\Programs\Python\Python314\Mega Downloader\venv\Lib\site-packages\telebot\__init__.py", line 308, in user
    self._user = self.get_me()
                 ^^^^^^^^^^^^^
  File "C:\Users\Asus\AppData\Local\Programs\Python\Python314\Mega Downloader\venv\Lib\site-packages\telebot\__init__.py", line 1408, in get_me
    apihelper.get_me(self.token)
  File "C:\Users\Asus\AppData\Local\Programs\Python\Python314\Mega Downloader\venv\Lib\site-packages\telebot\apihelper.py", line 204, in get_me
    return _make_request(token, method_url)
           ^^^^^^^^^^^^^^^^^^^^^^^^^^^^^^^^
  File "C:\Users\Asus\AppData\Local\Programs\Python\Python314\Mega Downloader\venv\Lib\site-packages\telebot\apihelper.py", line 162, in _make_request
    result = _get_req_session().request(
             ^^^^^^^^^^^^^^^^^^^^^^^^^^^
  File "C:\Users\Asus\AppData\Local\Programs\Python\Python314\Mega Downloader\venv\Lib\site-packages\requests\sessions.py", line 651, in request
    resp = self.send(prep, **send_kwargs)
           ^^^^^^^^^^^^^^^^^^^^^^^^^^^^^^
  File "C:\Users\Asus\AppData\Local\Programs\Python\Python314\Mega Downloader\venv\Lib\site-packages\requests\sessions.py", line 784, in send
    r = adapter.send(request, **kwargs)
        ^^^^^^^^^^^^^^^^^^^^^^^^^^^^^^^
  File "C:\Users\Asus\AppData\Local\Programs\Python\Python314\Mega Downloader\venv\Lib\site-packages\requests\adapters.py", line 729, in send
    raise ConnectionError(e, request=request)
requests.exceptions.ConnectionError: SocksHTTPSConnectionPool(host='api.telegram.org', port=443): Max retries exceeded with url: /bot8893611617:***********************************/getMe (Caused by NewConnectionError("SocksHTTPSConnection(host='api.telegram.org', port=443): Failed to establish a new connection: [WinError 10061] No connection could be made because the target machine actively refused it"))

2026-07-10 12:09:06,298 [ERROR] TeleBot: Exception traceback:
Traceback (most recent call last):
  File "C:\Users\Asus\AppData\Local\Programs\Python\Python314\Mega Downloader\venv\Lib\site-packages\yt_dlp\networking\_requests.py", line 379, in _new_conn
    return create_connection(
           ^^^^^^^^^^^^^^^^^^
  File "C:\Users\Asus\AppData\Local\Programs\Python\Python314\Mega Downloader\venv\Lib\site-packages\yt_dlp\networking\_helper.py", line 269, in create_connection
    raise err
  File "C:\Users\Asus\AppData\Local\Programs\Python\Python314\Mega Downloader\venv\Lib\site-packages\yt_dlp\networking\_helper.py", line 260, in create_connection
    sock = _create_socket_func(ip_addr, timeout, source_address)
           ^^^^^^^^^^^^^^^^^^^^^^^^^^^^^^^^^^^^^^^^^^^^^^^^^^^^^
  File "C:\Users\Asus\AppData\Local\Programs\Python\Python314\Mega Downloader\venv\Lib\site-packages\yt_dlp\networking\_helper.py", line 228, in create_socks_proxy_socket
    sock.connect(dest_addr)
  File "C:\Users\Asus\AppData\Local\Programs\Python\Python314\Mega Downloader\venv\Lib\site-packages\yt_dlp\socks.py", line 271, in connect
    self._make_proxy(socket.socket.connect, address)
  File "C:\Users\Asus\AppData\Local\Programs\Python\Python314\Mega Downloader\venv\Lib\site-packages\yt_dlp\socks.py", line 259, in _make_proxy
    result = connect_func(self, (self._proxy.host, self._proxy.port))
             ^^^^^^^^^^^^^^^^^^^^^^^^^^^^^^^^^^^^^^^^^^^^^^^^^^^^^^^^
ConnectionRefusedError: [WinError 10061] No connection could be made because the target machine actively refused it

The above exception was the direct cause of the following exception:

Traceback (most recent call last):
  File "C:\Users\Asus\AppData\Local\Programs\Python\Python314\Mega Downloader\venv\Lib\site-packages\urllib3\connectionpool.py", line 788, in urlopen
    response = self._make_request(
               ^^^^^^^^^^^^^^^^^^^
  File "C:\Users\Asus\AppData\Local\Programs\Python\Python314\Mega Downloader\venv\Lib\site-packages\urllib3\connectionpool.py", line 488, in _make_request
    raise new_e
  File "C:\Users\Asus\AppData\Local\Programs\Python\Python314\Mega Downloader\venv\Lib\site-packages\urllib3\connectionpool.py", line 464, in _make_request
    self._validate_conn(conn)
  File "C:\Users\Asus\AppData\Local\Programs\Python\Python314\Mega Downloader\venv\Lib\site-packages\urllib3\connectionpool.py", line 1106, in _validate_conn
    conn.connect()
  File "C:\Users\Asus\AppData\Local\Programs\Python\Python314\Mega Downloader\venv\Lib\site-packages\urllib3\connection.py", line 759, in connect
    self.sock = sock = self._new_conn()
                       ^^^^^^^^^^^^^^^^
  File "C:\Users\Asus\AppData\Local\Programs\Python\Python314\Mega Downloader\venv\Lib\site-packages\yt_dlp\networking\_requests.py", line 391, in _new_conn
    raise urllib3.exceptions.NewConnectionError(
urllib3.exceptions.NewConnectionError: SocksHTTPSConnection(host='api.telegram.org', port=443): Failed to establish a new connection: [WinError 10061] No connection could be made because the target machine actively refused it

The above exception was the direct cause of the following exception:

Traceback (most recent call last):
  File "C:\Users\Asus\AppData\Local\Programs\Python\Python314\Mega Downloader\venv\Lib\site-packages\requests\adapters.py", line 696, in send
    resp = conn.urlopen(
           ^^^^^^^^^^^^^
  File "C:\Users\Asus\AppData\Local\Programs\Python\Python314\Mega Downloader\venv\Lib\site-packages\urllib3\connectionpool.py", line 842, in urlopen
    retries = retries.increment(
              ^^^^^^^^^^^^^^^^^^
  File "C:\Users\Asus\AppData\Local\Programs\Python\Python314\Mega Downloader\venv\Lib\site-packages\urllib3\util\retry.py", line 543, in increment
    raise MaxRetryError(_pool, url, reason) from reason  # type: ignore[arg-type]
    ^^^^^^^^^^^^^^^^^^^^^^^^^^^^^^^^^^^^^^^^^^^^^^^^^^^
urllib3.exceptions.MaxRetryError: SocksHTTPSConnectionPool(host='api.telegram.org', port=443): Max retries exceeded with url: /bot8893611617:***********************************/getMe (Caused by NewConnectionError("SocksHTTPSConnection(host='api.telegram.org', port=443): Failed to establish a new connection: [WinError 10061] No connection could be made because the target machine actively refused it"))

During handling of the above exception, another exception occurred:

Traceback (most recent call last):
  File "C:\Users\Asus\AppData\Local\Programs\Python\Python314\Mega Downloader\venv\Lib\site-packages\telebot\__init__.py", line 1136, in infinity_polling
    self.polling(non_stop=True, timeout=timeout, long_polling_timeout=long_polling_timeout,
  File "C:\Users\Asus\AppData\Local\Programs\Python\Python314\Mega Downloader\venv\Lib\site-packages\telebot\__init__.py", line 1221, in polling
    logger.info('Starting your bot with username: [@%s]', self.user.username)
                                                          ^^^^^^^^^
  File "C:\Users\Asus\AppData\Local\Programs\Python\Python314\Mega Downloader\venv\Lib\site-packages\telebot\__init__.py", line 308, in user
    self._user = self.get_me()
                 ^^^^^^^^^^^^^
  File "C:\Users\Asus\AppData\Local\Programs\Python\Python314\Mega Downloader\venv\Lib\site-packages\telebot\__init__.py", line 1408, in get_me
    apihelper.get_me(self.token)
  File "C:\Users\Asus\AppData\Local\Programs\Python\Python314\Mega Downloader\venv\Lib\site-packages\telebot\apihelper.py", line 204, in get_me
    return _make_request(token, method_url)
           ^^^^^^^^^^^^^^^^^^^^^^^^^^^^^^^^
  File "C:\Users\Asus\AppData\Local\Programs\Python\Python314\Mega Downloader\venv\Lib\site-packages\telebot\apihelper.py", line 162, in _make_request
    result = _get_req_session().request(
             ^^^^^^^^^^^^^^^^^^^^^^^^^^^
  File "C:\Users\Asus\AppData\Local\Programs\Python\Python314\Mega Downloader\venv\Lib\site-packages\requests\sessions.py", line 651, in request
    resp = self.send(prep, **send_kwargs)
           ^^^^^^^^^^^^^^^^^^^^^^^^^^^^^^
  File "C:\Users\Asus\AppData\Local\Programs\Python\Python314\Mega Downloader\venv\Lib\site-packages\requests\sessions.py", line 784, in send
    r = adapter.send(request, **kwargs)
        ^^^^^^^^^^^^^^^^^^^^^^^^^^^^^^^
  File "C:\Users\Asus\AppData\Local\Programs\Python\Python314\Mega Downloader\venv\Lib\site-packages\requests\adapters.py", line 729, in send
    raise ConnectionError(e, request=request)
requests.exceptions.ConnectionError: SocksHTTPSConnectionPool(host='api.telegram.org', port=443): Max retries exceeded with url: /bot8893611617:***********************************/getMe (Caused by NewConnectionError("SocksHTTPSConnection(host='api.telegram.org', port=443): Failed to establish a new connection: [WinError 10061] No connection could be made because the target machine actively refused it"))

2026-07-10 12:09:11,360 [ERROR] TeleBot: Exception traceback:
Traceback (most recent call last):
  File "C:\Users\Asus\AppData\Local\Programs\Python\Python314\Mega Downloader\venv\Lib\site-packages\yt_dlp\networking\_requests.py", line 379, in _new_conn
    return create_connection(
           ^^^^^^^^^^^^^^^^^^
  File "C:\Users\Asus\AppData\Local\Programs\Python\Python314\Mega Downloader\venv\Lib\site-packages\yt_dlp\networking\_helper.py", line 269, in create_connection
    raise err
  File "C:\Users\Asus\AppData\Local\Programs\Python\Python314\Mega Downloader\venv\Lib\site-packages\yt_dlp\networking\_helper.py", line 260, in create_connection
    sock = _create_socket_func(ip_addr, timeout, source_address)
           ^^^^^^^^^^^^^^^^^^^^^^^^^^^^^^^^^^^^^^^^^^^^^^^^^^^^^
  File "C:\Users\Asus\AppData\Local\Programs\Python\Python314\Mega Downloader\venv\Lib\site-packages\yt_dlp\networking\_helper.py", line 228, in create_socks_proxy_socket
    sock.connect(dest_addr)
  File "C:\Users\Asus\AppData\Local\Programs\Python\Python314\Mega Downloader\venv\Lib\site-packages\yt_dlp\socks.py", line 271, in connect
    self._make_proxy(socket.socket.connect, address)
  File "C:\Users\Asus\AppData\Local\Programs\Python\Python314\Mega Downloader\venv\Lib\site-packages\yt_dlp\socks.py", line 259, in _make_proxy
    result = connect_func(self, (self._proxy.host, self._proxy.port))
             ^^^^^^^^^^^^^^^^^^^^^^^^^^^^^^^^^^^^^^^^^^^^^^^^^^^^^^^^
ConnectionRefusedError: [WinError 10061] No connection could be made because the target machine actively refused it

The above exception was the direct cause of the following exception:

Traceback (most recent call last):
  File "C:\Users\Asus\AppData\Local\Programs\Python\Python314\Mega Downloader\venv\Lib\site-packages\urllib3\connectionpool.py", line 788, in urlopen
    response = self._make_request(
               ^^^^^^^^^^^^^^^^^^^
  File "C:\Users\Asus\AppData\Local\Programs\Python\Python314\Mega Downloader\venv\Lib\site-packages\urllib3\connectionpool.py", line 488, in _make_request
    raise new_e
  File "C:\Users\Asus\AppData\Local\Programs\Python\Python314\Mega Downloader\venv\Lib\site-packages\urllib3\connectionpool.py", line 464, in _make_request
    self._validate_conn(conn)
  File "C:\Users\Asus\AppData\Local\Programs\Python\Python314\Mega Downloader\venv\Lib\site-packages\urllib3\connectionpool.py", line 1106, in _validate_conn
    conn.connect()
  File "C:\Users\Asus\AppData\Local\Programs\Python\Python314\Mega Downloader\venv\Lib\site-packages\urllib3\connection.py", line 759, in connect
    self.sock = sock = self._new_conn()
                       ^^^^^^^^^^^^^^^^
  File "C:\Users\Asus\AppData\Local\Programs\Python\Python314\Mega Downloader\venv\Lib\site-packages\yt_dlp\networking\_requests.py", line 391, in _new_conn
    raise urllib3.exceptions.NewConnectionError(
urllib3.exceptions.NewConnectionError: SocksHTTPSConnection(host='api.telegram.org', port=443): Failed to establish a new connection: [WinError 10061] No connection could be made because the target machine actively refused it

The above exception was the direct cause of the following exception:

Traceback (most recent call last):
  File "C:\Users\Asus\AppData\Local\Programs\Python\Python314\Mega Downloader\venv\Lib\site-packages\requests\adapters.py", line 696, in send
    resp = conn.urlopen(
           ^^^^^^^^^^^^^
  File "C:\Users\Asus\AppData\Local\Programs\Python\Python314\Mega Downloader\venv\Lib\site-packages\urllib3\connectionpool.py", line 842, in urlopen
    retries = retries.increment(
              ^^^^^^^^^^^^^^^^^^
  File "C:\Users\Asus\AppData\Local\Programs\Python\Python314\Mega Downloader\venv\Lib\site-packages\urllib3\util\retry.py", line 543, in increment
    raise MaxRetryError(_pool, url, reason) from reason  # type: ignore[arg-type]
    ^^^^^^^^^^^^^^^^^^^^^^^^^^^^^^^^^^^^^^^^^^^^^^^^^^^
urllib3.exceptions.MaxRetryError: SocksHTTPSConnectionPool(host='api.telegram.org', port=443): Max retries exceeded with url: /bot8893611617:***********************************/getMe (Caused by NewConnectionError("SocksHTTPSConnection(host='api.telegram.org', port=443): Failed to establish a new connection: [WinError 10061] No connection could be made because the target machine actively refused it"))

During handling of the above exception, another exception occurred:

Traceback (most recent call last):
  File "C:\Users\Asus\AppData\Local\Programs\Python\Python314\Mega Downloader\venv\Lib\site-packages\telebot\__init__.py", line 1136, in infinity_polling
    self.polling(non_stop=True, timeout=timeout, long_polling_timeout=long_polling_timeout,
  File "C:\Users\Asus\AppData\Local\Programs\Python\Python314\Mega Downloader\venv\Lib\site-packages\telebot\__init__.py", line 1221, in polling
    logger.info('Starting your bot with username: [@%s]', self.user.username)
                                                          ^^^^^^^^^
  File "C:\Users\Asus\AppData\Local\Programs\Python\Python314\Mega Downloader\venv\Lib\site-packages\telebot\__init__.py", line 308, in user
    self._user = self.get_me()
                 ^^^^^^^^^^^^^
  File "C:\Users\Asus\AppData\Local\Programs\Python\Python314\Mega Downloader\venv\Lib\site-packages\telebot\__init__.py", line 1408, in get_me
    apihelper.get_me(self.token)
  File "C:\Users\Asus\AppData\Local\Programs\Python\Python314\Mega Downloader\venv\Lib\site-packages\telebot\apihelper.py", line 204, in get_me
    return _make_request(token, method_url)
           ^^^^^^^^^^^^^^^^^^^^^^^^^^^^^^^^
  File "C:\Users\Asus\AppData\Local\Programs\Python\Python314\Mega Downloader\venv\Lib\site-packages\telebot\apihelper.py", line 162, in _make_request
    result = _get_req_session().request(
             ^^^^^^^^^^^^^^^^^^^^^^^^^^^
  File "C:\Users\Asus\AppData\Local\Programs\Python\Python314\Mega Downloader\venv\Lib\site-packages\requests\sessions.py", line 651, in request
    resp = self.send(prep, **send_kwargs)
           ^^^^^^^^^^^^^^^^^^^^^^^^^^^^^^
  File "C:\Users\Asus\AppData\Local\Programs\Python\Python314\Mega Downloader\venv\Lib\site-packages\requests\sessions.py", line 784, in send
    r = adapter.send(request, **kwargs)
        ^^^^^^^^^^^^^^^^^^^^^^^^^^^^^^^
  File "C:\Users\Asus\AppData\Local\Programs\Python\Python314\Mega Downloader\venv\Lib\site-packages\requests\adapters.py", line 729, in send
    raise ConnectionError(e, request=request)
requests.exceptions.ConnectionError: SocksHTTPSConnectionPool(host='api.telegram.org', port=443): Max retries exceeded with url: /bot8893611617:***********************************/getMe (Caused by NewConnectionError("SocksHTTPSConnection(host='api.telegram.org', port=443): Failed to establish a new connection: [WinError 10061] No connection could be made because the target machine actively refused it"))

2026-07-10 12:09:16,387 [ERROR] TeleBot: Exception traceback:
Traceback (most recent call last):
  File "C:\Users\Asus\AppData\Local\Programs\Python\Python314\Mega Downloader\venv\Lib\site-packages\yt_dlp\networking\_requests.py", line 379, in _new_conn
    return create_connection(
           ^^^^^^^^^^^^^^^^^^
  File "C:\Users\Asus\AppData\Local\Programs\Python\Python314\Mega Downloader\venv\Lib\site-packages\yt_dlp\networking\_helper.py", line 269, in create_connection
    raise err
  File "C:\Users\Asus\AppData\Local\Programs\Python\Python314\Mega Downloader\venv\Lib\site-packages\yt_dlp\networking\_helper.py", line 260, in create_connection
    sock = _create_socket_func(ip_addr, timeout, source_address)
           ^^^^^^^^^^^^^^^^^^^^^^^^^^^^^^^^^^^^^^^^^^^^^^^^^^^^^
  File "C:\Users\Asus\AppData\Local\Programs\Python\Python314\Mega Downloader\venv\Lib\site-packages\yt_dlp\networking\_helper.py", line 228, in create_socks_proxy_socket
    sock.connect(dest_addr)
  File "C:\Users\Asus\AppData\Local\Programs\Python\Python314\Mega Downloader\venv\Lib\site-packages\yt_dlp\socks.py", line 271, in connect
    self._make_proxy(socket.socket.connect, address)
  File "C:\Users\Asus\AppData\Local\Programs\Python\Python314\Mega Downloader\venv\Lib\site-packages\yt_dlp\socks.py", line 259, in _make_proxy
    result = connect_func(self, (self._proxy.host, self._proxy.port))
             ^^^^^^^^^^^^^^^^^^^^^^^^^^^^^^^^^^^^^^^^^^^^^^^^^^^^^^^^
ConnectionRefusedError: [WinError 10061] No connection could be made because the target machine actively refused it

The above exception was the direct cause of the following exception:

Traceback (most recent call last):
  File "C:\Users\Asus\AppData\Local\Programs\Python\Python314\Mega Downloader\venv\Lib\site-packages\urllib3\connectionpool.py", line 788, in urlopen
    response = self._make_request(
               ^^^^^^^^^^^^^^^^^^^
  File "C:\Users\Asus\AppData\Local\Programs\Python\Python314\Mega Downloader\venv\Lib\site-packages\urllib3\connectionpool.py", line 488, in _make_request
    raise new_e
  File "C:\Users\Asus\AppData\Local\Programs\Python\Python314\Mega Downloader\venv\Lib\site-packages\urllib3\connectionpool.py", line 464, in _make_request
    self._validate_conn(conn)
  File "C:\Users\Asus\AppData\Local\Programs\Python\Python314\Mega Downloader\venv\Lib\site-packages\urllib3\connectionpool.py", line 1106, in _validate_conn
    conn.connect()
  File "C:\Users\Asus\AppData\Local\Programs\Python\Python314\Mega Downloader\venv\Lib\site-packages\urllib3\connection.py", line 759, in connect
    self.sock = sock = self._new_conn()
                       ^^^^^^^^^^^^^^^^
  File "C:\Users\Asus\AppData\Local\Programs\Python\Python314\Mega Downloader\venv\Lib\site-packages\yt_dlp\networking\_requests.py", line 391, in _new_conn
    raise urllib3.exceptions.NewConnectionError(
urllib3.exceptions.NewConnectionError: SocksHTTPSConnection(host='api.telegram.org', port=443): Failed to establish a new connection: [WinError 10061] No connection could be made because the target machine actively refused it

The above exception was the direct cause of the following exception:

Traceback (most recent call last):
  File "C:\Users\Asus\AppData\Local\Programs\Python\Python314\Mega Downloader\venv\Lib\site-packages\requests\adapters.py", line 696, in send
    resp = conn.urlopen(
           ^^^^^^^^^^^^^
  File "C:\Users\Asus\AppData\Local\Programs\Python\Python314\Mega Downloader\venv\Lib\site-packages\urllib3\connectionpool.py", line 842, in urlopen
    retries = retries.increment(
              ^^^^^^^^^^^^^^^^^^
  File "C:\Users\Asus\AppData\Local\Programs\Python\Python314\Mega Downloader\venv\Lib\site-packages\urllib3\util\retry.py", line 543, in increment
    raise MaxRetryError(_pool, url, reason) from reason  # type: ignore[arg-type]
    ^^^^^^^^^^^^^^^^^^^^^^^^^^^^^^^^^^^^^^^^^^^^^^^^^^^
urllib3.exceptions.MaxRetryError: SocksHTTPSConnectionPool(host='api.telegram.org', port=443): Max retries exceeded with url: /bot8893611617:***********************************/getMe (Caused by NewConnectionError("SocksHTTPSConnection(host='api.telegram.org', port=443): Failed to establish a new connection: [WinError 10061] No connection could be made because the target machine actively refused it"))

During handling of the above exception, another exception occurred:

Traceback (most recent call last):
  File "C:\Users\Asus\AppData\Local\Programs\Python\Python314\Mega Downloader\venv\Lib\site-packages\telebot\__init__.py", line 1136, in infinity_polling
    self.polling(non_stop=True, timeout=timeout, long_polling_timeout=long_polling_timeout,
  File "C:\Users\Asus\AppData\Local\Programs\Python\Python314\Mega Downloader\venv\Lib\site-packages\telebot\__init__.py", line 1221, in polling
    logger.info('Starting your bot with username: [@%s]', self.user.username)
                                                          ^^^^^^^^^
  File "C:\Users\Asus\AppData\Local\Programs\Python\Python314\Mega Downloader\venv\Lib\site-packages\telebot\__init__.py", line 308, in user
    self._user = self.get_me()
                 ^^^^^^^^^^^^^
  File "C:\Users\Asus\AppData\Local\Programs\Python\Python314\Mega Downloader\venv\Lib\site-packages\telebot\__init__.py", line 1408, in get_me
    apihelper.get_me(self.token)
  File "C:\Users\Asus\AppData\Local\Programs\Python\Python314\Mega Downloader\venv\Lib\site-packages\telebot\apihelper.py", line 204, in get_me
    return _make_request(token, method_url)
           ^^^^^^^^^^^^^^^^^^^^^^^^^^^^^^^^
  File "C:\Users\Asus\AppData\Local\Programs\Python\Python314\Mega Downloader\venv\Lib\site-packages\telebot\apihelper.py", line 162, in _make_request
    result = _get_req_session().request(
             ^^^^^^^^^^^^^^^^^^^^^^^^^^^
  File "C:\Users\Asus\AppData\Local\Programs\Python\Python314\Mega Downloader\venv\Lib\site-packages\requests\sessions.py", line 651, in request
    resp = self.send(prep, **send_kwargs)
           ^^^^^^^^^^^^^^^^^^^^^^^^^^^^^^
  File "C:\Users\Asus\AppData\Local\Programs\Python\Python314\Mega Downloader\venv\Lib\site-packages\requests\sessions.py", line 784, in send
    r = adapter.send(request, **kwargs)
        ^^^^^^^^^^^^^^^^^^^^^^^^^^^^^^^
  File "C:\Users\Asus\AppData\Local\Programs\Python\Python314\Mega Downloader\venv\Lib\site-packages\requests\adapters.py", line 729, in send
    raise ConnectionError(e, request=request)
requests.exceptions.ConnectionError: SocksHTTPSConnectionPool(host='api.telegram.org', port=443): Max retries exceeded with url: /bot8893611617:***********************************/getMe (Caused by NewConnectionError("SocksHTTPSConnection(host='api.telegram.org', port=443): Failed to establish a new connection: [WinError 10061] No connection could be made because the target machine actively refused it"))

2026-07-10 12:09:21,450 [ERROR] TeleBot: Exception traceback:
Traceback (most recent call last):
  File "C:\Users\Asus\AppData\Local\Programs\Python\Python314\Mega Downloader\venv\Lib\site-packages\yt_dlp\networking\_requests.py", line 379, in _new_conn
    return create_connection(
           ^^^^^^^^^^^^^^^^^^
  File "C:\Users\Asus\AppData\Local\Programs\Python\Python314\Mega Downloader\venv\Lib\site-packages\yt_dlp\networking\_helper.py", line 269, in create_connection
    raise err
  File "C:\Users\Asus\AppData\Local\Programs\Python\Python314\Mega Downloader\venv\Lib\site-packages\yt_dlp\networking\_helper.py", line 260, in create_connection
    sock = _create_socket_func(ip_addr, timeout, source_address)
           ^^^^^^^^^^^^^^^^^^^^^^^^^^^^^^^^^^^^^^^^^^^^^^^^^^^^^
  File "C:\Users\Asus\AppData\Local\Programs\Python\Python314\Mega Downloader\venv\Lib\site-packages\yt_dlp\networking\_helper.py", line 228, in create_socks_proxy_socket
    sock.connect(dest_addr)
  File "C:\Users\Asus\AppData\Local\Programs\Python\Python314\Mega Downloader\venv\Lib\site-packages\yt_dlp\socks.py", line 271, in connect
    self._make_proxy(socket.socket.connect, address)
  File "C:\Users\Asus\AppData\Local\Programs\Python\Python314\Mega Downloader\venv\Lib\site-packages\yt_dlp\socks.py", line 259, in _make_proxy
    result = connect_func(self, (self._proxy.host, self._proxy.port))
             ^^^^^^^^^^^^^^^^^^^^^^^^^^^^^^^^^^^^^^^^^^^^^^^^^^^^^^^^
ConnectionRefusedError: [WinError 10061] No connection could be made because the target machine actively refused it

The above exception was the direct cause of the following exception:

Traceback (most recent call last):
  File "C:\Users\Asus\AppData\Local\Programs\Python\Python314\Mega Downloader\venv\Lib\site-packages\urllib3\connectionpool.py", line 788, in urlopen
    response = self._make_request(
               ^^^^^^^^^^^^^^^^^^^
  File "C:\Users\Asus\AppData\Local\Programs\Python\Python314\Mega Downloader\venv\Lib\site-packages\urllib3\connectionpool.py", line 488, in _make_request
    raise new_e
  File "C:\Users\Asus\AppData\Local\Programs\Python\Python314\Mega Downloader\venv\Lib\site-packages\urllib3\connectionpool.py", line 464, in _make_request
    self._validate_conn(conn)
  File "C:\Users\Asus\AppData\Local\Programs\Python\Python314\Mega Downloader\venv\Lib\site-packages\urllib3\connectionpool.py", line 1106, in _validate_conn
    conn.connect()
  File "C:\Users\Asus\AppData\Local\Programs\Python\Python314\Mega Downloader\venv\Lib\site-packages\urllib3\connection.py", line 759, in connect
    self.sock = sock = self._new_conn()
                       ^^^^^^^^^^^^^^^^
  File "C:\Users\Asus\AppData\Local\Programs\Python\Python314\Mega Downloader\venv\Lib\site-packages\yt_dlp\networking\_requests.py", line 391, in _new_conn
    raise urllib3.exceptions.NewConnectionError(
urllib3.exceptions.NewConnectionError: SocksHTTPSConnection(host='api.telegram.org', port=443): Failed to establish a new connection: [WinError 10061] No connection could be made because the target machine actively refused it

The above exception was the direct cause of the following exception:

Traceback (most recent call last):
  File "C:\Users\Asus\AppData\Local\Programs\Python\Python314\Mega Downloader\venv\Lib\site-packages\requests\adapters.py", line 696, in send
    resp = conn.urlopen(
           ^^^^^^^^^^^^^
  File "C:\Users\Asus\AppData\Local\Programs\Python\Python314\Mega Downloader\venv\Lib\site-packages\urllib3\connectionpool.py", line 842, in urlopen
    retries = retries.increment(
              ^^^^^^^^^^^^^^^^^^
  File "C:\Users\Asus\AppData\Local\Programs\Python\Python314\Mega Downloader\venv\Lib\site-packages\urllib3\util\retry.py", line 543, in increment
    raise MaxRetryError(_pool, url, reason) from reason  # type: ignore[arg-type]
    ^^^^^^^^^^^^^^^^^^^^^^^^^^^^^^^^^^^^^^^^^^^^^^^^^^^
urllib3.exceptions.MaxRetryError: SocksHTTPSConnectionPool(host='api.telegram.org', port=443): Max retries exceeded with url: /bot8893611617:***********************************/getMe (Caused by NewConnectionError("SocksHTTPSConnection(host='api.telegram.org', port=443): Failed to establish a new connection: [WinError 10061] No connection could be made because the target machine actively refused it"))

During handling of the above exception, another exception occurred:

Traceback (most recent call last):
  File "C:\Users\Asus\AppData\Local\Programs\Python\Python314\Mega Downloader\venv\Lib\site-packages\telebot\__init__.py", line 1136, in infinity_polling
    self.polling(non_stop=True, timeout=timeout, long_polling_timeout=long_polling_timeout,
  File "C:\Users\Asus\AppData\Local\Programs\Python\Python314\Mega Downloader\venv\Lib\site-packages\telebot\__init__.py", line 1221, in polling
    logger.info('Starting your bot with username: [@%s]', self.user.username)
                                                          ^^^^^^^^^
  File "C:\Users\Asus\AppData\Local\Programs\Python\Python314\Mega Downloader\venv\Lib\site-packages\telebot\__init__.py", line 308, in user
    self._user = self.get_me()
                 ^^^^^^^^^^^^^
  File "C:\Users\Asus\AppData\Local\Programs\Python\Python314\Mega Downloader\venv\Lib\site-packages\telebot\__init__.py", line 1408, in get_me
    apihelper.get_me(self.token)
  File "C:\Users\Asus\AppData\Local\Programs\Python\Python314\Mega Downloader\venv\Lib\site-packages\telebot\apihelper.py", line 204, in get_me
    return _make_request(token, method_url)
           ^^^^^^^^^^^^^^^^^^^^^^^^^^^^^^^^
  File "C:\Users\Asus\AppData\Local\Programs\Python\Python314\Mega Downloader\venv\Lib\site-packages\telebot\apihelper.py", line 162, in _make_request
    result = _get_req_session().request(
             ^^^^^^^^^^^^^^^^^^^^^^^^^^^
  File "C:\Users\Asus\AppData\Local\Programs\Python\Python314\Mega Downloader\venv\Lib\site-packages\requests\sessions.py", line 651, in request
    resp = self.send(prep, **send_kwargs)
           ^^^^^^^^^^^^^^^^^^^^^^^^^^^^^^
  File "C:\Users\Asus\AppData\Local\Programs\Python\Python314\Mega Downloader\venv\Lib\site-packages\requests\sessions.py", line 784, in send
    r = adapter.send(request, **kwargs)
        ^^^^^^^^^^^^^^^^^^^^^^^^^^^^^^^
  File "C:\Users\Asus\AppData\Local\Programs\Python\Python314\Mega Downloader\venv\Lib\site-packages\requests\adapters.py", line 729, in send
    raise ConnectionError(e, request=request)
requests.exceptions.ConnectionError: SocksHTTPSConnectionPool(host='api.telegram.org', port=443): Max retries exceeded with url: /bot8893611617:***********************************/getMe (Caused by NewConnectionError("SocksHTTPSConnection(host='api.telegram.org', port=443): Failed to establish a new connection: [WinError 10061] No connection could be made because the target machine actively refused it"))

2026-07-10 12:09:26,498 [ERROR] TeleBot: Exception traceback:
Traceback (most recent call last):
  File "C:\Users\Asus\AppData\Local\Programs\Python\Python314\Mega Downloader\venv\Lib\site-packages\yt_dlp\networking\_requests.py", line 379, in _new_conn
    return create_connection(
           ^^^^^^^^^^^^^^^^^^
  File "C:\Users\Asus\AppData\Local\Programs\Python\Python314\Mega Downloader\venv\Lib\site-packages\yt_dlp\networking\_helper.py", line 269, in create_connection
    raise err
  File "C:\Users\Asus\AppData\Local\Programs\Python\Python314\Mega Downloader\venv\Lib\site-packages\yt_dlp\networking\_helper.py", line 260, in create_connection
    sock = _create_socket_func(ip_addr, timeout, source_address)
           ^^^^^^^^^^^^^^^^^^^^^^^^^^^^^^^^^^^^^^^^^^^^^^^^^^^^^
  File "C:\Users\Asus\AppData\Local\Programs\Python\Python314\Mega Downloader\venv\Lib\site-packages\yt_dlp\networking\_helper.py", line 228, in create_socks_proxy_socket
    sock.connect(dest_addr)
  File "C:\Users\Asus\AppData\Local\Programs\Python\Python314\Mega Downloader\venv\Lib\site-packages\yt_dlp\socks.py", line 271, in connect
    self._make_proxy(socket.socket.connect, address)
  File "C:\Users\Asus\AppData\Local\Programs\Python\Python314\Mega Downloader\venv\Lib\site-packages\yt_dlp\socks.py", line 259, in _make_proxy
    result = connect_func(self, (self._proxy.host, self._proxy.port))
             ^^^^^^^^^^^^^^^^^^^^^^^^^^^^^^^^^^^^^^^^^^^^^^^^^^^^^^^^
ConnectionRefusedError: [WinError 10061] No connection could be made because the target machine actively refused it

The above exception was the direct cause of the following exception:

Traceback (most recent call last):
  File "C:\Users\Asus\AppData\Local\Programs\Python\Python314\Mega Downloader\venv\Lib\site-packages\urllib3\connectionpool.py", line 788, in urlopen
    response = self._make_request(
               ^^^^^^^^^^^^^^^^^^^
  File "C:\Users\Asus\AppData\Local\Programs\Python\Python314\Mega Downloader\venv\Lib\site-packages\urllib3\connectionpool.py", line 488, in _make_request
    raise new_e
  File "C:\Users\Asus\AppData\Local\Programs\Python\Python314\Mega Downloader\venv\Lib\site-packages\urllib3\connectionpool.py", line 464, in _make_request
    self._validate_conn(conn)
  File "C:\Users\Asus\AppData\Local\Programs\Python\Python314\Mega Downloader\venv\Lib\site-packages\urllib3\connectionpool.py", line 1106, in _validate_conn
    conn.connect()
  File "C:\Users\Asus\AppData\Local\Programs\Python\Python314\Mega Downloader\venv\Lib\site-packages\urllib3\connection.py", line 759, in connect
    self.sock = sock = self._new_conn()
                       ^^^^^^^^^^^^^^^^
  File "C:\Users\Asus\AppData\Local\Programs\Python\Python314\Mega Downloader\venv\Lib\site-packages\yt_dlp\networking\_requests.py", line 391, in _new_conn
    raise urllib3.exceptions.NewConnectionError(
urllib3.exceptions.NewConnectionError: SocksHTTPSConnection(host='api.telegram.org', port=443): Failed to establish a new connection: [WinError 10061] No connection could be made because the target machine actively refused it

The above exception was the direct cause of the following exception:

Traceback (most recent call last):
  File "C:\Users\Asus\AppData\Local\Programs\Python\Python314\Mega Downloader\venv\Lib\site-packages\requests\adapters.py", line 696, in send
    resp = conn.urlopen(
           ^^^^^^^^^^^^^
  File "C:\Users\Asus\AppData\Local\Programs\Python\Python314\Mega Downloader\venv\Lib\site-packages\urllib3\connectionpool.py", line 842, in urlopen
    retries = retries.increment(
              ^^^^^^^^^^^^^^^^^^
  File "C:\Users\Asus\AppData\Local\Programs\Python\Python314\Mega Downloader\venv\Lib\site-packages\urllib3\util\retry.py", line 543, in increment
    raise MaxRetryError(_pool, url, reason) from reason  # type: ignore[arg-type]
    ^^^^^^^^^^^^^^^^^^^^^^^^^^^^^^^^^^^^^^^^^^^^^^^^^^^
urllib3.exceptions.MaxRetryError: SocksHTTPSConnectionPool(host='api.telegram.org', port=443): Max retries exceeded with url: /bot8893611617:***********************************/getMe (Caused by NewConnectionError("SocksHTTPSConnection(host='api.telegram.org', port=443): Failed to establish a new connection: [WinError 10061] No connection could be made because the target machine actively refused it"))

During handling of the above exception, another exception occurred:

Traceback (most recent call last):
  File "C:\Users\Asus\AppData\Local\Programs\Python\Python314\Mega Downloader\venv\Lib\site-packages\telebot\__init__.py", line 1136, in infinity_polling
    self.polling(non_stop=True, timeout=timeout, long_polling_timeout=long_polling_timeout,
  File "C:\Users\Asus\AppData\Local\Programs\Python\Python314\Mega Downloader\venv\Lib\site-packages\telebot\__init__.py", line 1221, in polling
    logger.info('Starting your bot with username: [@%s]', self.user.username)
                                                          ^^^^^^^^^
  File "C:\Users\Asus\AppData\Local\Programs\Python\Python314\Mega Downloader\venv\Lib\site-packages\telebot\__init__.py", line 308, in user
    self._user = self.get_me()
                 ^^^^^^^^^^^^^
  File "C:\Users\Asus\AppData\Local\Programs\Python\Python314\Mega Downloader\venv\Lib\site-packages\telebot\__init__.py", line 1408, in get_me
    apihelper.get_me(self.token)
  File "C:\Users\Asus\AppData\Local\Programs\Python\Python314\Mega Downloader\venv\Lib\site-packages\telebot\apihelper.py", line 204, in get_me
    return _make_request(token, method_url)
           ^^^^^^^^^^^^^^^^^^^^^^^^^^^^^^^^
  File "C:\Users\Asus\AppData\Local\Programs\Python\Python314\Mega Downloader\venv\Lib\site-packages\telebot\apihelper.py", line 162, in _make_request
    result = _get_req_session().request(
             ^^^^^^^^^^^^^^^^^^^^^^^^^^^
  File "C:\Users\Asus\AppData\Local\Programs\Python\Python314\Mega Downloader\venv\Lib\site-packages\requests\sessions.py", line 651, in request
    resp = self.send(prep, **send_kwargs)
           ^^^^^^^^^^^^^^^^^^^^^^^^^^^^^^
  File "C:\Users\Asus\AppData\Local\Programs\Python\Python314\Mega Downloader\venv\Lib\site-packages\requests\sessions.py", line 784, in send
    r = adapter.send(request, **kwargs)
        ^^^^^^^^^^^^^^^^^^^^^^^^^^^^^^^
  File "C:\Users\Asus\AppData\Local\Programs\Python\Python314\Mega Downloader\venv\Lib\site-packages\requests\adapters.py", line 729, in send
    raise ConnectionError(e, request=request)
requests.exceptions.ConnectionError: SocksHTTPSConnectionPool(host='api.telegram.org', port=443): Max retries exceeded with url: /bot8893611617:***********************************/getMe (Caused by NewConnectionError("SocksHTTPSConnection(host='api.telegram.org', port=443): Failed to establish a new connection: [WinError 10061] No connection could be made because the target machine actively refused it"))

2026-07-10 12:09:31,552 [ERROR] TeleBot: Exception traceback:
Traceback (most recent call last):
  File "C:\Users\Asus\AppData\Local\Programs\Python\Python314\Mega Downloader\venv\Lib\site-packages\yt_dlp\networking\_requests.py", line 379, in _new_conn
    return create_connection(
           ^^^^^^^^^^^^^^^^^^
  File "C:\Users\Asus\AppData\Local\Programs\Python\Python314\Mega Downloader\venv\Lib\site-packages\yt_dlp\networking\_helper.py", line 269, in create_connection
    raise err
  File "C:\Users\Asus\AppData\Local\Programs\Python\Python314\Mega Downloader\venv\Lib\site-packages\yt_dlp\networking\_helper.py", line 260, in create_connection
    sock = _create_socket_func(ip_addr, timeout, source_address)
           ^^^^^^^^^^^^^^^^^^^^^^^^^^^^^^^^^^^^^^^^^^^^^^^^^^^^^
  File "C:\Users\Asus\AppData\Local\Programs\Python\Python314\Mega Downloader\venv\Lib\site-packages\yt_dlp\networking\_helper.py", line 228, in create_socks_proxy_socket
    sock.connect(dest_addr)
  File "C:\Users\Asus\AppData\Local\Programs\Python\Python314\Mega Downloader\venv\Lib\site-packages\yt_dlp\socks.py", line 271, in connect
    self._make_proxy(socket.socket.connect, address)
  File "C:\Users\Asus\AppData\Local\Programs\Python\Python314\Mega Downloader\venv\Lib\site-packages\yt_dlp\socks.py", line 259, in _make_proxy
    result = connect_func(self, (self._proxy.host, self._proxy.port))
             ^^^^^^^^^^^^^^^^^^^^^^^^^^^^^^^^^^^^^^^^^^^^^^^^^^^^^^^^
ConnectionRefusedError: [WinError 10061] No connection could be made because the target machine actively refused it

The above exception was the direct cause of the following exception:

Traceback (most recent call last):
  File "C:\Users\Asus\AppData\Local\Programs\Python\Python314\Mega Downloader\venv\Lib\site-packages\urllib3\connectionpool.py", line 788, in urlopen
    response = self._make_request(
               ^^^^^^^^^^^^^^^^^^^
  File "C:\Users\Asus\AppData\Local\Programs\Python\Python314\Mega Downloader\venv\Lib\site-packages\urllib3\connectionpool.py", line 488, in _make_request
    raise new_e
  File "C:\Users\Asus\AppData\Local\Programs\Python\Python314\Mega Downloader\venv\Lib\site-packages\urllib3\connectionpool.py", line 464, in _make_request
    self._validate_conn(conn)
  File "C:\Users\Asus\AppData\Local\Programs\Python\Python314\Mega Downloader\venv\Lib\site-packages\urllib3\connectionpool.py", line 1106, in _validate_conn
    conn.connect()
  File "C:\Users\Asus\AppData\Local\Programs\Python\Python314\Mega Downloader\venv\Lib\site-packages\urllib3\connection.py", line 759, in connect
    self.sock = sock = self._new_conn()
                       ^^^^^^^^^^^^^^^^
  File "C:\Users\Asus\AppData\Local\Programs\Python\Python314\Mega Downloader\venv\Lib\site-packages\yt_dlp\networking\_requests.py", line 391, in _new_conn
    raise urllib3.exceptions.NewConnectionError(
urllib3.exceptions.NewConnectionError: SocksHTTPSConnection(host='api.telegram.org', port=443): Failed to establish a new connection: [WinError 10061] No connection could be made because the target machine actively refused it

The above exception was the direct cause of the following exception:

Traceback (most recent call last):
  File "C:\Users\Asus\AppData\Local\Programs\Python\Python314\Mega Downloader\venv\Lib\site-packages\requests\adapters.py", line 696, in send
    resp = conn.urlopen(
           ^^^^^^^^^^^^^
  File "C:\Users\Asus\AppData\Local\Programs\Python\Python314\Mega Downloader\venv\Lib\site-packages\urllib3\connectionpool.py", line 842, in urlopen
    retries = retries.increment(
              ^^^^^^^^^^^^^^^^^^
  File "C:\Users\Asus\AppData\Local\Programs\Python\Python314\Mega Downloader\venv\Lib\site-packages\urllib3\util\retry.py", line 543, in increment
    raise MaxRetryError(_pool, url, reason) from reason  # type: ignore[arg-type]
    ^^^^^^^^^^^^^^^^^^^^^^^^^^^^^^^^^^^^^^^^^^^^^^^^^^^
urllib3.exceptions.MaxRetryError: SocksHTTPSConnectionPool(host='api.telegram.org', port=443): Max retries exceeded with url: /bot8893611617:***********************************/getMe (Caused by NewConnectionError("SocksHTTPSConnection(host='api.telegram.org', port=443): Failed to establish a new connection: [WinError 10061] No connection could be made because the target machine actively refused it"))

During handling of the above exception, another exception occurred:

Traceback (most recent call last):
  File "C:\Users\Asus\AppData\Local\Programs\Python\Python314\Mega Downloader\venv\Lib\site-packages\telebot\__init__.py", line 1136, in infinity_polling
    self.polling(non_stop=True, timeout=timeout, long_polling_timeout=long_polling_timeout,
  File "C:\Users\Asus\AppData\Local\Programs\Python\Python314\Mega Downloader\venv\Lib\site-packages\telebot\__init__.py", line 1221, in polling
    logger.info('Starting your bot with username: [@%s]', self.user.username)
                                                          ^^^^^^^^^
  File "C:\Users\Asus\AppData\Local\Programs\Python\Python314\Mega Downloader\venv\Lib\site-packages\telebot\__init__.py", line 308, in user
    self._user = self.get_me()
                 ^^^^^^^^^^^^^
  File "C:\Users\Asus\AppData\Local\Programs\Python\Python314\Mega Downloader\venv\Lib\site-packages\telebot\__init__.py", line 1408, in get_me
    apihelper.get_me(self.token)
  File "C:\Users\Asus\AppData\Local\Programs\Python\Python314\Mega Downloader\venv\Lib\site-packages\telebot\apihelper.py", line 204, in get_me
    return _make_request(token, method_url)
           ^^^^^^^^^^^^^^^^^^^^^^^^^^^^^^^^
  File "C:\Users\Asus\AppData\Local\Programs\Python\Python314\Mega Downloader\venv\Lib\site-packages\telebot\apihelper.py", line 162, in _make_request
    result = _get_req_session().request(
             ^^^^^^^^^^^^^^^^^^^^^^^^^^^
  File "C:\Users\Asus\AppData\Local\Programs\Python\Python314\Mega Downloader\venv\Lib\site-packages\requests\sessions.py", line 651, in request
    resp = self.send(prep, **send_kwargs)
           ^^^^^^^^^^^^^^^^^^^^^^^^^^^^^^
  File "C:\Users\Asus\AppData\Local\Programs\Python\Python314\Mega Downloader\venv\Lib\site-packages\requests\sessions.py", line 784, in send
    r = adapter.send(request, **kwargs)
        ^^^^^^^^^^^^^^^^^^^^^^^^^^^^^^^
  File "C:\Users\Asus\AppData\Local\Programs\Python\Python314\Mega Downloader\venv\Lib\site-packages\requests\adapters.py", line 729, in send
    raise ConnectionError(e, request=request)
requests.exceptions.ConnectionError: SocksHTTPSConnectionPool(host='api.telegram.org', port=443): Max retries exceeded with url: /bot8893611617:***********************************/getMe (Caused by NewConnectionError("SocksHTTPSConnection(host='api.telegram.org', port=443): Failed to establish a new connection: [WinError 10061] No connection could be made because the target machine actively refused it"))

2026-07-10 12:09:37,035 [ERROR] TeleBot: Exception traceback:
Traceback (most recent call last):
  File "C:\Users\Asus\AppData\Local\Programs\Python\Python314\Mega Downloader\venv\Lib\site-packages\yt_dlp\networking\_requests.py", line 379, in _new_conn
    return create_connection(
           ^^^^^^^^^^^^^^^^^^
  File "C:\Users\Asus\AppData\Local\Programs\Python\Python314\Mega Downloader\venv\Lib\site-packages\yt_dlp\networking\_helper.py", line 269, in create_connection
    raise err
  File "C:\Users\Asus\AppData\Local\Programs\Python\Python314\Mega Downloader\venv\Lib\site-packages\yt_dlp\networking\_helper.py", line 260, in create_connection
    sock = _create_socket_func(ip_addr, timeout, source_address)
           ^^^^^^^^^^^^^^^^^^^^^^^^^^^^^^^^^^^^^^^^^^^^^^^^^^^^^
  File "C:\Users\Asus\AppData\Local\Programs\Python\Python314\Mega Downloader\venv\Lib\site-packages\yt_dlp\networking\_helper.py", line 228, in create_socks_proxy_socket
    sock.connect(dest_addr)
  File "C:\Users\Asus\AppData\Local\Programs\Python\Python314\Mega Downloader\venv\Lib\site-packages\yt_dlp\socks.py", line 271, in connect
    self._make_proxy(socket.socket.connect, address)
  File "C:\Users\Asus\AppData\Local\Programs\Python\Python314\Mega Downloader\venv\Lib\site-packages\yt_dlp\socks.py", line 259, in _make_proxy
    result = connect_func(self, (self._proxy.host, self._proxy.port))
             ^^^^^^^^^^^^^^^^^^^^^^^^^^^^^^^^^^^^^^^^^^^^^^^^^^^^^^^^
ConnectionRefusedError: [WinError 10061] No connection could be made because the target machine actively refused it

The above exception was the direct cause of the following exception:

Traceback (most recent call last):
  File "C:\Users\Asus\AppData\Local\Programs\Python\Python314\Mega Downloader\venv\Lib\site-packages\urllib3\connectionpool.py", line 788, in urlopen
    response = self._make_request(
               ^^^^^^^^^^^^^^^^^^^
  File "C:\Users\Asus\AppData\Local\Programs\Python\Python314\Mega Downloader\venv\Lib\site-packages\urllib3\connectionpool.py", line 488, in _make_request
    raise new_e
  File "C:\Users\Asus\AppData\Local\Programs\Python\Python314\Mega Downloader\venv\Lib\site-packages\urllib3\connectionpool.py", line 464, in _make_request
    self._validate_conn(conn)
  File "C:\Users\Asus\AppData\Local\Programs\Python\Python314\Mega Downloader\venv\Lib\site-packages\urllib3\connectionpool.py", line 1106, in _validate_conn
    conn.connect()
  File "C:\Users\Asus\AppData\Local\Programs\Python\Python314\Mega Downloader\venv\Lib\site-packages\urllib3\connection.py", line 759, in connect
    self.sock = sock = self._new_conn()
                       ^^^^^^^^^^^^^^^^
  File "C:\Users\Asus\AppData\Local\Programs\Python\Python314\Mega Downloader\venv\Lib\site-packages\yt_dlp\networking\_requests.py", line 391, in _new_conn
    raise urllib3.exceptions.NewConnectionError(
urllib3.exceptions.NewConnectionError: SocksHTTPSConnection(host='api.telegram.org', port=443): Failed to establish a new connection: [WinError 10061] No connection could be made because the target machine actively refused it

The above exception was the direct cause of the following exception:

Traceback (most recent call last):
  File "C:\Users\Asus\AppData\Local\Programs\Python\Python314\Mega Downloader\venv\Lib\site-packages\requests\adapters.py", line 696, in send
    resp = conn.urlopen(
           ^^^^^^^^^^^^^
  File "C:\Users\Asus\AppData\Local\Programs\Python\Python314\Mega Downloader\venv\Lib\site-packages\urllib3\connectionpool.py", line 842, in urlopen
    retries = retries.increment(
              ^^^^^^^^^^^^^^^^^^
  File "C:\Users\Asus\AppData\Local\Programs\Python\Python314\Mega Downloader\venv\Lib\site-packages\urllib3\util\retry.py", line 543, in increment
    raise MaxRetryError(_pool, url, reason) from reason  # type: ignore[arg-type]
    ^^^^^^^^^^^^^^^^^^^^^^^^^^^^^^^^^^^^^^^^^^^^^^^^^^^
urllib3.exceptions.MaxRetryError: SocksHTTPSConnectionPool(host='api.telegram.org', port=443): Max retries exceeded with url: /bot8893611617:***********************************/getMe (Caused by NewConnectionError("SocksHTTPSConnection(host='api.telegram.org', port=443): Failed to establish a new connection: [WinError 10061] No connection could be made because the target machine actively refused it"))

During handling of the above exception, another exception occurred:

Traceback (most recent call last):
  File "C:\Users\Asus\AppData\Local\Programs\Python\Python314\Mega Downloader\venv\Lib\site-packages\telebot\__init__.py", line 1136, in infinity_polling
    self.polling(non_stop=True, timeout=timeout, long_polling_timeout=long_polling_timeout,
  File "C:\Users\Asus\AppData\Local\Programs\Python\Python314\Mega Downloader\venv\Lib\site-packages\telebot\__init__.py", line 1221, in polling
    logger.info('Starting your bot with username: [@%s]', self.user.username)
                                                          ^^^^^^^^^
  File "C:\Users\Asus\AppData\Local\Programs\Python\Python314\Mega Downloader\venv\Lib\site-packages\telebot\__init__.py", line 308, in user
    self._user = self.get_me()
                 ^^^^^^^^^^^^^
  File "C:\Users\Asus\AppData\Local\Programs\Python\Python314\Mega Downloader\venv\Lib\site-packages\telebot\__init__.py", line 1408, in get_me
    apihelper.get_me(self.token)
  File "C:\Users\Asus\AppData\Local\Programs\Python\Python314\Mega Downloader\venv\Lib\site-packages\telebot\apihelper.py", line 204, in get_me
    return _make_request(token, method_url)
           ^^^^^^^^^^^^^^^^^^^^^^^^^^^^^^^^
  File "C:\Users\Asus\AppData\Local\Programs\Python\Python314\Mega Downloader\venv\Lib\site-packages\telebot\apihelper.py", line 162, in _make_request
    result = _get_req_session().request(
             ^^^^^^^^^^^^^^^^^^^^^^^^^^^
  File "C:\Users\Asus\AppData\Local\Programs\Python\Python314\Mega Downloader\venv\Lib\site-packages\requests\sessions.py", line 651, in request
    resp = self.send(prep, **send_kwargs)
           ^^^^^^^^^^^^^^^^^^^^^^^^^^^^^^
  File "C:\Users\Asus\AppData\Local\Programs\Python\Python314\Mega Downloader\venv\Lib\site-packages\requests\sessions.py", line 784, in send
    r = adapter.send(request, **kwargs)
        ^^^^^^^^^^^^^^^^^^^^^^^^^^^^^^^
  File "C:\Users\Asus\AppData\Local\Programs\Python\Python314\Mega Downloader\venv\Lib\site-packages\requests\adapters.py", line 729, in send
    raise ConnectionError(e, request=request)
requests.exceptions.ConnectionError: SocksHTTPSConnectionPool(host='api.telegram.org', port=443): Max retries exceeded with url: /bot8893611617:***********************************/getMe (Caused by NewConnectionError("SocksHTTPSConnection(host='api.telegram.org', port=443): Failed to establish a new connection: [WinError 10061] No connection could be made because the target machine actively refused it"))

2026-07-10 12:09:42,089 [ERROR] TeleBot: Exception traceback:
Traceback (most recent call last):
  File "C:\Users\Asus\AppData\Local\Programs\Python\Python314\Mega Downloader\venv\Lib\site-packages\yt_dlp\networking\_requests.py", line 379, in _new_conn
    return create_connection(
           ^^^^^^^^^^^^^^^^^^
  File "C:\Users\Asus\AppData\Local\Programs\Python\Python314\Mega Downloader\venv\Lib\site-packages\yt_dlp\networking\_helper.py", line 269, in create_connection
    raise err
  File "C:\Users\Asus\AppData\Local\Programs\Python\Python314\Mega Downloader\venv\Lib\site-packages\yt_dlp\networking\_helper.py", line 260, in create_connection
    sock = _create_socket_func(ip_addr, timeout, source_address)
           ^^^^^^^^^^^^^^^^^^^^^^^^^^^^^^^^^^^^^^^^^^^^^^^^^^^^^
  File "C:\Users\Asus\AppData\Local\Programs\Python\Python314\Mega Downloader\venv\Lib\site-packages\yt_dlp\networking\_helper.py", line 228, in create_socks_proxy_socket
    sock.connect(dest_addr)
  File "C:\Users\Asus\AppData\Local\Programs\Python\Python314\Mega Downloader\venv\Lib\site-packages\yt_dlp\socks.py", line 271, in connect
    self._make_proxy(socket.socket.connect, address)
  File "C:\Users\Asus\AppData\Local\Programs\Python\Python314\Mega Downloader\venv\Lib\site-packages\yt_dlp\socks.py", line 259, in _make_proxy
    result = connect_func(self, (self._proxy.host, self._proxy.port))
             ^^^^^^^^^^^^^^^^^^^^^^^^^^^^^^^^^^^^^^^^^^^^^^^^^^^^^^^^
ConnectionRefusedError: [WinError 10061] No connection could be made because the target machine actively refused it

The above exception was the direct cause of the following exception:

Traceback (most recent call last):
  File "C:\Users\Asus\AppData\Local\Programs\Python\Python314\Mega Downloader\venv\Lib\site-packages\urllib3\connectionpool.py", line 788, in urlopen
    response = self._make_request(
               ^^^^^^^^^^^^^^^^^^^
  File "C:\Users\Asus\AppData\Local\Programs\Python\Python314\Mega Downloader\venv\Lib\site-packages\urllib3\connectionpool.py", line 488, in _make_request
    raise new_e
  File "C:\Users\Asus\AppData\Local\Programs\Python\Python314\Mega Downloader\venv\Lib\site-packages\urllib3\connectionpool.py", line 464, in _make_request
    self._validate_conn(conn)
  File "C:\Users\Asus\AppData\Local\Programs\Python\Python314\Mega Downloader\venv\Lib\site-packages\urllib3\connectionpool.py", line 1106, in _validate_conn
    conn.connect()
  File "C:\Users\Asus\AppData\Local\Programs\Python\Python314\Mega Downloader\venv\Lib\site-packages\urllib3\connection.py", line 759, in connect
    self.sock = sock = self._new_conn()
                       ^^^^^^^^^^^^^^^^
  File "C:\Users\Asus\AppData\Local\Programs\Python\Python314\Mega Downloader\venv\Lib\site-packages\yt_dlp\networking\_requests.py", line 391, in _new_conn
    raise urllib3.exceptions.NewConnectionError(
urllib3.exceptions.NewConnectionError: SocksHTTPSConnection(host='api.telegram.org', port=443): Failed to establish a new connection: [WinError 10061] No connection could be made because the target machine actively refused it

The above exception was the direct cause of the following exception:

Traceback (most recent call last):
  File "C:\Users\Asus\AppData\Local\Programs\Python\Python314\Mega Downloader\venv\Lib\site-packages\requests\adapters.py", line 696, in send
    resp = conn.urlopen(
           ^^^^^^^^^^^^^
  File "C:\Users\Asus\AppData\Local\Programs\Python\Python314\Mega Downloader\venv\Lib\site-packages\urllib3\connectionpool.py", line 842, in urlopen
    retries = retries.increment(
              ^^^^^^^^^^^^^^^^^^
  File "C:\Users\Asus\AppData\Local\Programs\Python\Python314\Mega Downloader\venv\Lib\site-packages\urllib3\util\retry.py", line 543, in increment
    raise MaxRetryError(_pool, url, reason) from reason  # type: ignore[arg-type]
    ^^^^^^^^^^^^^^^^^^^^^^^^^^^^^^^^^^^^^^^^^^^^^^^^^^^
urllib3.exceptions.MaxRetryError: SocksHTTPSConnectionPool(host='api.telegram.org', port=443): Max retries exceeded with url: /bot8893611617:***********************************/getMe (Caused by NewConnectionError("SocksHTTPSConnection(host='api.telegram.org', port=443): Failed to establish a new connection: [WinError 10061] No connection could be made because the target machine actively refused it"))

During handling of the above exception, another exception occurred:

Traceback (most recent call last):
  File "C:\Users\Asus\AppData\Local\Programs\Python\Python314\Mega Downloader\venv\Lib\site-packages\telebot\__init__.py", line 1136, in infinity_polling
    self.polling(non_stop=True, timeout=timeout, long_polling_timeout=long_polling_timeout,
  File "C:\Users\Asus\AppData\Local\Programs\Python\Python314\Mega Downloader\venv\Lib\site-packages\telebot\__init__.py", line 1221, in polling
    logger.info('Starting your bot with username: [@%s]', self.user.username)
                                                          ^^^^^^^^^
  File "C:\Users\Asus\AppData\Local\Programs\Python\Python314\Mega Downloader\venv\Lib\site-packages\telebot\__init__.py", line 308, in user
    self._user = self.get_me()
                 ^^^^^^^^^^^^^
  File "C:\Users\Asus\AppData\Local\Programs\Python\Python314\Mega Downloader\venv\Lib\site-packages\telebot\__init__.py", line 1408, in get_me
    apihelper.get_me(self.token)
  File "C:\Users\Asus\AppData\Local\Programs\Python\Python314\Mega Downloader\venv\Lib\site-packages\telebot\apihelper.py", line 204, in get_me
    return _make_request(token, method_url)
           ^^^^^^^^^^^^^^^^^^^^^^^^^^^^^^^^
  File "C:\Users\Asus\AppData\Local\Programs\Python\Python314\Mega Downloader\venv\Lib\site-packages\telebot\apihelper.py", line 162, in _make_request
    result = _get_req_session().request(
             ^^^^^^^^^^^^^^^^^^^^^^^^^^^
  File "C:\Users\Asus\AppData\Local\Programs\Python\Python314\Mega Downloader\venv\Lib\site-packages\requests\sessions.py", line 651, in request
    resp = self.send(prep, **send_kwargs)
           ^^^^^^^^^^^^^^^^^^^^^^^^^^^^^^
  File "C:\Users\Asus\AppData\Local\Programs\Python\Python314\Mega Downloader\venv\Lib\site-packages\requests\sessions.py", line 784, in send
    r = adapter.send(request, **kwargs)
        ^^^^^^^^^^^^^^^^^^^^^^^^^^^^^^^
  File "C:\Users\Asus\AppData\Local\Programs\Python\Python314\Mega Downloader\venv\Lib\site-packages\requests\adapters.py", line 729, in send
    raise ConnectionError(e, request=request)
requests.exceptions.ConnectionError: SocksHTTPSConnectionPool(host='api.telegram.org', port=443): Max retries exceeded with url: /bot8893611617:***********************************/getMe (Caused by NewConnectionError("SocksHTTPSConnection(host='api.telegram.org', port=443): Failed to establish a new connection: [WinError 10061] No connection could be made because the target machine actively refused it"))

2026-07-10 12:09:47,146 [ERROR] TeleBot: Exception traceback:
Traceback (most recent call last):
  File "C:\Users\Asus\AppData\Local\Programs\Python\Python314\Mega Downloader\venv\Lib\site-packages\yt_dlp\networking\_requests.py", line 379, in _new_conn
    return create_connection(
           ^^^^^^^^^^^^^^^^^^
  File "C:\Users\Asus\AppData\Local\Programs\Python\Python314\Mega Downloader\venv\Lib\site-packages\yt_dlp\networking\_helper.py", line 269, in create_connection
    raise err
  File "C:\Users\Asus\AppData\Local\Programs\Python\Python314\Mega Downloader\venv\Lib\site-packages\yt_dlp\networking\_helper.py", line 260, in create_connection
    sock = _create_socket_func(ip_addr, timeout, source_address)
           ^^^^^^^^^^^^^^^^^^^^^^^^^^^^^^^^^^^^^^^^^^^^^^^^^^^^^
  File "C:\Users\Asus\AppData\Local\Programs\Python\Python314\Mega Downloader\venv\Lib\site-packages\yt_dlp\networking\_helper.py", line 228, in create_socks_proxy_socket
    sock.connect(dest_addr)
  File "C:\Users\Asus\AppData\Local\Programs\Python\Python314\Mega Downloader\venv\Lib\site-packages\yt_dlp\socks.py", line 271, in connect
    self._make_proxy(socket.socket.connect, address)
  File "C:\Users\Asus\AppData\Local\Programs\Python\Python314\Mega Downloader\venv\Lib\site-packages\yt_dlp\socks.py", line 259, in _make_proxy
    result = connect_func(self, (self._proxy.host, self._proxy.port))
             ^^^^^^^^^^^^^^^^^^^^^^^^^^^^^^^^^^^^^^^^^^^^^^^^^^^^^^^^
ConnectionRefusedError: [WinError 10061] No connection could be made because the target machine actively refused it

The above exception was the direct cause of the following exception:

Traceback (most recent call last):
  File "C:\Users\Asus\AppData\Local\Programs\Python\Python314\Mega Downloader\venv\Lib\site-packages\urllib3\connectionpool.py", line 788, in urlopen
    response = self._make_request(
               ^^^^^^^^^^^^^^^^^^^
  File "C:\Users\Asus\AppData\Local\Programs\Python\Python314\Mega Downloader\venv\Lib\site-packages\urllib3\connectionpool.py", line 488, in _make_request
    raise new_e
  File "C:\Users\Asus\AppData\Local\Programs\Python\Python314\Mega Downloader\venv\Lib\site-packages\urllib3\connectionpool.py", line 464, in _make_request
    self._validate_conn(conn)
  File "C:\Users\Asus\AppData\Local\Programs\Python\Python314\Mega Downloader\venv\Lib\site-packages\urllib3\connectionpool.py", line 1106, in _validate_conn
    conn.connect()
  File "C:\Users\Asus\AppData\Local\Programs\Python\Python314\Mega Downloader\venv\Lib\site-packages\urllib3\connection.py", line 759, in connect
    self.sock = sock = self._new_conn()
                       ^^^^^^^^^^^^^^^^
  File "C:\Users\Asus\AppData\Local\Programs\Python\Python314\Mega Downloader\venv\Lib\site-packages\yt_dlp\networking\_requests.py", line 391, in _new_conn
    raise urllib3.exceptions.NewConnectionError(
urllib3.exceptions.NewConnectionError: SocksHTTPSConnection(host='api.telegram.org', port=443): Failed to establish a new connection: [WinError 10061] No connection could be made because the target machine actively refused it

The above exception was the direct cause of the following exception:

Traceback (most recent call last):
  File "C:\Users\Asus\AppData\Local\Programs\Python\Python314\Mega Downloader\venv\Lib\site-packages\requests\adapters.py", line 696, in send
    resp = conn.urlopen(
           ^^^^^^^^^^^^^
  File "C:\Users\Asus\AppData\Local\Programs\Python\Python314\Mega Downloader\venv\Lib\site-packages\urllib3\connectionpool.py", line 842, in urlopen
    retries = retries.increment(
              ^^^^^^^^^^^^^^^^^^
  File "C:\Users\Asus\AppData\Local\Programs\Python\Python314\Mega Downloader\venv\Lib\site-packages\urllib3\util\retry.py", line 543, in increment
    raise MaxRetryError(_pool, url, reason) from reason  # type: ignore[arg-type]
    ^^^^^^^^^^^^^^^^^^^^^^^^^^^^^^^^^^^^^^^^^^^^^^^^^^^
urllib3.exceptions.MaxRetryError: SocksHTTPSConnectionPool(host='api.telegram.org', port=443): Max retries exceeded with url: /bot8893611617:***********************************/getMe (Caused by NewConnectionError("SocksHTTPSConnection(host='api.telegram.org', port=443): Failed to establish a new connection: [WinError 10061] No connection could be made because the target machine actively refused it"))

During handling of the above exception, another exception occurred:

Traceback (most recent call last):
  File "C:\Users\Asus\AppData\Local\Programs\Python\Python314\Mega Downloader\venv\Lib\site-packages\telebot\__init__.py", line 1136, in infinity_polling
    self.polling(non_stop=True, timeout=timeout, long_polling_timeout=long_polling_timeout,
  File "C:\Users\Asus\AppData\Local\Programs\Python\Python314\Mega Downloader\venv\Lib\site-packages\telebot\__init__.py", line 1221, in polling
    logger.info('Starting your bot with username: [@%s]', self.user.username)
                                                          ^^^^^^^^^
  File "C:\Users\Asus\AppData\Local\Programs\Python\Python314\Mega Downloader\venv\Lib\site-packages\telebot\__init__.py", line 308, in user
    self._user = self.get_me()
                 ^^^^^^^^^^^^^
  File "C:\Users\Asus\AppData\Local\Programs\Python\Python314\Mega Downloader\venv\Lib\site-packages\telebot\__init__.py", line 1408, in get_me
    apihelper.get_me(self.token)
  File "C:\Users\Asus\AppData\Local\Programs\Python\Python314\Mega Downloader\venv\Lib\site-packages\telebot\apihelper.py", line 204, in get_me
    return _make_request(token, method_url)
           ^^^^^^^^^^^^^^^^^^^^^^^^^^^^^^^^
  File "C:\Users\Asus\AppData\Local\Programs\Python\Python314\Mega Downloader\venv\Lib\site-packages\telebot\apihelper.py", line 162, in _make_request
    result = _get_req_session().request(
             ^^^^^^^^^^^^^^^^^^^^^^^^^^^
  File "C:\Users\Asus\AppData\Local\Programs\Python\Python314\Mega Downloader\venv\Lib\site-packages\requests\sessions.py", line 651, in request
    resp = self.send(prep, **send_kwargs)
           ^^^^^^^^^^^^^^^^^^^^^^^^^^^^^^
  File "C:\Users\Asus\AppData\Local\Programs\Python\Python314\Mega Downloader\venv\Lib\site-packages\requests\sessions.py", line 784, in send
    r = adapter.send(request, **kwargs)
        ^^^^^^^^^^^^^^^^^^^^^^^^^^^^^^^
  File "C:\Users\Asus\AppData\Local\Programs\Python\Python314\Mega Downloader\venv\Lib\site-packages\requests\adapters.py", line 729, in send
    raise ConnectionError(e, request=request)
requests.exceptions.ConnectionError: SocksHTTPSConnectionPool(host='api.telegram.org', port=443): Max retries exceeded with url: /bot8893611617:***********************************/getMe (Caused by NewConnectionError("SocksHTTPSConnection(host='api.telegram.org', port=443): Failed to establish a new connection: [WinError 10061] No connection could be made because the target machine actively refused it"))

2026-07-10 12:09:52,204 [ERROR] TeleBot: Exception traceback:
Traceback (most recent call last):
  File "C:\Users\Asus\AppData\Local\Programs\Python\Python314\Mega Downloader\venv\Lib\site-packages\yt_dlp\networking\_requests.py", line 379, in _new_conn
    return create_connection(
           ^^^^^^^^^^^^^^^^^^
  File "C:\Users\Asus\AppData\Local\Programs\Python\Python314\Mega Downloader\venv\Lib\site-packages\yt_dlp\networking\_helper.py", line 269, in create_connection
    raise err
  File "C:\Users\Asus\AppData\Local\Programs\Python\Python314\Mega Downloader\venv\Lib\site-packages\yt_dlp\networking\_helper.py", line 260, in create_connection
    sock = _create_socket_func(ip_addr, timeout, source_address)
           ^^^^^^^^^^^^^^^^^^^^^^^^^^^^^^^^^^^^^^^^^^^^^^^^^^^^^
  File "C:\Users\Asus\AppData\Local\Programs\Python\Python314\Mega Downloader\venv\Lib\site-packages\yt_dlp\networking\_helper.py", line 228, in create_socks_proxy_socket
    sock.connect(dest_addr)
  File "C:\Users\Asus\AppData\Local\Programs\Python\Python314\Mega Downloader\venv\Lib\site-packages\yt_dlp\socks.py", line 271, in connect
    self._make_proxy(socket.socket.connect, address)
  File "C:\Users\Asus\AppData\Local\Programs\Python\Python314\Mega Downloader\venv\Lib\site-packages\yt_dlp\socks.py", line 259, in _make_proxy
    result = connect_func(self, (self._proxy.host, self._proxy.port))
             ^^^^^^^^^^^^^^^^^^^^^^^^^^^^^^^^^^^^^^^^^^^^^^^^^^^^^^^^
ConnectionRefusedError: [WinError 10061] No connection could be made because the target machine actively refused it

The above exception was the direct cause of the following exception:

Traceback (most recent call last):
  File "C:\Users\Asus\AppData\Local\Programs\Python\Python314\Mega Downloader\venv\Lib\site-packages\urllib3\connectionpool.py", line 788, in urlopen
    response = self._make_request(
               ^^^^^^^^^^^^^^^^^^^
  File "C:\Users\Asus\AppData\Local\Programs\Python\Python314\Mega Downloader\venv\Lib\site-packages\urllib3\connectionpool.py", line 488, in _make_request
    raise new_e
  File "C:\Users\Asus\AppData\Local\Programs\Python\Python314\Mega Downloader\venv\Lib\site-packages\urllib3\connectionpool.py", line 464, in _make_request
    self._validate_conn(conn)
  File "C:\Users\Asus\AppData\Local\Programs\Python\Python314\Mega Downloader\venv\Lib\site-packages\urllib3\connectionpool.py", line 1106, in _validate_conn
    conn.connect()
  File "C:\Users\Asus\AppData\Local\Programs\Python\Python314\Mega Downloader\venv\Lib\site-packages\urllib3\connection.py", line 759, in connect
    self.sock = sock = self._new_conn()
                       ^^^^^^^^^^^^^^^^
  File "C:\Users\Asus\AppData\Local\Programs\Python\Python314\Mega Downloader\venv\Lib\site-packages\yt_dlp\networking\_requests.py", line 391, in _new_conn
    raise urllib3.exceptions.NewConnectionError(
urllib3.exceptions.NewConnectionError: SocksHTTPSConnection(host='api.telegram.org', port=443): Failed to establish a new connection: [WinError 10061] No connection could be made because the target machine actively refused it

The above exception was the direct cause of the following exception:

Traceback (most recent call last):
  File "C:\Users\Asus\AppData\Local\Programs\Python\Python314\Mega Downloader\venv\Lib\site-packages\requests\adapters.py", line 696, in send
    resp = conn.urlopen(
           ^^^^^^^^^^^^^
  File "C:\Users\Asus\AppData\Local\Programs\Python\Python314\Mega Downloader\venv\Lib\site-packages\urllib3\connectionpool.py", line 842, in urlopen
    retries = retries.increment(
              ^^^^^^^^^^^^^^^^^^
  File "C:\Users\Asus\AppData\Local\Programs\Python\Python314\Mega Downloader\venv\Lib\site-packages\urllib3\util\retry.py", line 543, in increment
    raise MaxRetryError(_pool, url, reason) from reason  # type: ignore[arg-type]
    ^^^^^^^^^^^^^^^^^^^^^^^^^^^^^^^^^^^^^^^^^^^^^^^^^^^
urllib3.exceptions.MaxRetryError: SocksHTTPSConnectionPool(host='api.telegram.org', port=443): Max retries exceeded with url: /bot8893611617:***********************************/getMe (Caused by NewConnectionError("SocksHTTPSConnection(host='api.telegram.org', port=443): Failed to establish a new connection: [WinError 10061] No connection could be made because the target machine actively refused it"))

During handling of the above exception, another exception occurred:

Traceback (most recent call last):
  File "C:\Users\Asus\AppData\Local\Programs\Python\Python314\Mega Downloader\venv\Lib\site-packages\telebot\__init__.py", line 1136, in infinity_polling
    self.polling(non_stop=True, timeout=timeout, long_polling_timeout=long_polling_timeout,
  File "C:\Users\Asus\AppData\Local\Programs\Python\Python314\Mega Downloader\venv\Lib\site-packages\telebot\__init__.py", line 1221, in polling
    logger.info('Starting your bot with username: [@%s]', self.user.username)
                                                          ^^^^^^^^^
  File "C:\Users\Asus\AppData\Local\Programs\Python\Python314\Mega Downloader\venv\Lib\site-packages\telebot\__init__.py", line 308, in user
    self._user = self.get_me()
                 ^^^^^^^^^^^^^
  File "C:\Users\Asus\AppData\Local\Programs\Python\Python314\Mega Downloader\venv\Lib\site-packages\telebot\__init__.py", line 1408, in get_me
    apihelper.get_me(self.token)
  File "C:\Users\Asus\AppData\Local\Programs\Python\Python314\Mega Downloader\venv\Lib\site-packages\telebot\apihelper.py", line 204, in get_me
    return _make_request(token, method_url)
           ^^^^^^^^^^^^^^^^^^^^^^^^^^^^^^^^
  File "C:\Users\Asus\AppData\Local\Programs\Python\Python314\Mega Downloader\venv\Lib\site-packages\telebot\apihelper.py", line 162, in _make_request
    result = _get_req_session().request(
             ^^^^^^^^^^^^^^^^^^^^^^^^^^^
  File "C:\Users\Asus\AppData\Local\Programs\Python\Python314\Mega Downloader\venv\Lib\site-packages\requests\sessions.py", line 651, in request
    resp = self.send(prep, **send_kwargs)
           ^^^^^^^^^^^^^^^^^^^^^^^^^^^^^^
  File "C:\Users\Asus\AppData\Local\Programs\Python\Python314\Mega Downloader\venv\Lib\site-packages\requests\sessions.py", line 784, in send
    r = adapter.send(request, **kwargs)
        ^^^^^^^^^^^^^^^^^^^^^^^^^^^^^^^
  File "C:\Users\Asus\AppData\Local\Programs\Python\Python314\Mega Downloader\venv\Lib\site-packages\requests\adapters.py", line 729, in send
    raise ConnectionError(e, request=request)
requests.exceptions.ConnectionError: SocksHTTPSConnectionPool(host='api.telegram.org', port=443): Max retries exceeded with url: /bot8893611617:***********************************/getMe (Caused by NewConnectionError("SocksHTTPSConnection(host='api.telegram.org', port=443): Failed to establish a new connection: [WinError 10061] No connection could be made because the target machine actively refused it"))

2026-07-10 12:09:57,249 [ERROR] TeleBot: Exception traceback:
Traceback (most recent call last):
  File "C:\Users\Asus\AppData\Local\Programs\Python\Python314\Mega Downloader\venv\Lib\site-packages\yt_dlp\networking\_requests.py", line 379, in _new_conn
    return create_connection(
           ^^^^^^^^^^^^^^^^^^
  File "C:\Users\Asus\AppData\Local\Programs\Python\Python314\Mega Downloader\venv\Lib\site-packages\yt_dlp\networking\_helper.py", line 269, in create_connection
    raise err
  File "C:\Users\Asus\AppData\Local\Programs\Python\Python314\Mega Downloader\venv\Lib\site-packages\yt_dlp\networking\_helper.py", line 260, in create_connection
    sock = _create_socket_func(ip_addr, timeout, source_address)
           ^^^^^^^^^^^^^^^^^^^^^^^^^^^^^^^^^^^^^^^^^^^^^^^^^^^^^
  File "C:\Users\Asus\AppData\Local\Programs\Python\Python314\Mega Downloader\venv\Lib\site-packages\yt_dlp\networking\_helper.py", line 228, in create_socks_proxy_socket
    sock.connect(dest_addr)
  File "C:\Users\Asus\AppData\Local\Programs\Python\Python314\Mega Downloader\venv\Lib\site-packages\yt_dlp\socks.py", line 271, in connect
    self._make_proxy(socket.socket.connect, address)
  File "C:\Users\Asus\AppData\Local\Programs\Python\Python314\Mega Downloader\venv\Lib\site-packages\yt_dlp\socks.py", line 259, in _make_proxy
    result = connect_func(self, (self._proxy.host, self._proxy.port))
             ^^^^^^^^^^^^^^^^^^^^^^^^^^^^^^^^^^^^^^^^^^^^^^^^^^^^^^^^
ConnectionRefusedError: [WinError 10061] No connection could be made because the target machine actively refused it

The above exception was the direct cause of the following exception:

Traceback (most recent call last):
  File "C:\Users\Asus\AppData\Local\Programs\Python\Python314\Mega Downloader\venv\Lib\site-packages\urllib3\connectionpool.py", line 788, in urlopen
    response = self._make_request(
               ^^^^^^^^^^^^^^^^^^^
  File "C:\Users\Asus\AppData\Local\Programs\Python\Python314\Mega Downloader\venv\Lib\site-packages\urllib3\connectionpool.py", line 488, in _make_request
    raise new_e
  File "C:\Users\Asus\AppData\Local\Programs\Python\Python314\Mega Downloader\venv\Lib\site-packages\urllib3\connectionpool.py", line 464, in _make_request
    self._validate_conn(conn)
  File "C:\Users\Asus\AppData\Local\Programs\Python\Python314\Mega Downloader\venv\Lib\site-packages\urllib3\connectionpool.py", line 1106, in _validate_conn
    conn.connect()
  File "C:\Users\Asus\AppData\Local\Programs\Python\Python314\Mega Downloader\venv\Lib\site-packages\urllib3\connection.py", line 759, in connect
    self.sock = sock = self._new_conn()
                       ^^^^^^^^^^^^^^^^
  File "C:\Users\Asus\AppData\Local\Programs\Python\Python314\Mega Downloader\venv\Lib\site-packages\yt_dlp\networking\_requests.py", line 391, in _new_conn
    raise urllib3.exceptions.NewConnectionError(
urllib3.exceptions.NewConnectionError: SocksHTTPSConnection(host='api.telegram.org', port=443): Failed to establish a new connection: [WinError 10061] No connection could be made because the target machine actively refused it

The above exception was the direct cause of the following exception:

Traceback (most recent call last):
  File "C:\Users\Asus\AppData\Local\Programs\Python\Python314\Mega Downloader\venv\Lib\site-packages\requests\adapters.py", line 696, in send
    resp = conn.urlopen(
           ^^^^^^^^^^^^^
  File "C:\Users\Asus\AppData\Local\Programs\Python\Python314\Mega Downloader\venv\Lib\site-packages\urllib3\connectionpool.py", line 842, in urlopen
    retries = retries.increment(
              ^^^^^^^^^^^^^^^^^^
  File "C:\Users\Asus\AppData\Local\Programs\Python\Python314\Mega Downloader\venv\Lib\site-packages\urllib3\util\retry.py", line 543, in increment
    raise MaxRetryError(_pool, url, reason) from reason  # type: ignore[arg-type]
    ^^^^^^^^^^^^^^^^^^^^^^^^^^^^^^^^^^^^^^^^^^^^^^^^^^^
urllib3.exceptions.MaxRetryError: SocksHTTPSConnectionPool(host='api.telegram.org', port=443): Max retries exceeded with url: /bot8893611617:***********************************/getMe (Caused by NewConnectionError("SocksHTTPSConnection(host='api.telegram.org', port=443): Failed to establish a new connection: [WinError 10061] No connection could be made because the target machine actively refused it"))

During handling of the above exception, another exception occurred:

Traceback (most recent call last):
  File "C:\Users\Asus\AppData\Local\Programs\Python\Python314\Mega Downloader\venv\Lib\site-packages\telebot\__init__.py", line 1136, in infinity_polling
    self.polling(non_stop=True, timeout=timeout, long_polling_timeout=long_polling_timeout,
  File "C:\Users\Asus\AppData\Local\Programs\Python\Python314\Mega Downloader\venv\Lib\site-packages\telebot\__init__.py", line 1221, in polling
    logger.info('Starting your bot with username: [@%s]', self.user.username)
                                                          ^^^^^^^^^
  File "C:\Users\Asus\AppData\Local\Programs\Python\Python314\Mega Downloader\venv\Lib\site-packages\telebot\__init__.py", line 308, in user
    self._user = self.get_me()
                 ^^^^^^^^^^^^^
  File "C:\Users\Asus\AppData\Local\Programs\Python\Python314\Mega Downloader\venv\Lib\site-packages\telebot\__init__.py", line 1408, in get_me
    apihelper.get_me(self.token)
  File "C:\Users\Asus\AppData\Local\Programs\Python\Python314\Mega Downloader\venv\Lib\site-packages\telebot\apihelper.py", line 204, in get_me
    return _make_request(token, method_url)
           ^^^^^^^^^^^^^^^^^^^^^^^^^^^^^^^^
  File "C:\Users\Asus\AppData\Local\Programs\Python\Python314\Mega Downloader\venv\Lib\site-packages\telebot\apihelper.py", line 162, in _make_request
    result = _get_req_session().request(
             ^^^^^^^^^^^^^^^^^^^^^^^^^^^
  File "C:\Users\Asus\AppData\Local\Programs\Python\Python314\Mega Downloader\venv\Lib\site-packages\requests\sessions.py", line 651, in request
    resp = self.send(prep, **send_kwargs)
           ^^^^^^^^^^^^^^^^^^^^^^^^^^^^^^
  File "C:\Users\Asus\AppData\Local\Programs\Python\Python314\Mega Downloader\venv\Lib\site-packages\requests\sessions.py", line 784, in send
    r = adapter.send(request, **kwargs)
        ^^^^^^^^^^^^^^^^^^^^^^^^^^^^^^^
  File "C:\Users\Asus\AppData\Local\Programs\Python\Python314\Mega Downloader\venv\Lib\site-packages\requests\adapters.py", line 729, in send
    raise ConnectionError(e, request=request)
requests.exceptions.ConnectionError: SocksHTTPSConnectionPool(host='api.telegram.org', port=443): Max retries exceeded with url: /bot8893611617:***********************************/getMe (Caused by NewConnectionError("SocksHTTPSConnection(host='api.telegram.org', port=443): Failed to establish a new connection: [WinError 10061] No connection could be made because the target machine actively refused it"))

2026-07-10 12:10:02,298 [ERROR] TeleBot: Exception traceback:
Traceback (most recent call last):
  File "C:\Users\Asus\AppData\Local\Programs\Python\Python314\Mega Downloader\venv\Lib\site-packages\yt_dlp\networking\_requests.py", line 379, in _new_conn
    return create_connection(
           ^^^^^^^^^^^^^^^^^^
  File "C:\Users\Asus\AppData\Local\Programs\Python\Python314\Mega Downloader\venv\Lib\site-packages\yt_dlp\networking\_helper.py", line 269, in create_connection
    raise err
  File "C:\Users\Asus\AppData\Local\Programs\Python\Python314\Mega Downloader\venv\Lib\site-packages\yt_dlp\networking\_helper.py", line 260, in create_connection
    sock = _create_socket_func(ip_addr, timeout, source_address)
           ^^^^^^^^^^^^^^^^^^^^^^^^^^^^^^^^^^^^^^^^^^^^^^^^^^^^^
  File "C:\Users\Asus\AppData\Local\Programs\Python\Python314\Mega Downloader\venv\Lib\site-packages\yt_dlp\networking\_helper.py", line 228, in create_socks_proxy_socket
    sock.connect(dest_addr)
  File "C:\Users\Asus\AppData\Local\Programs\Python\Python314\Mega Downloader\venv\Lib\site-packages\yt_dlp\socks.py", line 271, in connect
    self._make_proxy(socket.socket.connect, address)
  File "C:\Users\Asus\AppData\Local\Programs\Python\Python314\Mega Downloader\venv\Lib\site-packages\yt_dlp\socks.py", line 259, in _make_proxy
    result = connect_func(self, (self._proxy.host, self._proxy.port))
             ^^^^^^^^^^^^^^^^^^^^^^^^^^^^^^^^^^^^^^^^^^^^^^^^^^^^^^^^
ConnectionRefusedError: [WinError 10061] No connection could be made because the target machine actively refused it

The above exception was the direct cause of the following exception:

Traceback (most recent call last):
  File "C:\Users\Asus\AppData\Local\Programs\Python\Python314\Mega Downloader\venv\Lib\site-packages\urllib3\connectionpool.py", line 788, in urlopen
    response = self._make_request(
               ^^^^^^^^^^^^^^^^^^^
  File "C:\Users\Asus\AppData\Local\Programs\Python\Python314\Mega Downloader\venv\Lib\site-packages\urllib3\connectionpool.py", line 488, in _make_request
    raise new_e
  File "C:\Users\Asus\AppData\Local\Programs\Python\Python314\Mega Downloader\venv\Lib\site-packages\urllib3\connectionpool.py", line 464, in _make_request
    self._validate_conn(conn)
  File "C:\Users\Asus\AppData\Local\Programs\Python\Python314\Mega Downloader\venv\Lib\site-packages\urllib3\connectionpool.py", line 1106, in _validate_conn
    conn.connect()
  File "C:\Users\Asus\AppData\Local\Programs\Python\Python314\Mega Downloader\venv\Lib\site-packages\urllib3\connection.py", line 759, in connect
    self.sock = sock = self._new_conn()
                       ^^^^^^^^^^^^^^^^
  File "C:\Users\Asus\AppData\Local\Programs\Python\Python314\Mega Downloader\venv\Lib\site-packages\yt_dlp\networking\_requests.py", line 391, in _new_conn
    raise urllib3.exceptions.NewConnectionError(
urllib3.exceptions.NewConnectionError: SocksHTTPSConnection(host='api.telegram.org', port=443): Failed to establish a new connection: [WinError 10061] No connection could be made because the target machine actively refused it

The above exception was the direct cause of the following exception:

Traceback (most recent call last):
  File "C:\Users\Asus\AppData\Local\Programs\Python\Python314\Mega Downloader\venv\Lib\site-packages\requests\adapters.py", line 696, in send
    resp = conn.urlopen(
           ^^^^^^^^^^^^^
  File "C:\Users\Asus\AppData\Local\Programs\Python\Python314\Mega Downloader\venv\Lib\site-packages\urllib3\connectionpool.py", line 842, in urlopen
    retries = retries.increment(
              ^^^^^^^^^^^^^^^^^^
  File "C:\Users\Asus\AppData\Local\Programs\Python\Python314\Mega Downloader\venv\Lib\site-packages\urllib3\util\retry.py", line 543, in increment
    raise MaxRetryError(_pool, url, reason) from reason  # type: ignore[arg-type]
    ^^^^^^^^^^^^^^^^^^^^^^^^^^^^^^^^^^^^^^^^^^^^^^^^^^^
urllib3.exceptions.MaxRetryError: SocksHTTPSConnectionPool(host='api.telegram.org', port=443): Max retries exceeded with url: /bot8893611617:***********************************/getMe (Caused by NewConnectionError("SocksHTTPSConnection(host='api.telegram.org', port=443): Failed to establish a new connection: [WinError 10061] No connection could be made because the target machine actively refused it"))

During handling of the above exception, another exception occurred:

Traceback (most recent call last):
  File "C:\Users\Asus\AppData\Local\Programs\Python\Python314\Mega Downloader\venv\Lib\site-packages\telebot\__init__.py", line 1136, in infinity_polling
    self.polling(non_stop=True, timeout=timeout, long_polling_timeout=long_polling_timeout,
  File "C:\Users\Asus\AppData\Local\Programs\Python\Python314\Mega Downloader\venv\Lib\site-packages\telebot\__init__.py", line 1221, in polling
    logger.info('Starting your bot with username: [@%s]', self.user.username)
                                                          ^^^^^^^^^
  File "C:\Users\Asus\AppData\Local\Programs\Python\Python314\Mega Downloader\venv\Lib\site-packages\telebot\__init__.py", line 308, in user
    self._user = self.get_me()
                 ^^^^^^^^^^^^^
  File "C:\Users\Asus\AppData\Local\Programs\Python\Python314\Mega Downloader\venv\Lib\site-packages\telebot\__init__.py", line 1408, in get_me
    apihelper.get_me(self.token)
  File "C:\Users\Asus\AppData\Local\Programs\Python\Python314\Mega Downloader\venv\Lib\site-packages\telebot\apihelper.py", line 204, in get_me
    return _make_request(token, method_url)
           ^^^^^^^^^^^^^^^^^^^^^^^^^^^^^^^^
  File "C:\Users\Asus\AppData\Local\Programs\Python\Python314\Mega Downloader\venv\Lib\site-packages\telebot\apihelper.py", line 162, in _make_request
    result = _get_req_session().request(
             ^^^^^^^^^^^^^^^^^^^^^^^^^^^
  File "C:\Users\Asus\AppData\Local\Programs\Python\Python314\Mega Downloader\venv\Lib\site-packages\requests\sessions.py", line 651, in request
    resp = self.send(prep, **send_kwargs)
           ^^^^^^^^^^^^^^^^^^^^^^^^^^^^^^
  File "C:\Users\Asus\AppData\Local\Programs\Python\Python314\Mega Downloader\venv\Lib\site-packages\requests\sessions.py", line 784, in send
    r = adapter.send(request, **kwargs)
        ^^^^^^^^^^^^^^^^^^^^^^^^^^^^^^^
  File "C:\Users\Asus\AppData\Local\Programs\Python\Python314\Mega Downloader\venv\Lib\site-packages\requests\adapters.py", line 729, in send
    raise ConnectionError(e, request=request)
requests.exceptions.ConnectionError: SocksHTTPSConnectionPool(host='api.telegram.org', port=443): Max retries exceeded with url: /bot8893611617:***********************************/getMe (Caused by NewConnectionError("SocksHTTPSConnection(host='api.telegram.org', port=443): Failed to establish a new connection: [WinError 10061] No connection could be made because the target machine actively refused it"))

2026-07-10 12:10:07,333 [ERROR] TeleBot: Exception traceback:
Traceback (most recent call last):
  File "C:\Users\Asus\AppData\Local\Programs\Python\Python314\Mega Downloader\venv\Lib\site-packages\yt_dlp\networking\_requests.py", line 379, in _new_conn
    return create_connection(
           ^^^^^^^^^^^^^^^^^^
  File "C:\Users\Asus\AppData\Local\Programs\Python\Python314\Mega Downloader\venv\Lib\site-packages\yt_dlp\networking\_helper.py", line 269, in create_connection
    raise err
  File "C:\Users\Asus\AppData\Local\Programs\Python\Python314\Mega Downloader\venv\Lib\site-packages\yt_dlp\networking\_helper.py", line 260, in create_connection
    sock = _create_socket_func(ip_addr, timeout, source_address)
           ^^^^^^^^^^^^^^^^^^^^^^^^^^^^^^^^^^^^^^^^^^^^^^^^^^^^^
  File "C:\Users\Asus\AppData\Local\Programs\Python\Python314\Mega Downloader\venv\Lib\site-packages\yt_dlp\networking\_helper.py", line 228, in create_socks_proxy_socket
    sock.connect(dest_addr)
  File "C:\Users\Asus\AppData\Local\Programs\Python\Python314\Mega Downloader\venv\Lib\site-packages\yt_dlp\socks.py", line 271, in connect
    self._make_proxy(socket.socket.connect, address)
  File "C:\Users\Asus\AppData\Local\Programs\Python\Python314\Mega Downloader\venv\Lib\site-packages\yt_dlp\socks.py", line 259, in _make_proxy
    result = connect_func(self, (self._proxy.host, self._proxy.port))
             ^^^^^^^^^^^^^^^^^^^^^^^^^^^^^^^^^^^^^^^^^^^^^^^^^^^^^^^^
ConnectionRefusedError: [WinError 10061] No connection could be made because the target machine actively refused it

The above exception was the direct cause of the following exception:

Traceback (most recent call last):
  File "C:\Users\Asus\AppData\Local\Programs\Python\Python314\Mega Downloader\venv\Lib\site-packages\urllib3\connectionpool.py", line 788, in urlopen
    response = self._make_request(
               ^^^^^^^^^^^^^^^^^^^
  File "C:\Users\Asus\AppData\Local\Programs\Python\Python314\Mega Downloader\venv\Lib\site-packages\urllib3\connectionpool.py", line 488, in _make_request
    raise new_e
  File "C:\Users\Asus\AppData\Local\Programs\Python\Python314\Mega Downloader\venv\Lib\site-packages\urllib3\connectionpool.py", line 464, in _make_request
    self._validate_conn(conn)
  File "C:\Users\Asus\AppData\Local\Programs\Python\Python314\Mega Downloader\venv\Lib\site-packages\urllib3\connectionpool.py", line 1106, in _validate_conn
    conn.connect()
  File "C:\Users\Asus\AppData\Local\Programs\Python\Python314\Mega Downloader\venv\Lib\site-packages\urllib3\connection.py", line 759, in connect
    self.sock = sock = self._new_conn()
                       ^^^^^^^^^^^^^^^^
  File "C:\Users\Asus\AppData\Local\Programs\Python\Python314\Mega Downloader\venv\Lib\site-packages\yt_dlp\networking\_requests.py", line 391, in _new_conn
    raise urllib3.exceptions.NewConnectionError(
urllib3.exceptions.NewConnectionError: SocksHTTPSConnection(host='api.telegram.org', port=443): Failed to establish a new connection: [WinError 10061] No connection could be made because the target machine actively refused it

The above exception was the direct cause of the following exception:

Traceback (most recent call last):
  File "C:\Users\Asus\AppData\Local\Programs\Python\Python314\Mega Downloader\venv\Lib\site-packages\requests\adapters.py", line 696, in send
    resp = conn.urlopen(
           ^^^^^^^^^^^^^
  File "C:\Users\Asus\AppData\Local\Programs\Python\Python314\Mega Downloader\venv\Lib\site-packages\urllib3\connectionpool.py", line 842, in urlopen
    retries = retries.increment(
              ^^^^^^^^^^^^^^^^^^
  File "C:\Users\Asus\AppData\Local\Programs\Python\Python314\Mega Downloader\venv\Lib\site-packages\urllib3\util\retry.py", line 543, in increment
    raise MaxRetryError(_pool, url, reason) from reason  # type: ignore[arg-type]
    ^^^^^^^^^^^^^^^^^^^^^^^^^^^^^^^^^^^^^^^^^^^^^^^^^^^
urllib3.exceptions.MaxRetryError: SocksHTTPSConnectionPool(host='api.telegram.org', port=443): Max retries exceeded with url: /bot8893611617:***********************************/getMe (Caused by NewConnectionError("SocksHTTPSConnection(host='api.telegram.org', port=443): Failed to establish a new connection: [WinError 10061] No connection could be made because the target machine actively refused it"))

During handling of the above exception, another exception occurred:

Traceback (most recent call last):
  File "C:\Users\Asus\AppData\Local\Programs\Python\Python314\Mega Downloader\venv\Lib\site-packages\telebot\__init__.py", line 1136, in infinity_polling
    self.polling(non_stop=True, timeout=timeout, long_polling_timeout=long_polling_timeout,
  File "C:\Users\Asus\AppData\Local\Programs\Python\Python314\Mega Downloader\venv\Lib\site-packages\telebot\__init__.py", line 1221, in polling
    logger.info('Starting your bot with username: [@%s]', self.user.username)
                                                          ^^^^^^^^^
  File "C:\Users\Asus\AppData\Local\Programs\Python\Python314\Mega Downloader\venv\Lib\site-packages\telebot\__init__.py", line 308, in user
    self._user = self.get_me()
                 ^^^^^^^^^^^^^
  File "C:\Users\Asus\AppData\Local\Programs\Python\Python314\Mega Downloader\venv\Lib\site-packages\telebot\__init__.py", line 1408, in get_me
    apihelper.get_me(self.token)
  File "C:\Users\Asus\AppData\Local\Programs\Python\Python314\Mega Downloader\venv\Lib\site-packages\telebot\apihelper.py", line 204, in get_me
    return _make_request(token, method_url)
           ^^^^^^^^^^^^^^^^^^^^^^^^^^^^^^^^
  File "C:\Users\Asus\AppData\Local\Programs\Python\Python314\Mega Downloader\venv\Lib\site-packages\telebot\apihelper.py", line 162, in _make_request
    result = _get_req_session().request(
             ^^^^^^^^^^^^^^^^^^^^^^^^^^^
  File "C:\Users\Asus\AppData\Local\Programs\Python\Python314\Mega Downloader\venv\Lib\site-packages\requests\sessions.py", line 651, in request
    resp = self.send(prep, **send_kwargs)
           ^^^^^^^^^^^^^^^^^^^^^^^^^^^^^^
  File "C:\Users\Asus\AppData\Local\Programs\Python\Python314\Mega Downloader\venv\Lib\site-packages\requests\sessions.py", line 784, in send
    r = adapter.send(request, **kwargs)
        ^^^^^^^^^^^^^^^^^^^^^^^^^^^^^^^
  File "C:\Users\Asus\AppData\Local\Programs\Python\Python314\Mega Downloader\venv\Lib\site-packages\requests\adapters.py", line 729, in send
    raise ConnectionError(e, request=request)
requests.exceptions.ConnectionError: SocksHTTPSConnectionPool(host='api.telegram.org', port=443): Max retries exceeded with url: /bot8893611617:***********************************/getMe (Caused by NewConnectionError("SocksHTTPSConnection(host='api.telegram.org', port=443): Failed to establish a new connection: [WinError 10061] No connection could be made because the target machine actively refused it"))

2026-07-10 12:10:12,396 [ERROR] TeleBot: Exception traceback:
Traceback (most recent call last):
  File "C:\Users\Asus\AppData\Local\Programs\Python\Python314\Mega Downloader\venv\Lib\site-packages\yt_dlp\networking\_requests.py", line 379, in _new_conn
    return create_connection(
           ^^^^^^^^^^^^^^^^^^
  File "C:\Users\Asus\AppData\Local\Programs\Python\Python314\Mega Downloader\venv\Lib\site-packages\yt_dlp\networking\_helper.py", line 269, in create_connection
    raise err
  File "C:\Users\Asus\AppData\Local\Programs\Python\Python314\Mega Downloader\venv\Lib\site-packages\yt_dlp\networking\_helper.py", line 260, in create_connection
    sock = _create_socket_func(ip_addr, timeout, source_address)
           ^^^^^^^^^^^^^^^^^^^^^^^^^^^^^^^^^^^^^^^^^^^^^^^^^^^^^
  File "C:\Users\Asus\AppData\Local\Programs\Python\Python314\Mega Downloader\venv\Lib\site-packages\yt_dlp\networking\_helper.py", line 228, in create_socks_proxy_socket
    sock.connect(dest_addr)
  File "C:\Users\Asus\AppData\Local\Programs\Python\Python314\Mega Downloader\venv\Lib\site-packages\yt_dlp\socks.py", line 271, in connect
    self._make_proxy(socket.socket.connect, address)
  File "C:\Users\Asus\AppData\Local\Programs\Python\Python314\Mega Downloader\venv\Lib\site-packages\yt_dlp\socks.py", line 259, in _make_proxy
    result = connect_func(self, (self._proxy.host, self._proxy.port))
             ^^^^^^^^^^^^^^^^^^^^^^^^^^^^^^^^^^^^^^^^^^^^^^^^^^^^^^^^
ConnectionRefusedError: [WinError 10061] No connection could be made because the target machine actively refused it

The above exception was the direct cause of the following exception:

Traceback (most recent call last):
  File "C:\Users\Asus\AppData\Local\Programs\Python\Python314\Mega Downloader\venv\Lib\site-packages\urllib3\connectionpool.py", line 788, in urlopen
    response = self._make_request(
               ^^^^^^^^^^^^^^^^^^^
  File "C:\Users\Asus\AppData\Local\Programs\Python\Python314\Mega Downloader\venv\Lib\site-packages\urllib3\connectionpool.py", line 488, in _make_request
    raise new_e
  File "C:\Users\Asus\AppData\Local\Programs\Python\Python314\Mega Downloader\venv\Lib\site-packages\urllib3\connectionpool.py", line 464, in _make_request
    self._validate_conn(conn)
  File "C:\Users\Asus\AppData\Local\Programs\Python\Python314\Mega Downloader\venv\Lib\site-packages\urllib3\connectionpool.py", line 1106, in _validate_conn
    conn.connect()
  File "C:\Users\Asus\AppData\Local\Programs\Python\Python314\Mega Downloader\venv\Lib\site-packages\urllib3\connection.py", line 759, in connect
    self.sock = sock = self._new_conn()
                       ^^^^^^^^^^^^^^^^
  File "C:\Users\Asus\AppData\Local\Programs\Python\Python314\Mega Downloader\venv\Lib\site-packages\yt_dlp\networking\_requests.py", line 391, in _new_conn
    raise urllib3.exceptions.NewConnectionError(
urllib3.exceptions.NewConnectionError: SocksHTTPSConnection(host='api.telegram.org', port=443): Failed to establish a new connection: [WinError 10061] No connection could be made because the target machine actively refused it

The above exception was the direct cause of the following exception:

Traceback (most recent call last):
  File "C:\Users\Asus\AppData\Local\Programs\Python\Python314\Mega Downloader\venv\Lib\site-packages\requests\adapters.py", line 696, in send
    resp = conn.urlopen(
           ^^^^^^^^^^^^^
  File "C:\Users\Asus\AppData\Local\Programs\Python\Python314\Mega Downloader\venv\Lib\site-packages\urllib3\connectionpool.py", line 842, in urlopen
    retries = retries.increment(
              ^^^^^^^^^^^^^^^^^^
  File "C:\Users\Asus\AppData\Local\Programs\Python\Python314\Mega Downloader\venv\Lib\site-packages\urllib3\util\retry.py", line 543, in increment
    raise MaxRetryError(_pool, url, reason) from reason  # type: ignore[arg-type]
    ^^^^^^^^^^^^^^^^^^^^^^^^^^^^^^^^^^^^^^^^^^^^^^^^^^^
urllib3.exceptions.MaxRetryError: SocksHTTPSConnectionPool(host='api.telegram.org', port=443): Max retries exceeded with url: /bot8893611617:***********************************/getMe (Caused by NewConnectionError("SocksHTTPSConnection(host='api.telegram.org', port=443): Failed to establish a new connection: [WinError 10061] No connection could be made because the target machine actively refused it"))

During handling of the above exception, another exception occurred:

Traceback (most recent call last):
  File "C:\Users\Asus\AppData\Local\Programs\Python\Python314\Mega Downloader\venv\Lib\site-packages\telebot\__init__.py", line 1136, in infinity_polling
    self.polling(non_stop=True, timeout=timeout, long_polling_timeout=long_polling_timeout,
  File "C:\Users\Asus\AppData\Local\Programs\Python\Python314\Mega Downloader\venv\Lib\site-packages\telebot\__init__.py", line 1221, in polling
    logger.info('Starting your bot with username: [@%s]', self.user.username)
                                                          ^^^^^^^^^
  File "C:\Users\Asus\AppData\Local\Programs\Python\Python314\Mega Downloader\venv\Lib\site-packages\telebot\__init__.py", line 308, in user
    self._user = self.get_me()
                 ^^^^^^^^^^^^^
  File "C:\Users\Asus\AppData\Local\Programs\Python\Python314\Mega Downloader\venv\Lib\site-packages\telebot\__init__.py", line 1408, in get_me
    apihelper.get_me(self.token)
  File "C:\Users\Asus\AppData\Local\Programs\Python\Python314\Mega Downloader\venv\Lib\site-packages\telebot\apihelper.py", line 204, in get_me
    return _make_request(token, method_url)
           ^^^^^^^^^^^^^^^^^^^^^^^^^^^^^^^^
  File "C:\Users\Asus\AppData\Local\Programs\Python\Python314\Mega Downloader\venv\Lib\site-packages\telebot\apihelper.py", line 162, in _make_request
    result = _get_req_session().request(
             ^^^^^^^^^^^^^^^^^^^^^^^^^^^
  File "C:\Users\Asus\AppData\Local\Programs\Python\Python314\Mega Downloader\venv\Lib\site-packages\requests\sessions.py", line 651, in request
    resp = self.send(prep, **send_kwargs)
           ^^^^^^^^^^^^^^^^^^^^^^^^^^^^^^
  File "C:\Users\Asus\AppData\Local\Programs\Python\Python314\Mega Downloader\venv\Lib\site-packages\requests\sessions.py", line 784, in send
    r = adapter.send(request, **kwargs)
        ^^^^^^^^^^^^^^^^^^^^^^^^^^^^^^^
  File "C:\Users\Asus\AppData\Local\Programs\Python\Python314\Mega Downloader\venv\Lib\site-packages\requests\adapters.py", line 729, in send
    raise ConnectionError(e, request=request)
requests.exceptions.ConnectionError: SocksHTTPSConnectionPool(host='api.telegram.org', port=443): Max retries exceeded with url: /bot8893611617:***********************************/getMe (Caused by NewConnectionError("SocksHTTPSConnection(host='api.telegram.org', port=443): Failed to establish a new connection: [WinError 10061] No connection could be made because the target machine actively refused it"))

2026-07-10 12:10:17,436 [ERROR] TeleBot: Exception traceback:
Traceback (most recent call last):
  File "C:\Users\Asus\AppData\Local\Programs\Python\Python314\Mega Downloader\venv\Lib\site-packages\yt_dlp\networking\_requests.py", line 379, in _new_conn
    return create_connection(
           ^^^^^^^^^^^^^^^^^^
  File "C:\Users\Asus\AppData\Local\Programs\Python\Python314\Mega Downloader\venv\Lib\site-packages\yt_dlp\networking\_helper.py", line 269, in create_connection
    raise err
  File "C:\Users\Asus\AppData\Local\Programs\Python\Python314\Mega Downloader\venv\Lib\site-packages\yt_dlp\networking\_helper.py", line 260, in create_connection
    sock = _create_socket_func(ip_addr, timeout, source_address)
           ^^^^^^^^^^^^^^^^^^^^^^^^^^^^^^^^^^^^^^^^^^^^^^^^^^^^^
  File "C:\Users\Asus\AppData\Local\Programs\Python\Python314\Mega Downloader\venv\Lib\site-packages\yt_dlp\networking\_helper.py", line 228, in create_socks_proxy_socket
    sock.connect(dest_addr)
  File "C:\Users\Asus\AppData\Local\Programs\Python\Python314\Mega Downloader\venv\Lib\site-packages\yt_dlp\socks.py", line 271, in connect
    self._make_proxy(socket.socket.connect, address)
  File "C:\Users\Asus\AppData\Local\Programs\Python\Python314\Mega Downloader\venv\Lib\site-packages\yt_dlp\socks.py", line 259, in _make_proxy
    result = connect_func(self, (self._proxy.host, self._proxy.port))
             ^^^^^^^^^^^^^^^^^^^^^^^^^^^^^^^^^^^^^^^^^^^^^^^^^^^^^^^^
ConnectionRefusedError: [WinError 10061] No connection could be made because the target machine actively refused it

The above exception was the direct cause of the following exception:

Traceback (most recent call last):
  File "C:\Users\Asus\AppData\Local\Programs\Python\Python314\Mega Downloader\venv\Lib\site-packages\urllib3\connectionpool.py", line 788, in urlopen
    response = self._make_request(
               ^^^^^^^^^^^^^^^^^^^
  File "C:\Users\Asus\AppData\Local\Programs\Python\Python314\Mega Downloader\venv\Lib\site-packages\urllib3\connectionpool.py", line 488, in _make_request
    raise new_e
  File "C:\Users\Asus\AppData\Local\Programs\Python\Python314\Mega Downloader\venv\Lib\site-packages\urllib3\connectionpool.py", line 464, in _make_request
    self._validate_conn(conn)
  File "C:\Users\Asus\AppData\Local\Programs\Python\Python314\Mega Downloader\venv\Lib\site-packages\urllib3\connectionpool.py", line 1106, in _validate_conn
    conn.connect()
  File "C:\Users\Asus\AppData\Local\Programs\Python\Python314\Mega Downloader\venv\Lib\site-packages\urllib3\connection.py", line 759, in connect
    self.sock = sock = self._new_conn()
                       ^^^^^^^^^^^^^^^^
  File "C:\Users\Asus\AppData\Local\Programs\Python\Python314\Mega Downloader\venv\Lib\site-packages\yt_dlp\networking\_requests.py", line 391, in _new_conn
    raise urllib3.exceptions.NewConnectionError(
urllib3.exceptions.NewConnectionError: SocksHTTPSConnection(host='api.telegram.org', port=443): Failed to establish a new connection: [WinError 10061] No connection could be made because the target machine actively refused it

The above exception was the direct cause of the following exception:

Traceback (most recent call last):
  File "C:\Users\Asus\AppData\Local\Programs\Python\Python314\Mega Downloader\venv\Lib\site-packages\requests\adapters.py", line 696, in send
    resp = conn.urlopen(
           ^^^^^^^^^^^^^
  File "C:\Users\Asus\AppData\Local\Programs\Python\Python314\Mega Downloader\venv\Lib\site-packages\urllib3\connectionpool.py", line 842, in urlopen
    retries = retries.increment(
              ^^^^^^^^^^^^^^^^^^
  File "C:\Users\Asus\AppData\Local\Programs\Python\Python314\Mega Downloader\venv\Lib\site-packages\urllib3\util\retry.py", line 543, in increment
    raise MaxRetryError(_pool, url, reason) from reason  # type: ignore[arg-type]
    ^^^^^^^^^^^^^^^^^^^^^^^^^^^^^^^^^^^^^^^^^^^^^^^^^^^
urllib3.exceptions.MaxRetryError: SocksHTTPSConnectionPool(host='api.telegram.org', port=443): Max retries exceeded with url: /bot8893611617:***********************************/getMe (Caused by NewConnectionError("SocksHTTPSConnection(host='api.telegram.org', port=443): Failed to establish a new connection: [WinError 10061] No connection could be made because the target machine actively refused it"))

During handling of the above exception, another exception occurred:

Traceback (most recent call last):
  File "C:\Users\Asus\AppData\Local\Programs\Python\Python314\Mega Downloader\venv\Lib\site-packages\telebot\__init__.py", line 1136, in infinity_polling
    self.polling(non_stop=True, timeout=timeout, long_polling_timeout=long_polling_timeout,
  File "C:\Users\Asus\AppData\Local\Programs\Python\Python314\Mega Downloader\venv\Lib\site-packages\telebot\__init__.py", line 1221, in polling
    logger.info('Starting your bot with username: [@%s]', self.user.username)
                                                          ^^^^^^^^^
  File "C:\Users\Asus\AppData\Local\Programs\Python\Python314\Mega Downloader\venv\Lib\site-packages\telebot\__init__.py", line 308, in user
    self._user = self.get_me()
                 ^^^^^^^^^^^^^
  File "C:\Users\Asus\AppData\Local\Programs\Python\Python314\Mega Downloader\venv\Lib\site-packages\telebot\__init__.py", line 1408, in get_me
    apihelper.get_me(self.token)
  File "C:\Users\Asus\AppData\Local\Programs\Python\Python314\Mega Downloader\venv\Lib\site-packages\telebot\apihelper.py", line 204, in get_me
    return _make_request(token, method_url)
           ^^^^^^^^^^^^^^^^^^^^^^^^^^^^^^^^
  File "C:\Users\Asus\AppData\Local\Programs\Python\Python314\Mega Downloader\venv\Lib\site-packages\telebot\apihelper.py", line 162, in _make_request
    result = _get_req_session().request(
             ^^^^^^^^^^^^^^^^^^^^^^^^^^^
  File "C:\Users\Asus\AppData\Local\Programs\Python\Python314\Mega Downloader\venv\Lib\site-packages\requests\sessions.py", line 651, in request
    resp = self.send(prep, **send_kwargs)
           ^^^^^^^^^^^^^^^^^^^^^^^^^^^^^^
  File "C:\Users\Asus\AppData\Local\Programs\Python\Python314\Mega Downloader\venv\Lib\site-packages\requests\sessions.py", line 784, in send
    r = adapter.send(request, **kwargs)
        ^^^^^^^^^^^^^^^^^^^^^^^^^^^^^^^
  File "C:\Users\Asus\AppData\Local\Programs\Python\Python314\Mega Downloader\venv\Lib\site-packages\requests\adapters.py", line 729, in send
    raise ConnectionError(e, request=request)
requests.exceptions.ConnectionError: SocksHTTPSConnectionPool(host='api.telegram.org', port=443): Max retries exceeded with url: /bot8893611617:***********************************/getMe (Caused by NewConnectionError("SocksHTTPSConnection(host='api.telegram.org', port=443): Failed to establish a new connection: [WinError 10061] No connection could be made because the target machine actively refused it"))

2026-07-10 12:10:22,494 [ERROR] TeleBot: Exception traceback:
Traceback (most recent call last):
  File "C:\Users\Asus\AppData\Local\Programs\Python\Python314\Mega Downloader\venv\Lib\site-packages\yt_dlp\networking\_requests.py", line 379, in _new_conn
    return create_connection(
           ^^^^^^^^^^^^^^^^^^
  File "C:\Users\Asus\AppData\Local\Programs\Python\Python314\Mega Downloader\venv\Lib\site-packages\yt_dlp\networking\_helper.py", line 269, in create_connection
    raise err
  File "C:\Users\Asus\AppData\Local\Programs\Python\Python314\Mega Downloader\venv\Lib\site-packages\yt_dlp\networking\_helper.py", line 260, in create_connection
    sock = _create_socket_func(ip_addr, timeout, source_address)
           ^^^^^^^^^^^^^^^^^^^^^^^^^^^^^^^^^^^^^^^^^^^^^^^^^^^^^
  File "C:\Users\Asus\AppData\Local\Programs\Python\Python314\Mega Downloader\venv\Lib\site-packages\yt_dlp\networking\_helper.py", line 228, in create_socks_proxy_socket
    sock.connect(dest_addr)
  File "C:\Users\Asus\AppData\Local\Programs\Python\Python314\Mega Downloader\venv\Lib\site-packages\yt_dlp\socks.py", line 271, in connect
    self._make_proxy(socket.socket.connect, address)
  File "C:\Users\Asus\AppData\Local\Programs\Python\Python314\Mega Downloader\venv\Lib\site-packages\yt_dlp\socks.py", line 259, in _make_proxy
    result = connect_func(self, (self._proxy.host, self._proxy.port))
             ^^^^^^^^^^^^^^^^^^^^^^^^^^^^^^^^^^^^^^^^^^^^^^^^^^^^^^^^
ConnectionRefusedError: [WinError 10061] No connection could be made because the target machine actively refused it

The above exception was the direct cause of the following exception:

Traceback (most recent call last):
  File "C:\Users\Asus\AppData\Local\Programs\Python\Python314\Mega Downloader\venv\Lib\site-packages\urllib3\connectionpool.py", line 788, in urlopen
    response = self._make_request(
               ^^^^^^^^^^^^^^^^^^^
  File "C:\Users\Asus\AppData\Local\Programs\Python\Python314\Mega Downloader\venv\Lib\site-packages\urllib3\connectionpool.py", line 488, in _make_request
    raise new_e
  File "C:\Users\Asus\AppData\Local\Programs\Python\Python314\Mega Downloader\venv\Lib\site-packages\urllib3\connectionpool.py", line 464, in _make_request
    self._validate_conn(conn)
  File "C:\Users\Asus\AppData\Local\Programs\Python\Python314\Mega Downloader\venv\Lib\site-packages\urllib3\connectionpool.py", line 1106, in _validate_conn
    conn.connect()
  File "C:\Users\Asus\AppData\Local\Programs\Python\Python314\Mega Downloader\venv\Lib\site-packages\urllib3\connection.py", line 759, in connect
    self.sock = sock = self._new_conn()
                       ^^^^^^^^^^^^^^^^
  File "C:\Users\Asus\AppData\Local\Programs\Python\Python314\Mega Downloader\venv\Lib\site-packages\yt_dlp\networking\_requests.py", line 391, in _new_conn
    raise urllib3.exceptions.NewConnectionError(
urllib3.exceptions.NewConnectionError: SocksHTTPSConnection(host='api.telegram.org', port=443): Failed to establish a new connection: [WinError 10061] No connection could be made because the target machine actively refused it

The above exception was the direct cause of the following exception:

Traceback (most recent call last):
  File "C:\Users\Asus\AppData\Local\Programs\Python\Python314\Mega Downloader\venv\Lib\site-packages\requests\adapters.py", line 696, in send
    resp = conn.urlopen(
           ^^^^^^^^^^^^^
  File "C:\Users\Asus\AppData\Local\Programs\Python\Python314\Mega Downloader\venv\Lib\site-packages\urllib3\connectionpool.py", line 842, in urlopen
    retries = retries.increment(
              ^^^^^^^^^^^^^^^^^^
  File "C:\Users\Asus\AppData\Local\Programs\Python\Python314\Mega Downloader\venv\Lib\site-packages\urllib3\util\retry.py", line 543, in increment
    raise MaxRetryError(_pool, url, reason) from reason  # type: ignore[arg-type]
    ^^^^^^^^^^^^^^^^^^^^^^^^^^^^^^^^^^^^^^^^^^^^^^^^^^^
urllib3.exceptions.MaxRetryError: SocksHTTPSConnectionPool(host='api.telegram.org', port=443): Max retries exceeded with url: /bot8893611617:***********************************/getMe (Caused by NewConnectionError("SocksHTTPSConnection(host='api.telegram.org', port=443): Failed to establish a new connection: [WinError 10061] No connection could be made because the target machine actively refused it"))

During handling of the above exception, another exception occurred:

Traceback (most recent call last):
  File "C:\Users\Asus\AppData\Local\Programs\Python\Python314\Mega Downloader\venv\Lib\site-packages\telebot\__init__.py", line 1136, in infinity_polling
    self.polling(non_stop=True, timeout=timeout, long_polling_timeout=long_polling_timeout,
  File "C:\Users\Asus\AppData\Local\Programs\Python\Python314\Mega Downloader\venv\Lib\site-packages\telebot\__init__.py", line 1221, in polling
    logger.info('Starting your bot with username: [@%s]', self.user.username)
                                                          ^^^^^^^^^
  File "C:\Users\Asus\AppData\Local\Programs\Python\Python314\Mega Downloader\venv\Lib\site-packages\telebot\__init__.py", line 308, in user
    self._user = self.get_me()
                 ^^^^^^^^^^^^^
  File "C:\Users\Asus\AppData\Local\Programs\Python\Python314\Mega Downloader\venv\Lib\site-packages\telebot\__init__.py", line 1408, in get_me
    apihelper.get_me(self.token)
  File "C:\Users\Asus\AppData\Local\Programs\Python\Python314\Mega Downloader\venv\Lib\site-packages\telebot\apihelper.py", line 204, in get_me
    return _make_request(token, method_url)
           ^^^^^^^^^^^^^^^^^^^^^^^^^^^^^^^^
  File "C:\Users\Asus\AppData\Local\Programs\Python\Python314\Mega Downloader\venv\Lib\site-packages\telebot\apihelper.py", line 162, in _make_request
    result = _get_req_session().request(
             ^^^^^^^^^^^^^^^^^^^^^^^^^^^
  File "C:\Users\Asus\AppData\Local\Programs\Python\Python314\Mega Downloader\venv\Lib\site-packages\requests\sessions.py", line 651, in request
    resp = self.send(prep, **send_kwargs)
           ^^^^^^^^^^^^^^^^^^^^^^^^^^^^^^
  File "C:\Users\Asus\AppData\Local\Programs\Python\Python314\Mega Downloader\venv\Lib\site-packages\requests\sessions.py", line 784, in send
    r = adapter.send(request, **kwargs)
        ^^^^^^^^^^^^^^^^^^^^^^^^^^^^^^^
  File "C:\Users\Asus\AppData\Local\Programs\Python\Python314\Mega Downloader\venv\Lib\site-packages\requests\adapters.py", line 729, in send
    raise ConnectionError(e, request=request)
requests.exceptions.ConnectionError: SocksHTTPSConnectionPool(host='api.telegram.org', port=443): Max retries exceeded with url: /bot8893611617:***********************************/getMe (Caused by NewConnectionError("SocksHTTPSConnection(host='api.telegram.org', port=443): Failed to establish a new connection: [WinError 10061] No connection could be made because the target machine actively refused it"))

2026-07-10 12:10:27,537 [ERROR] TeleBot: Exception traceback:
Traceback (most recent call last):
  File "C:\Users\Asus\AppData\Local\Programs\Python\Python314\Mega Downloader\venv\Lib\site-packages\yt_dlp\networking\_requests.py", line 379, in _new_conn
    return create_connection(
           ^^^^^^^^^^^^^^^^^^
  File "C:\Users\Asus\AppData\Local\Programs\Python\Python314\Mega Downloader\venv\Lib\site-packages\yt_dlp\networking\_helper.py", line 269, in create_connection
    raise err
  File "C:\Users\Asus\AppData\Local\Programs\Python\Python314\Mega Downloader\venv\Lib\site-packages\yt_dlp\networking\_helper.py", line 260, in create_connection
    sock = _create_socket_func(ip_addr, timeout, source_address)
           ^^^^^^^^^^^^^^^^^^^^^^^^^^^^^^^^^^^^^^^^^^^^^^^^^^^^^
  File "C:\Users\Asus\AppData\Local\Programs\Python\Python314\Mega Downloader\venv\Lib\site-packages\yt_dlp\networking\_helper.py", line 228, in create_socks_proxy_socket
    sock.connect(dest_addr)
  File "C:\Users\Asus\AppData\Local\Programs\Python\Python314\Mega Downloader\venv\Lib\site-packages\yt_dlp\socks.py", line 271, in connect
    self._make_proxy(socket.socket.connect, address)
  File "C:\Users\Asus\AppData\Local\Programs\Python\Python314\Mega Downloader\venv\Lib\site-packages\yt_dlp\socks.py", line 259, in _make_proxy
    result = connect_func(self, (self._proxy.host, self._proxy.port))
             ^^^^^^^^^^^^^^^^^^^^^^^^^^^^^^^^^^^^^^^^^^^^^^^^^^^^^^^^
ConnectionRefusedError: [WinError 10061] No connection could be made because the target machine actively refused it

The above exception was the direct cause of the following exception:

Traceback (most recent call last):
  File "C:\Users\Asus\AppData\Local\Programs\Python\Python314\Mega Downloader\venv\Lib\site-packages\urllib3\connectionpool.py", line 788, in urlopen
    response = self._make_request(
               ^^^^^^^^^^^^^^^^^^^
  File "C:\Users\Asus\AppData\Local\Programs\Python\Python314\Mega Downloader\venv\Lib\site-packages\urllib3\connectionpool.py", line 488, in _make_request
    raise new_e
  File "C:\Users\Asus\AppData\Local\Programs\Python\Python314\Mega Downloader\venv\Lib\site-packages\urllib3\connectionpool.py", line 464, in _make_request
    self._validate_conn(conn)
  File "C:\Users\Asus\AppData\Local\Programs\Python\Python314\Mega Downloader\venv\Lib\site-packages\urllib3\connectionpool.py", line 1106, in _validate_conn
    conn.connect()
  File "C:\Users\Asus\AppData\Local\Programs\Python\Python314\Mega Downloader\venv\Lib\site-packages\urllib3\connection.py", line 759, in connect
    self.sock = sock = self._new_conn()
                       ^^^^^^^^^^^^^^^^
  File "C:\Users\Asus\AppData\Local\Programs\Python\Python314\Mega Downloader\venv\Lib\site-packages\yt_dlp\networking\_requests.py", line 391, in _new_conn
    raise urllib3.exceptions.NewConnectionError(
urllib3.exceptions.NewConnectionError: SocksHTTPSConnection(host='api.telegram.org', port=443): Failed to establish a new connection: [WinError 10061] No connection could be made because the target machine actively refused it

The above exception was the direct cause of the following exception:

Traceback (most recent call last):
  File "C:\Users\Asus\AppData\Local\Programs\Python\Python314\Mega Downloader\venv\Lib\site-packages\requests\adapters.py", line 696, in send
    resp = conn.urlopen(
           ^^^^^^^^^^^^^
  File "C:\Users\Asus\AppData\Local\Programs\Python\Python314\Mega Downloader\venv\Lib\site-packages\urllib3\connectionpool.py", line 842, in urlopen
    retries = retries.increment(
              ^^^^^^^^^^^^^^^^^^
  File "C:\Users\Asus\AppData\Local\Programs\Python\Python314\Mega Downloader\venv\Lib\site-packages\urllib3\util\retry.py", line 543, in increment
    raise MaxRetryError(_pool, url, reason) from reason  # type: ignore[arg-type]
    ^^^^^^^^^^^^^^^^^^^^^^^^^^^^^^^^^^^^^^^^^^^^^^^^^^^
urllib3.exceptions.MaxRetryError: SocksHTTPSConnectionPool(host='api.telegram.org', port=443): Max retries exceeded with url: /bot8893611617:***********************************/getMe (Caused by NewConnectionError("SocksHTTPSConnection(host='api.telegram.org', port=443): Failed to establish a new connection: [WinError 10061] No connection could be made because the target machine actively refused it"))

During handling of the above exception, another exception occurred:

Traceback (most recent call last):
  File "C:\Users\Asus\AppData\Local\Programs\Python\Python314\Mega Downloader\venv\Lib\site-packages\telebot\__init__.py", line 1136, in infinity_polling
    self.polling(non_stop=True, timeout=timeout, long_polling_timeout=long_polling_timeout,
  File "C:\Users\Asus\AppData\Local\Programs\Python\Python314\Mega Downloader\venv\Lib\site-packages\telebot\__init__.py", line 1221, in polling
    logger.info('Starting your bot with username: [@%s]', self.user.username)
                                                          ^^^^^^^^^
  File "C:\Users\Asus\AppData\Local\Programs\Python\Python314\Mega Downloader\venv\Lib\site-packages\telebot\__init__.py", line 308, in user
    self._user = self.get_me()
                 ^^^^^^^^^^^^^
  File "C:\Users\Asus\AppData\Local\Programs\Python\Python314\Mega Downloader\venv\Lib\site-packages\telebot\__init__.py", line 1408, in get_me
    apihelper.get_me(self.token)
  File "C:\Users\Asus\AppData\Local\Programs\Python\Python314\Mega Downloader\venv\Lib\site-packages\telebot\apihelper.py", line 204, in get_me
    return _make_request(token, method_url)
           ^^^^^^^^^^^^^^^^^^^^^^^^^^^^^^^^
  File "C:\Users\Asus\AppData\Local\Programs\Python\Python314\Mega Downloader\venv\Lib\site-packages\telebot\apihelper.py", line 162, in _make_request
    result = _get_req_session().request(
             ^^^^^^^^^^^^^^^^^^^^^^^^^^^
  File "C:\Users\Asus\AppData\Local\Programs\Python\Python314\Mega Downloader\venv\Lib\site-packages\requests\sessions.py", line 651, in request
    resp = self.send(prep, **send_kwargs)
           ^^^^^^^^^^^^^^^^^^^^^^^^^^^^^^
  File "C:\Users\Asus\AppData\Local\Programs\Python\Python314\Mega Downloader\venv\Lib\site-packages\requests\sessions.py", line 784, in send
    r = adapter.send(request, **kwargs)
        ^^^^^^^^^^^^^^^^^^^^^^^^^^^^^^^
  File "C:\Users\Asus\AppData\Local\Programs\Python\Python314\Mega Downloader\venv\Lib\site-packages\requests\adapters.py", line 729, in send
    raise ConnectionError(e, request=request)
requests.exceptions.ConnectionError: SocksHTTPSConnectionPool(host='api.telegram.org', port=443): Max retries exceeded with url: /bot8893611617:***********************************/getMe (Caused by NewConnectionError("SocksHTTPSConnection(host='api.telegram.org', port=443): Failed to establish a new connection: [WinError 10061] No connection could be made because the target machine actively refused it"))

2026-07-10 12:10:32,610 [ERROR] TeleBot: Exception traceback:
Traceback (most recent call last):
  File "C:\Users\Asus\AppData\Local\Programs\Python\Python314\Mega Downloader\venv\Lib\site-packages\yt_dlp\networking\_requests.py", line 379, in _new_conn
    return create_connection(
           ^^^^^^^^^^^^^^^^^^
  File "C:\Users\Asus\AppData\Local\Programs\Python\Python314\Mega Downloader\venv\Lib\site-packages\yt_dlp\networking\_helper.py", line 269, in create_connection
    raise err
  File "C:\Users\Asus\AppData\Local\Programs\Python\Python314\Mega Downloader\venv\Lib\site-packages\yt_dlp\networking\_helper.py", line 260, in create_connection
    sock = _create_socket_func(ip_addr, timeout, source_address)
           ^^^^^^^^^^^^^^^^^^^^^^^^^^^^^^^^^^^^^^^^^^^^^^^^^^^^^
  File "C:\Users\Asus\AppData\Local\Programs\Python\Python314\Mega Downloader\venv\Lib\site-packages\yt_dlp\networking\_helper.py", line 228, in create_socks_proxy_socket
    sock.connect(dest_addr)
  File "C:\Users\Asus\AppData\Local\Programs\Python\Python314\Mega Downloader\venv\Lib\site-packages\yt_dlp\socks.py", line 271, in connect
    self._make_proxy(socket.socket.connect, address)
  File "C:\Users\Asus\AppData\Local\Programs\Python\Python314\Mega Downloader\venv\Lib\site-packages\yt_dlp\socks.py", line 259, in _make_proxy
    result = connect_func(self, (self._proxy.host, self._proxy.port))
             ^^^^^^^^^^^^^^^^^^^^^^^^^^^^^^^^^^^^^^^^^^^^^^^^^^^^^^^^
ConnectionRefusedError: [WinError 10061] No connection could be made because the target machine actively refused it

The above exception was the direct cause of the following exception:

Traceback (most recent call last):
  File "C:\Users\Asus\AppData\Local\Programs\Python\Python314\Mega Downloader\venv\Lib\site-packages\urllib3\connectionpool.py", line 788, in urlopen
    response = self._make_request(
               ^^^^^^^^^^^^^^^^^^^
  File "C:\Users\Asus\AppData\Local\Programs\Python\Python314\Mega Downloader\venv\Lib\site-packages\urllib3\connectionpool.py", line 488, in _make_request
    raise new_e
  File "C:\Users\Asus\AppData\Local\Programs\Python\Python314\Mega Downloader\venv\Lib\site-packages\urllib3\connectionpool.py", line 464, in _make_request
    self._validate_conn(conn)
  File "C:\Users\Asus\AppData\Local\Programs\Python\Python314\Mega Downloader\venv\Lib\site-packages\urllib3\connectionpool.py", line 1106, in _validate_conn
    conn.connect()
  File "C:\Users\Asus\AppData\Local\Programs\Python\Python314\Mega Downloader\venv\Lib\site-packages\urllib3\connection.py", line 759, in connect
    self.sock = sock = self._new_conn()
                       ^^^^^^^^^^^^^^^^
  File "C:\Users\Asus\AppData\Local\Programs\Python\Python314\Mega Downloader\venv\Lib\site-packages\yt_dlp\networking\_requests.py", line 391, in _new_conn
    raise urllib3.exceptions.NewConnectionError(
urllib3.exceptions.NewConnectionError: SocksHTTPSConnection(host='api.telegram.org', port=443): Failed to establish a new connection: [WinError 10061] No connection could be made because the target machine actively refused it

The above exception was the direct cause of the following exception:

Traceback (most recent call last):
  File "C:\Users\Asus\AppData\Local\Programs\Python\Python314\Mega Downloader\venv\Lib\site-packages\requests\adapters.py", line 696, in send
    resp = conn.urlopen(
           ^^^^^^^^^^^^^
  File "C:\Users\Asus\AppData\Local\Programs\Python\Python314\Mega Downloader\venv\Lib\site-packages\urllib3\connectionpool.py", line 842, in urlopen
    retries = retries.increment(
              ^^^^^^^^^^^^^^^^^^
  File "C:\Users\Asus\AppData\Local\Programs\Python\Python314\Mega Downloader\venv\Lib\site-packages\urllib3\util\retry.py", line 543, in increment
    raise MaxRetryError(_pool, url, reason) from reason  # type: ignore[arg-type]
    ^^^^^^^^^^^^^^^^^^^^^^^^^^^^^^^^^^^^^^^^^^^^^^^^^^^
urllib3.exceptions.MaxRetryError: SocksHTTPSConnectionPool(host='api.telegram.org', port=443): Max retries exceeded with url: /bot8893611617:***********************************/getMe (Caused by NewConnectionError("SocksHTTPSConnection(host='api.telegram.org', port=443): Failed to establish a new connection: [WinError 10061] No connection could be made because the target machine actively refused it"))

During handling of the above exception, another exception occurred:

Traceback (most recent call last):
  File "C:\Users\Asus\AppData\Local\Programs\Python\Python314\Mega Downloader\venv\Lib\site-packages\telebot\__init__.py", line 1136, in infinity_polling
    self.polling(non_stop=True, timeout=timeout, long_polling_timeout=long_polling_timeout,
  File "C:\Users\Asus\AppData\Local\Programs\Python\Python314\Mega Downloader\venv\Lib\site-packages\telebot\__init__.py", line 1221, in polling
    logger.info('Starting your bot with username: [@%s]', self.user.username)
                                                          ^^^^^^^^^
  File "C:\Users\Asus\AppData\Local\Programs\Python\Python314\Mega Downloader\venv\Lib\site-packages\telebot\__init__.py", line 308, in user
    self._user = self.get_me()
                 ^^^^^^^^^^^^^
  File "C:\Users\Asus\AppData\Local\Programs\Python\Python314\Mega Downloader\venv\Lib\site-packages\telebot\__init__.py", line 1408, in get_me
    apihelper.get_me(self.token)
  File "C:\Users\Asus\AppData\Local\Programs\Python\Python314\Mega Downloader\venv\Lib\site-packages\telebot\apihelper.py", line 204, in get_me
    return _make_request(token, method_url)
           ^^^^^^^^^^^^^^^^^^^^^^^^^^^^^^^^
  File "C:\Users\Asus\AppData\Local\Programs\Python\Python314\Mega Downloader\venv\Lib\site-packages\telebot\apihelper.py", line 162, in _make_request
    result = _get_req_session().request(
             ^^^^^^^^^^^^^^^^^^^^^^^^^^^
  File "C:\Users\Asus\AppData\Local\Programs\Python\Python314\Mega Downloader\venv\Lib\site-packages\requests\sessions.py", line 651, in request
    resp = self.send(prep, **send_kwargs)
           ^^^^^^^^^^^^^^^^^^^^^^^^^^^^^^
  File "C:\Users\Asus\AppData\Local\Programs\Python\Python314\Mega Downloader\venv\Lib\site-packages\requests\sessions.py", line 784, in send
    r = adapter.send(request, **kwargs)
        ^^^^^^^^^^^^^^^^^^^^^^^^^^^^^^^
  File "C:\Users\Asus\AppData\Local\Programs\Python\Python314\Mega Downloader\venv\Lib\site-packages\requests\adapters.py", line 729, in send
    raise ConnectionError(e, request=request)
requests.exceptions.ConnectionError: SocksHTTPSConnectionPool(host='api.telegram.org', port=443): Max retries exceeded with url: /bot8893611617:***********************************/getMe (Caused by NewConnectionError("SocksHTTPSConnection(host='api.telegram.org', port=443): Failed to establish a new connection: [WinError 10061] No connection could be made because the target machine actively refused it"))

2026-07-10 12:10:37,649 [ERROR] TeleBot: Exception traceback:
Traceback (most recent call last):
  File "C:\Users\Asus\AppData\Local\Programs\Python\Python314\Mega Downloader\venv\Lib\site-packages\yt_dlp\networking\_requests.py", line 379, in _new_conn
    return create_connection(
           ^^^^^^^^^^^^^^^^^^
  File "C:\Users\Asus\AppData\Local\Programs\Python\Python314\Mega Downloader\venv\Lib\site-packages\yt_dlp\networking\_helper.py", line 269, in create_connection
    raise err
  File "C:\Users\Asus\AppData\Local\Programs\Python\Python314\Mega Downloader\venv\Lib\site-packages\yt_dlp\networking\_helper.py", line 260, in create_connection
    sock = _create_socket_func(ip_addr, timeout, source_address)
           ^^^^^^^^^^^^^^^^^^^^^^^^^^^^^^^^^^^^^^^^^^^^^^^^^^^^^
  File "C:\Users\Asus\AppData\Local\Programs\Python\Python314\Mega Downloader\venv\Lib\site-packages\yt_dlp\networking\_helper.py", line 228, in create_socks_proxy_socket
    sock.connect(dest_addr)
  File "C:\Users\Asus\AppData\Local\Programs\Python\Python314\Mega Downloader\venv\Lib\site-packages\yt_dlp\socks.py", line 271, in connect
    self._make_proxy(socket.socket.connect, address)
  File "C:\Users\Asus\AppData\Local\Programs\Python\Python314\Mega Downloader\venv\Lib\site-packages\yt_dlp\socks.py", line 259, in _make_proxy
    result = connect_func(self, (self._proxy.host, self._proxy.port))
             ^^^^^^^^^^^^^^^^^^^^^^^^^^^^^^^^^^^^^^^^^^^^^^^^^^^^^^^^
ConnectionRefusedError: [WinError 10061] No connection could be made because the target machine actively refused it

The above exception was the direct cause of the following exception:

Traceback (most recent call last):
  File "C:\Users\Asus\AppData\Local\Programs\Python\Python314\Mega Downloader\venv\Lib\site-packages\urllib3\connectionpool.py", line 788, in urlopen
    response = self._make_request(
               ^^^^^^^^^^^^^^^^^^^
  File "C:\Users\Asus\AppData\Local\Programs\Python\Python314\Mega Downloader\venv\Lib\site-packages\urllib3\connectionpool.py", line 488, in _make_request
    raise new_e
  File "C:\Users\Asus\AppData\Local\Programs\Python\Python314\Mega Downloader\venv\Lib\site-packages\urllib3\connectionpool.py", line 464, in _make_request
    self._validate_conn(conn)
  File "C:\Users\Asus\AppData\Local\Programs\Python\Python314\Mega Downloader\venv\Lib\site-packages\urllib3\connectionpool.py", line 1106, in _validate_conn
    conn.connect()
  File "C:\Users\Asus\AppData\Local\Programs\Python\Python314\Mega Downloader\venv\Lib\site-packages\urllib3\connection.py", line 759, in connect
    self.sock = sock = self._new_conn()
                       ^^^^^^^^^^^^^^^^
  File "C:\Users\Asus\AppData\Local\Programs\Python\Python314\Mega Downloader\venv\Lib\site-packages\yt_dlp\networking\_requests.py", line 391, in _new_conn
    raise urllib3.exceptions.NewConnectionError(
urllib3.exceptions.NewConnectionError: SocksHTTPSConnection(host='api.telegram.org', port=443): Failed to establish a new connection: [WinError 10061] No connection could be made because the target machine actively refused it

The above exception was the direct cause of the following exception:

Traceback (most recent call last):
  File "C:\Users\Asus\AppData\Local\Programs\Python\Python314\Mega Downloader\venv\Lib\site-packages\requests\adapters.py", line 696, in send
    resp = conn.urlopen(
           ^^^^^^^^^^^^^
  File "C:\Users\Asus\AppData\Local\Programs\Python\Python314\Mega Downloader\venv\Lib\site-packages\urllib3\connectionpool.py", line 842, in urlopen
    retries = retries.increment(
              ^^^^^^^^^^^^^^^^^^
  File "C:\Users\Asus\AppData\Local\Programs\Python\Python314\Mega Downloader\venv\Lib\site-packages\urllib3\util\retry.py", line 543, in increment
    raise MaxRetryError(_pool, url, reason) from reason  # type: ignore[arg-type]
    ^^^^^^^^^^^^^^^^^^^^^^^^^^^^^^^^^^^^^^^^^^^^^^^^^^^
urllib3.exceptions.MaxRetryError: SocksHTTPSConnectionPool(host='api.telegram.org', port=443): Max retries exceeded with url: /bot8893611617:***********************************/getMe (Caused by NewConnectionError("SocksHTTPSConnection(host='api.telegram.org', port=443): Failed to establish a new connection: [WinError 10061] No connection could be made because the target machine actively refused it"))

During handling of the above exception, another exception occurred:

Traceback (most recent call last):
  File "C:\Users\Asus\AppData\Local\Programs\Python\Python314\Mega Downloader\venv\Lib\site-packages\telebot\__init__.py", line 1136, in infinity_polling
    self.polling(non_stop=True, timeout=timeout, long_polling_timeout=long_polling_timeout,
  File "C:\Users\Asus\AppData\Local\Programs\Python\Python314\Mega Downloader\venv\Lib\site-packages\telebot\__init__.py", line 1221, in polling
    logger.info('Starting your bot with username: [@%s]', self.user.username)
                                                          ^^^^^^^^^
  File "C:\Users\Asus\AppData\Local\Programs\Python\Python314\Mega Downloader\venv\Lib\site-packages\telebot\__init__.py", line 308, in user
    self._user = self.get_me()
                 ^^^^^^^^^^^^^
  File "C:\Users\Asus\AppData\Local\Programs\Python\Python314\Mega Downloader\venv\Lib\site-packages\telebot\__init__.py", line 1408, in get_me
    apihelper.get_me(self.token)
  File "C:\Users\Asus\AppData\Local\Programs\Python\Python314\Mega Downloader\venv\Lib\site-packages\telebot\apihelper.py", line 204, in get_me
    return _make_request(token, method_url)
           ^^^^^^^^^^^^^^^^^^^^^^^^^^^^^^^^
  File "C:\Users\Asus\AppData\Local\Programs\Python\Python314\Mega Downloader\venv\Lib\site-packages\telebot\apihelper.py", line 162, in _make_request
    result = _get_req_session().request(
             ^^^^^^^^^^^^^^^^^^^^^^^^^^^
  File "C:\Users\Asus\AppData\Local\Programs\Python\Python314\Mega Downloader\venv\Lib\site-packages\requests\sessions.py", line 651, in request
    resp = self.send(prep, **send_kwargs)
           ^^^^^^^^^^^^^^^^^^^^^^^^^^^^^^
  File "C:\Users\Asus\AppData\Local\Programs\Python\Python314\Mega Downloader\venv\Lib\site-packages\requests\sessions.py", line 784, in send
    r = adapter.send(request, **kwargs)
        ^^^^^^^^^^^^^^^^^^^^^^^^^^^^^^^
  File "C:\Users\Asus\AppData\Local\Programs\Python\Python314\Mega Downloader\venv\Lib\site-packages\requests\adapters.py", line 729, in send
    raise ConnectionError(e, request=request)
requests.exceptions.ConnectionError: SocksHTTPSConnectionPool(host='api.telegram.org', port=443): Max retries exceeded with url: /bot8893611617:***********************************/getMe (Caused by NewConnectionError("SocksHTTPSConnection(host='api.telegram.org', port=443): Failed to establish a new connection: [WinError 10061] No connection could be made because the target machine actively refused it"))

2026-07-10 12:10:44,508 [INFO] MediaDownloaderBot: Bot stopped by user.
2026-07-10 12:10:59,499 [INFO] MediaDownloaderBot: ffmpeg found at: C:\ffmpeg-2026-07-09-git-8de8405796-essentials_build\bin\ffmpeg.EXE
2026-07-10 12:11:00,524 [INFO] MediaDownloaderBot: Download directory: C:\Users\Asus/downloads
2026-07-10 12:11:00,524 [INFO] MediaDownloaderBot: Cookie file: cookies.txt (found)
2026-07-10 12:11:00,525 [INFO] MediaDownloaderBot: Proxy: Not configured
2026-07-10 12:11:00,525 [INFO] MediaDownloaderBot: FFmpeg: Available
2026-07-10 12:11:00,526 [INFO] MediaDownloaderBot: Max file size: 50 MB
2026-07-10 12:11:00,526 [INFO] MediaDownloaderBot: Rate limit: 5 req/30s
2026-07-10 12:11:00,526 [INFO] MediaDownloaderBot: Bot is starting...
2026-07-10 12:11:50,241 [INFO] MediaDownloaderBot: Using cookies from: cookies.txt
2026-07-10 12:12:51,453 [INFO] MediaDownloaderBot: Using cookies from: cookies.txt
2026-07-10 12:13:40,637 [INFO] MediaDownloaderBot: Using cookies from: cookies.txt
2026-07-10 12:14:25,722 [INFO] MediaDownloaderBot: Using cookies from: cookies.txt
2026-07-10 12:50:10,112 [INFO] MediaDownloaderBot: Cleaned up 1 stale user states
2026-07-10 12:50:20,081 [INFO] MediaDownloaderBot: Using cookies from: cookies.txt
